{
  "Small Search Product - CPU - L | MEM - L" : {
    "transaction" : "Small Search Product - CPU - L | MEM - L",
    "sampleCount" : 4950,
    "errorCount" : 341,
    "errorPct" : 6.888889,
    "meanResTime" : 972.2854545454559,
    "medianResTime" : 446.0,
    "minResTime" : 198.0,
    "maxResTime" : 5362.0,
    "pct1ResTime" : 2947.9000000000005,
    "pct2ResTime" : 3225.0,
    "pct3ResTime" : 3298.49,
    "throughput" : 0.452314327938122,
    "receivedKBytesPerSec" : 6.436715226074468,
    "sentKBytesPerSec" : 0.07896734620079265
  },
  "Total" : {
    "transaction" : "Total",
    "sampleCount" : 15040,
    "errorCount" : 1426,
    "errorPct" : 9.481383,
    "meanResTime" : 2252.5886303191487,
    "medianResTime" : 1877.0,
    "minResTime" : 198.0,
    "maxResTime" : 16406.0,
    "pct1ResTime" : 4008.0,
    "pct2ResTime" : 5992.7499999999945,
    "pct3ResTime" : 10749.010000000006,
    "throughput" : 1.37396004060125,
    "receivedKBytesPerSec" : 1957.8356686252869,
    "sentKBytesPerSec" : 0.3068399479464185
  },
  "Update Product - CPU - H | MEM - L" : {
    "transaction" : "Update Product - CPU - H | MEM - L",
    "sampleCount" : 5020,
    "errorCount" : 371,
    "errorPct" : 7.390438,
    "meanResTime" : 3118.4181274900416,
    "medianResTime" : 2512.5,
    "minResTime" : 524.0,
    "maxResTime" : 15998.0,
    "pct1ResTime" : 6493.300000000009,
    "pct2ResTime" : 8853.8,
    "pct3ResTime" : 12618.06,
    "throughput" : 0.4586548256974614,
    "receivedKBytesPerSec" : 63.026974094453664,
    "sentKBytesPerSec" : 0.1457555477419016
  },
  "Large Search Product - CPU - L | MEM - H" : {
    "transaction" : "Large Search Product - CPU - L | MEM - H",
    "sampleCount" : 5070,
    "errorCount" : 714,
    "errorPct" : 14.08284,
    "meanResTime" : 2645.298027613427,
    "medianResTime" : 2124.5,
    "minResTime" : 809.0,
    "maxResTime" : 16406.0,
    "pct1ResTime" : 4220.900000000001,
    "pct2ResTime" : 5375.45,
    "pct3ResTime" : 8817.96,
    "throughput" : 0.4632240742759246,
    "receivedKBytesPerSec" : 1888.6291297736748,
    "sentKBytesPerSec" : 0.08216640092002514
  }
}