"Time","cpu_usage"
2023-06-12 11:33:10,0.600%
2023-06-12 11:33:15,1.20%
2023-06-12 11:33:20,0.800%
2023-06-12 11:33:25,0.800%
2023-06-12 11:33:30,0.800%
2023-06-12 11:33:35,0.800%
2023-06-12 11:33:40,4.80%
2023-06-12 11:33:45,40.0%
2023-06-12 11:33:50,12.6%
2023-06-12 11:33:55,23.6%
2023-06-12 11:34:00,21.6%
2023-06-12 11:34:05,18.2%
2023-06-12 11:34:10,33.8%
2023-06-12 11:34:15,21.4%
2023-06-12 11:34:20,11.2%
2023-06-12 11:34:25,15.8%
2023-06-12 11:34:30,23.2%
2023-06-12 11:34:35,21.6%
2023-06-12 11:34:40,25%
2023-06-12 11:34:45,18.2%
2023-06-12 11:34:50,20.0%
2023-06-12 11:34:55,15.6%
2023-06-12 11:35:00,23.8%
2023-06-12 11:35:05,23.2%
2023-06-12 11:35:10,23.4%
2023-06-12 11:35:15,17.4%
2023-06-12 11:35:20,12.0%
2023-06-12 11:35:25,27.4%
2023-06-12 11:35:30,26.6%
2023-06-12 11:35:35,13.8%
2023-06-12 11:35:40,20.4%
2023-06-12 11:35:45,21.4%
2023-06-12 11:35:50,20.0%
2023-06-12 11:35:55,11.0%
2023-06-12 11:36:00,24.2%
2023-06-12 11:36:05,29.2%
2023-06-12 11:36:10,22.6%
2023-06-12 11:36:15,25.8%
2023-06-12 11:36:20,31.6%
2023-06-12 11:36:25,17.8%
2023-06-12 11:36:30,17.2%
2023-06-12 11:36:35,19.8%
2023-06-12 11:36:40,14.4%
2023-06-12 11:36:45,8.20%
2023-06-12 11:36:50,21.2%
2023-06-12 11:36:55,10.8%
2023-06-12 11:37:00,9.40%
2023-06-12 11:37:05,18.0%
2023-06-12 11:37:10,17.0%
2023-06-12 11:37:15,10%
2023-06-12 11:37:20,16.0%
2023-06-12 11:37:25,23.2%
2023-06-12 11:37:30,18.2%
2023-06-12 11:37:35,17.2%
2023-06-12 11:37:40,22.4%
2023-06-12 11:37:45,11.2%
2023-06-12 11:37:50,16.2%
2023-06-12 11:37:55,12.8%
2023-06-12 11:38:00,8.60%
2023-06-12 11:38:05,17.4%
2023-06-12 11:38:10,12.8%
2023-06-12 11:38:15,18.8%
2023-06-12 11:38:20,26.2%
2023-06-12 11:38:25,14.2%
2023-06-12 11:38:30,14.2%
2023-06-12 11:38:35,18.0%
2023-06-12 11:38:40,10.2%
2023-06-12 11:38:45,6.20%
2023-06-12 11:38:50,12.0%
2023-06-12 11:38:55,19.0%
2023-06-12 11:39:00,25.6%
2023-06-12 11:39:05,13.8%
2023-06-12 11:39:10,27.4%
2023-06-12 11:39:15,25.2%
2023-06-12 11:39:20,13.2%
2023-06-12 11:39:25,16.4%
2023-06-12 11:39:30,16.0%
2023-06-12 11:39:35,16.6%
2023-06-12 11:39:40,15.2%
2023-06-12 11:39:45,11.2%
2023-06-12 11:39:50,7.60%
2023-06-12 11:39:55,16.4%
2023-06-12 11:40:00,12.0%
2023-06-12 11:40:05,22.8%
2023-06-12 11:40:10,22.0%
2023-06-12 11:40:15,9.40%
2023-06-12 11:40:20,14.0%
2023-06-12 11:40:25,18.4%
2023-06-12 11:40:30,10.6%
2023-06-12 11:40:35,16.4%
2023-06-12 11:40:40,11.8%
2023-06-12 11:40:45,8.20%
2023-06-12 11:40:50,25.2%
2023-06-12 11:40:55,13.4%
2023-06-12 11:41:00,12.8%
2023-06-12 11:41:05,15.8%
2023-06-12 11:41:10,10.8%
2023-06-12 11:41:15,1.000%
2023-06-12 11:41:20,1.20%
2023-06-12 11:41:25,5.60%
2023-06-12 11:41:30,1.20%
2023-06-12 11:41:35,12.0%
2023-06-12 11:41:40,10.0%
2023-06-12 11:41:45,5.40%
2023-06-12 11:41:50,14.8%
2023-06-12 11:41:55,1.40%
2023-06-12 11:42:00,3.00%
2023-06-12 11:42:05,9.20%
2023-06-12 11:42:10,7.20%
2023-06-12 11:42:15,7.00%
2023-06-12 11:42:20,9.40%
2023-06-12 11:42:25,3.60%
2023-06-12 11:42:30,4.40%
2023-06-12 11:42:35,1.000%
2023-06-12 11:42:40,6.00%
2023-06-12 11:42:45,2.80%
2023-06-12 11:42:50,4.00%
2023-06-12 11:42:55,7.00%
2023-06-12 11:43:00,8.20%
2023-06-12 11:43:05,12.6%
2023-06-12 11:43:10,2.80%
2023-06-12 11:43:15,10.0%
2023-06-12 11:43:20,1.60%
2023-06-12 11:43:25,6.60%
2023-06-12 11:43:30,3.60%
2023-06-12 11:43:35,5.60%
2023-06-12 11:43:40,5.80%
2023-06-12 11:43:45,3.80%
2023-06-12 11:43:50,6.80%
2023-06-12 11:43:55,3.80%
2023-06-12 11:44:00,5.40%
2023-06-12 11:44:05,7.40%
2023-06-12 11:44:10,11.0%
2023-06-12 11:44:15,2.20%
2023-06-12 11:44:20,9.60%
2023-06-12 11:44:25,0.400%
2023-06-12 11:44:30,0.800%
2023-06-12 11:44:35,1.20%
2023-06-12 11:44:40,0.800%
2023-06-12 11:44:45,3.00%
2023-06-12 11:44:50,0.800%
2023-06-12 11:44:55,2.60%
2023-06-12 11:45:00,5.80%
2023-06-12 11:45:05,0.800%
2023-06-12 11:45:10,2.80%
2023-06-12 11:45:15,1.000%
2023-06-12 11:45:20,1.00%
2023-06-12 11:45:25,0.600%
2023-06-12 11:45:30,2.80%
2023-06-12 11:45:35,1.000%
2023-06-12 11:45:40,1.60%
2023-06-12 11:45:45,6.00%
2023-06-12 11:45:50,4.00%
2023-06-12 11:45:55,1.80%
2023-06-12 11:46:00,0.800%
2023-06-12 11:46:05,4.40%
2023-06-12 11:46:10,0.800%
2023-06-12 11:46:15,4.80%
2023-06-12 11:46:20,0.800%
2023-06-12 11:46:25,5.20%
2023-06-12 11:46:30,0.800%
2023-06-12 11:46:35,0.600%
2023-06-12 11:46:40,4.80%
2023-06-12 11:46:45,0.800%
2023-06-12 11:46:50,1.20%
2023-06-12 11:46:55,3.40%
2023-06-12 11:47:00,1.20%
2023-06-12 11:47:05,1.000%
2023-06-12 11:47:10,2.60%
2023-06-12 11:47:15,0.800%
2023-06-12 11:47:20,4.00%
2023-06-12 11:47:25,13.6%
2023-06-12 11:47:30,6.80%
2023-06-12 11:47:35,10.2%
2023-06-12 11:47:40,15.0%
2023-06-12 11:47:45,9.00%
2023-06-12 11:47:50,13.2%
2023-06-12 11:47:55,18.0%
2023-06-12 11:48:00,11.8%
2023-06-12 11:48:05,14.6%
2023-06-12 11:48:10,6.00%
2023-06-12 11:48:15,11.8%
2023-06-12 11:48:20,20.4%
2023-06-12 11:48:25,13.4%
2023-06-12 11:48:30,6.20%
2023-06-12 11:48:35,18.2%
2023-06-12 11:48:40,13.6%
2023-06-12 11:48:45,11.8%
2023-06-12 11:48:50,10.8%
2023-06-12 11:48:55,19.2%
2023-06-12 11:49:00,11.0%
2023-06-12 11:49:05,14.4%
2023-06-12 11:49:10,24.8%
2023-06-12 11:49:15,16.9%
2023-06-12 11:49:20,18.9%
2023-06-12 11:49:25,16.2%
2023-06-12 11:49:30,13.3%
2023-06-12 11:49:35,10.6%
2023-06-12 11:49:40,14.4%
2023-06-12 11:49:45,4.80%
2023-06-12 11:49:50,13.6%
2023-06-12 11:49:55,14.2%
2023-06-12 11:50:00,8.80%
2023-06-12 11:50:05,18.8%
2023-06-12 11:50:10,27.5%
2023-06-12 11:50:15,19.8%
2023-06-12 11:50:20,8.18%
2023-06-12 11:50:25,16.1%
2023-06-12 11:50:30,11.0%
2023-06-12 11:50:35,8.00%
2023-06-12 11:50:40,21.0%
2023-06-12 11:50:45,7.98%
2023-06-12 11:50:50,21.4%
2023-06-12 11:50:55,18.6%
2023-06-12 11:51:00,9.21%
2023-06-12 11:51:05,7.40%
2023-06-12 11:51:10,26.1%
2023-06-12 11:51:15,15.8%
2023-06-12 11:51:20,10%
2023-06-12 11:51:25,27.8%
2023-06-12 11:51:30,41.0%
2023-06-12 11:51:35,37.4%
2023-06-12 11:51:40,31.8%
2023-06-12 11:51:45,46.2%
2023-06-12 11:51:50,31.0%
2023-06-12 11:51:55,35.2%
2023-06-12 11:52:00,24.8%
2023-06-12 11:52:05,39.8%
2023-06-12 11:52:10,36.0%
2023-06-12 11:52:15,34.4%
2023-06-12 11:52:20,33.4%
2023-06-12 11:52:25,43.2%
2023-06-12 11:52:30,43.8%
2023-06-12 11:52:35,36.8%
2023-06-12 11:52:40,38.0%
2023-06-12 11:52:45,40.0%
2023-06-12 11:52:50,35.8%
2023-06-12 11:52:55,29.6%
2023-06-12 11:53:00,44.4%
2023-06-12 11:53:05,51.2%
2023-06-12 11:53:10,37.8%
2023-06-12 11:53:15,49.4%
2023-06-12 11:53:20,29.2%
2023-06-12 11:53:25,23.6%
2023-06-12 11:53:30,33.8%
2023-06-12 11:53:35,35.2%
2023-06-12 11:53:40,24.4%
2023-06-12 11:53:45,36.6%
2023-06-12 11:53:50,51.6%
2023-06-12 11:53:55,39.4%
2023-06-12 11:54:00,37.4%
2023-06-12 11:54:05,35.2%
2023-06-12 11:54:10,28.4%
2023-06-12 11:54:15,40.0%
2023-06-12 11:54:20,39.4%
2023-06-12 11:54:25,27.4%
2023-06-12 11:54:30,20.2%
2023-06-12 11:54:35,25.8%
2023-06-12 11:54:40,28.6%
2023-06-12 11:54:45,32.6%
2023-06-12 11:54:50,25.4%
2023-06-12 11:54:55,22.4%
2023-06-12 11:55:00,24.2%
2023-06-12 11:55:05,31.0%
2023-06-12 11:55:10,32.6%
2023-06-12 11:55:15,20.8%
2023-06-12 11:55:20,31.8%
2023-06-12 11:55:25,21.8%
2023-06-12 11:55:30,22.4%
2023-06-12 11:55:35,27.8%
2023-06-12 11:55:40,23.8%
2023-06-12 11:55:45,32.6%
2023-06-12 11:55:50,27.8%
2023-06-12 11:55:55,36.6%
2023-06-12 11:56:00,25.2%
2023-06-12 11:56:05,33.2%
2023-06-12 11:56:10,39.0%
2023-06-12 11:56:15,30.8%
2023-06-12 11:56:20,32.6%
2023-06-12 11:56:25,23.2%
2023-06-12 11:56:30,23.6%
2023-06-12 11:56:35,21.2%
2023-06-12 11:56:40,17.6%
2023-06-12 11:56:45,31.4%
2023-06-12 11:56:50,27.6%
2023-06-12 11:56:55,26.4%
2023-06-12 11:57:00,29.4%
2023-06-12 11:57:05,19.2%
2023-06-12 11:57:10,27.0%
2023-06-12 11:57:15,23.8%
2023-06-12 11:57:20,30.2%
2023-06-12 11:57:25,33.2%
2023-06-12 11:57:30,32.0%
2023-06-12 11:57:35,36.6%
2023-06-12 11:57:40,25.8%
2023-06-12 11:57:45,32.2%
2023-06-12 11:57:50,15.8%
2023-06-12 11:57:55,19.2%
2023-06-12 11:58:00,33.6%
2023-06-12 11:58:05,29.6%
2023-06-12 11:58:10,16.2%
2023-06-12 11:58:15,34.8%
2023-06-12 11:58:20,33.6%
2023-06-12 11:58:25,24.8%
2023-06-12 11:58:30,20.8%
2023-06-12 11:58:35,25.2%
2023-06-12 11:58:40,25.2%
2023-06-12 11:58:45,35.0%
2023-06-12 11:58:50,33.8%
2023-06-12 11:58:55,24.6%
2023-06-12 11:59:00,27.0%
2023-06-12 11:59:05,31.8%
2023-06-12 11:59:10,28.2%
2023-06-12 11:59:15,22.8%
2023-06-12 11:59:20,23.0%
2023-06-12 11:59:25,25.4%
2023-06-12 11:59:30,13.2%
2023-06-12 11:59:35,21.4%
2023-06-12 11:59:40,36.4%
2023-06-12 11:59:45,31.6%
2023-06-12 11:59:50,24.4%
2023-06-12 11:59:55,42.2%
2023-06-12 12:00:00,26.8%
2023-06-12 12:00:05,34.2%
2023-06-12 12:00:10,16.4%
2023-06-12 12:00:15,13.4%
2023-06-12 12:00:20,23.4%
2023-06-12 12:00:25,15.6%
2023-06-12 12:00:30,17.2%
2023-06-12 12:00:35,21.8%
2023-06-12 12:00:40,20.0%
2023-06-12 12:00:45,13.0%
2023-06-12 12:00:50,18.8%
2023-06-12 12:00:55,30.4%
2023-06-12 12:01:00,14.6%
2023-06-12 12:01:05,26.8%
2023-06-12 12:01:10,14.8%
2023-06-12 12:01:15,22.2%
2023-06-12 12:01:20,21.8%
2023-06-12 12:01:25,18.6%
2023-06-12 12:01:30,29.0%
2023-06-12 12:01:35,30.8%
2023-06-12 12:01:40,35.8%
2023-06-12 12:01:45,14.6%
2023-06-12 12:01:50,10.0%
2023-06-12 12:01:55,5.80%
2023-06-12 12:02:00,12.2%
2023-06-12 12:02:05,6.40%
2023-06-12 12:02:10,14.0%
2023-06-12 12:02:15,14.2%
2023-06-12 12:02:20,2.20%
2023-06-12 12:02:25,13.6%
2023-06-12 12:02:30,14.6%
2023-06-12 12:02:35,8.60%
2023-06-12 12:02:40,10.6%
2023-06-12 12:02:45,16.2%
2023-06-12 12:02:50,18.0%
2023-06-12 12:02:55,12.0%
2023-06-12 12:03:00,15.4%
2023-06-12 12:03:05,15.6%
2023-06-12 12:03:10,10.6%
2023-06-12 12:03:15,16.4%
2023-06-12 12:03:20,16.6%
2023-06-12 12:03:25,16.2%
2023-06-12 12:03:30,8.80%
2023-06-12 12:03:35,13.6%
2023-06-12 12:03:40,8.00%
2023-06-12 12:03:45,9.40%
2023-06-12 12:03:50,15.0%
2023-06-12 12:03:55,12.2%
2023-06-12 12:04:00,10.8%
2023-06-12 12:04:05,10.8%
2023-06-12 12:04:10,19.0%
2023-06-12 12:04:15,11.8%
2023-06-12 12:04:20,7.20%
2023-06-12 12:04:25,11.4%
2023-06-12 12:04:30,22.8%
2023-06-12 12:04:35,19.0%
2023-06-12 12:04:40,17.2%
2023-06-12 12:04:45,8.40%
2023-06-12 12:04:50,13.2%
2023-06-12 12:04:55,15.2%
2023-06-12 12:05:00,8.00%
2023-06-12 12:05:05,14.4%
2023-06-12 12:05:10,21.6%
2023-06-12 12:05:15,19.6%
2023-06-12 12:05:20,23.0%
2023-06-12 12:05:25,18.8%
2023-06-12 12:05:30,17.2%
2023-06-12 12:05:35,18.8%
2023-06-12 12:05:40,15.0%
2023-06-12 12:05:45,14.2%
2023-06-12 12:05:50,17.6%
2023-06-12 12:05:55,12.0%
2023-06-12 12:06:00,13.8%
2023-06-12 12:06:05,17.8%
2023-06-12 12:06:10,17.0%
2023-06-12 12:06:15,15.4%
2023-06-12 12:06:20,29.0%
2023-06-12 12:06:25,16.8%
2023-06-12 12:06:30,19.2%
2023-06-12 12:06:35,23.6%
2023-06-12 12:06:40,14.4%
2023-06-12 12:06:45,22.8%
2023-06-12 12:06:50,26.8%
2023-06-12 12:06:55,9.40%
2023-06-12 12:07:00,19.4%
2023-06-12 12:07:05,17.4%
2023-06-12 12:07:10,11.2%
2023-06-12 12:07:15,23.2%
2023-06-12 12:07:20,19.4%
2023-06-12 12:07:25,21.0%
2023-06-12 12:07:30,29.4%
2023-06-12 12:07:35,15.6%
2023-06-12 12:07:40,14.4%
2023-06-12 12:07:45,19.4%
2023-06-12 12:07:50,15.0%
2023-06-12 12:07:55,18.6%
2023-06-12 12:08:00,22.8%
2023-06-12 12:08:05,29.4%
2023-06-12 12:08:10,29.6%
2023-06-12 12:08:15,25.8%
2023-06-12 12:08:20,28.6%
2023-06-12 12:08:25,26.8%
2023-06-12 12:08:30,30.4%
2023-06-12 12:08:35,25.6%
2023-06-12 12:08:40,22.2%
2023-06-12 12:08:45,28.2%
2023-06-12 12:08:50,23.6%
2023-06-12 12:08:55,23.8%
2023-06-12 12:09:00,15.8%
2023-06-12 12:09:05,26.2%
2023-06-12 12:09:10,25.8%
2023-06-12 12:09:15,20.8%
2023-06-12 12:09:20,15.4%
2023-06-12 12:09:25,23.0%
2023-06-12 12:09:30,19.8%
2023-06-12 12:09:35,20.0%
2023-06-12 12:09:40,9.40%
2023-06-12 12:09:45,3.80%
2023-06-12 12:09:50,0.600%
2023-06-12 12:09:55,4.40%
2023-06-12 12:10:00,3.40%
2023-06-12 12:10:05,5.20%
2023-06-12 12:10:10,6.80%
2023-06-12 12:10:15,3.40%
2023-06-12 12:10:20,4.40%
2023-06-12 12:10:25,8.40%
2023-06-12 12:10:30,4.80%
2023-06-12 12:10:35,5.80%
2023-06-12 12:10:40,6.60%
2023-06-12 12:10:45,6.80%
2023-06-12 12:10:50,3.60%
2023-06-12 12:10:55,1.00%
2023-06-12 12:11:00,3.60%
2023-06-12 12:11:05,3.40%
2023-06-12 12:11:10,6.00%
2023-06-12 12:11:15,10.8%
2023-06-12 12:11:20,5.40%
2023-06-12 12:11:25,5.80%
2023-06-12 12:11:30,3.00%
2023-06-12 12:11:35,3.20%
2023-06-12 12:11:40,4.00%
2023-06-12 12:11:45,5.40%
2023-06-12 12:11:50,1.80%
2023-06-12 12:11:55,5.40%
2023-06-12 12:12:00,1.20%
2023-06-12 12:12:05,9.40%
2023-06-12 12:12:10,3.80%
2023-06-12 12:12:15,1.00%
2023-06-12 12:12:20,0.800%
2023-06-12 12:12:25,3.80%
2023-06-12 12:12:30,4.40%
2023-06-12 12:12:35,3.40%
2023-06-12 12:12:40,0.600%
2023-06-12 12:12:45,3.40%
2023-06-12 12:12:50,0.800%
2023-06-12 12:12:55,1.000%
2023-06-12 12:13:00,4.00%
2023-06-12 12:13:05,0.800%
2023-06-12 12:13:10,4.40%
2023-06-12 12:13:15,5.00%
2023-06-12 12:13:20,0.600%
2023-06-12 12:13:25,1.000%
2023-06-12 12:13:30,1.00%
2023-06-12 12:13:35,3.20%
2023-06-12 12:13:40,5.80%
2023-06-12 12:13:45,3.80%
2023-06-12 12:13:50,7.20%
2023-06-12 12:13:55,3.40%
2023-06-12 12:14:00,2.80%
2023-06-12 12:14:05,4.40%
2023-06-12 12:14:10,3.80%
2023-06-12 12:14:15,7.40%
2023-06-12 12:14:20,10.6%
2023-06-12 12:14:25,5.00%
2023-06-12 12:14:30,5.60%
2023-06-12 12:14:35,17.8%
2023-06-12 12:14:40,3.80%
2023-06-12 12:14:45,3.80%
2023-06-12 12:14:50,8.40%
2023-06-12 12:14:55,9.40%
2023-06-12 12:15:00,10.0%
2023-06-12 12:15:05,12.4%
2023-06-12 12:15:10,16.0%
2023-06-12 12:15:15,7.00%
2023-06-12 12:15:20,9.80%
2023-06-12 12:15:25,5.20%
2023-06-12 12:15:30,4.20%
2023-06-12 12:15:35,7.20%
2023-06-12 12:15:40,5.80%
2023-06-12 12:15:45,1.000%
2023-06-12 12:15:50,13.0%
2023-06-12 12:15:55,7.60%
2023-06-12 12:16:00,1.00%
2023-06-12 12:16:05,3.40%
2023-06-12 12:16:10,9.40%
2023-06-12 12:16:15,7.00%
2023-06-12 12:16:20,1.40%
2023-06-12 12:16:25,8.00%
2023-06-12 12:16:30,7.40%
2023-06-12 12:16:35,6.60%
2023-06-12 12:16:40,9.80%
2023-06-12 12:16:45,3.80%
2023-06-12 12:16:50,6.20%
2023-06-12 12:16:55,3.60%
2023-06-12 12:17:00,8.40%
2023-06-12 12:17:05,14.4%
2023-06-12 12:17:10,5.00%
2023-06-12 12:17:15,3.20%
2023-06-12 12:17:20,9.60%
2023-06-12 12:17:25,13.8%
2023-06-12 12:17:30,5.20%
2023-06-12 12:17:35,9.60%
2023-06-12 12:17:40,7.20%
2023-06-12 12:17:45,2.00%
2023-06-12 12:17:50,8.20%
2023-06-12 12:17:55,10.2%
2023-06-12 12:18:00,5.80%
2023-06-12 12:18:05,11.2%
2023-06-12 12:18:10,7.00%
2023-06-12 12:18:15,1.40%
2023-06-12 12:18:20,3.60%
2023-06-12 12:18:25,4.60%
2023-06-12 12:18:30,9.00%
2023-06-12 12:18:35,6.60%
2023-06-12 12:18:40,6.00%
2023-06-12 12:18:45,3.80%
2023-06-12 12:18:50,12.4%
2023-06-12 12:18:55,20.6%
2023-06-12 12:19:00,36.0%
2023-06-12 12:19:05,29.8%
2023-06-12 12:19:10,36.2%
2023-06-12 12:19:15,31.8%
2023-06-12 12:19:20,27.8%
2023-06-12 12:19:25,38.2%
2023-06-12 12:19:30,42.0%
2023-06-12 12:19:35,47.8%
2023-06-12 12:19:40,29.0%
2023-06-12 12:19:45,26.8%
2023-06-12 12:19:50,22.0%
2023-06-12 12:19:55,32.4%
2023-06-12 12:20:00,35.2%
2023-06-12 12:20:05,38.8%
2023-06-12 12:20:10,26.0%
2023-06-12 12:20:15,34.0%
2023-06-12 12:20:20,39.6%
2023-06-12 12:20:25,46.2%
2023-06-12 12:20:30,11.4%
2023-06-12 12:20:35,1.20%
2023-06-12 12:20:40,5.80%
2023-06-12 12:20:45,8.00%
2023-06-12 12:20:50,5.20%
2023-06-12 12:20:55,12.8%
2023-06-12 12:21:00,10.8%
2023-06-12 12:21:05,3.40%
2023-06-12 12:21:10,7.80%
2023-06-12 12:21:15,6.80%
2023-06-12 12:21:20,9.80%
2023-06-12 12:21:25,5.20%
2023-06-12 12:21:30,12.0%
2023-06-12 12:21:35,11.8%
2023-06-12 12:21:40,8.00%
2023-06-12 12:21:45,1.20%
2023-06-12 12:21:50,12.4%
2023-06-12 12:21:55,8.80%
2023-06-12 12:22:00,4.00%
2023-06-12 12:22:05,10.6%
2023-06-12 12:22:10,14.0%
2023-06-12 12:22:15,10.0%
2023-06-12 12:22:20,6.00%
2023-06-12 12:22:25,7.40%
2023-06-12 12:22:30,6.00%
2023-06-12 12:22:35,12.6%
2023-06-12 12:22:40,5.60%
2023-06-12 12:22:45,8.20%
2023-06-12 12:22:50,9.20%
2023-06-12 12:22:55,6.20%
2023-06-12 12:23:00,7.20%
2023-06-12 12:23:05,7.20%
2023-06-12 12:23:10,14.0%
2023-06-12 12:23:15,13.8%
2023-06-12 12:23:20,7.80%
2023-06-12 12:23:25,12.0%
2023-06-12 12:23:30,13.0%
2023-06-12 12:23:35,5.80%
2023-06-12 12:23:40,9.40%
2023-06-12 12:23:45,12.0%
2023-06-12 12:23:50,1.00%
2023-06-12 12:23:55,9.00%
2023-06-12 12:24:00,5.80%
2023-06-12 12:24:05,8.80%
2023-06-12 12:24:10,6.20%
2023-06-12 12:24:15,12.2%
2023-06-12 12:24:20,32.2%
2023-06-12 12:24:25,32.2%
2023-06-12 12:24:30,39.0%
2023-06-12 12:24:35,42.4%
2023-06-12 12:24:40,29.0%
2023-06-12 12:24:45,30.0%
2023-06-12 12:24:50,24.4%
2023-06-12 12:24:55,25.0%
2023-06-12 12:25:00,39.6%
2023-06-12 12:25:05,35.6%
2023-06-12 12:25:10,22.0%
2023-06-12 12:25:15,23.8%
2023-06-12 12:25:20,34.0%
2023-06-12 12:25:25,19.6%
2023-06-12 12:25:30,33.2%
2023-06-12 12:25:35,29.2%
2023-06-12 12:25:40,31.0%
2023-06-12 12:25:45,23.6%
2023-06-12 12:25:50,25.6%
2023-06-12 12:25:55,23.6%
2023-06-12 12:26:00,19.6%
2023-06-12 12:26:05,37.6%
2023-06-12 12:26:10,18.0%
2023-06-12 12:26:15,28.8%
2023-06-12 12:26:20,18.4%
2023-06-12 12:26:25,20.4%
2023-06-12 12:26:30,39.0%
2023-06-12 12:26:35,24.4%
2023-06-12 12:26:40,33.4%
2023-06-12 12:26:45,16.8%
2023-06-12 12:26:50,31.2%
2023-06-12 12:26:55,30.0%
2023-06-12 12:27:00,25.0%
2023-06-12 12:27:05,28.4%
2023-06-12 12:27:10,16.0%
2023-06-12 12:27:15,27.2%
2023-06-12 12:27:20,24.8%
2023-06-12 12:27:25,21.8%
2023-06-12 12:27:30,29.8%
2023-06-12 12:27:35,21.4%
2023-06-12 12:27:40,29.6%
2023-06-12 12:27:45,23.8%
2023-06-12 12:27:50,24.8%
2023-06-12 12:27:55,26.8%
2023-06-12 12:28:00,24.6%
2023-06-12 12:28:05,32.6%
2023-06-12 12:28:10,30.2%
2023-06-12 12:28:15,28.2%
2023-06-12 12:28:20,18.8%
2023-06-12 12:28:25,21.0%
2023-06-12 12:28:30,26.8%
2023-06-12 12:28:35,31.0%
2023-06-12 12:28:40,24.2%
2023-06-12 12:28:45,20.0%
2023-06-12 12:28:50,16.0%
2023-06-12 12:28:55,22.8%
2023-06-12 12:29:00,34.2%
2023-06-12 12:29:05,18.0%
2023-06-12 12:29:10,27.0%
2023-06-12 12:29:15,24.2%
2023-06-12 12:29:20,22.0%
2023-06-12 12:29:25,12.0%
2023-06-12 12:29:30,26.4%
2023-06-12 12:29:35,21.2%
2023-06-12 12:29:40,26.2%
2023-06-12 12:29:45,14.4%
2023-06-12 12:29:50,20.0%
2023-06-12 12:29:55,18.6%
2023-06-12 12:30:00,19.6%
2023-06-12 12:30:05,28.4%
2023-06-12 12:30:10,33.4%
2023-06-12 12:30:15,32.6%
2023-06-12 12:30:20,50.0%
2023-06-12 12:30:25,37.2%
2023-06-12 12:30:30,29.0%
2023-06-12 12:30:35,31.4%
2023-06-12 12:30:40,29.8%
2023-06-12 12:30:45,28.8%
2023-06-12 12:30:50,32.0%
2023-06-12 12:30:55,17.6%
2023-06-12 12:31:00,33.6%
2023-06-12 12:31:05,36.8%
2023-06-12 12:31:10,35.2%
2023-06-12 12:31:15,41.8%
2023-06-12 12:31:20,31.2%
2023-06-12 12:31:25,33.6%
2023-06-12 12:31:30,43.8%
2023-06-12 12:31:35,42.6%
2023-06-12 12:31:40,45.8%
2023-06-12 12:31:45,39.4%
2023-06-12 12:31:50,34.8%
2023-06-12 12:31:55,25.4%
2023-06-12 12:32:00,32.2%
2023-06-12 12:32:05,33.8%
2023-06-12 12:32:10,37.2%
2023-06-12 12:32:15,27.4%
2023-06-12 12:32:20,24.0%
2023-06-12 12:32:25,30.8%
2023-06-12 12:32:30,33.0%
2023-06-12 12:32:35,35.4%
2023-06-12 12:32:40,34.2%
2023-06-12 12:32:45,29.0%
2023-06-12 12:32:50,16.4%
2023-06-12 12:32:55,31.2%
2023-06-12 12:33:00,22.8%
2023-06-12 12:33:05,18.0%
2023-06-12 12:33:10,28.0%
2023-06-12 12:33:15,28.8%
2023-06-12 12:33:20,19.2%
2023-06-12 12:33:25,35.2%
2023-06-12 12:33:30,33.2%
2023-06-12 12:33:35,23.2%
2023-06-12 12:33:40,36.6%
2023-06-12 12:33:45,33.8%
2023-06-12 12:33:50,36.6%
2023-06-12 12:33:55,31.2%
2023-06-12 12:34:00,38.4%
2023-06-12 12:34:05,39.2%
2023-06-12 12:34:10,34.2%
2023-06-12 12:34:15,37.8%
2023-06-12 12:34:20,5.00%
2023-06-12 12:34:25,1.20%
2023-06-12 12:34:30,7.20%
2023-06-12 12:34:35,10.6%
2023-06-12 12:34:40,10.6%
2023-06-12 12:34:45,9.00%
2023-06-12 12:34:50,10.8%
2023-06-12 12:34:55,6.20%
2023-06-12 12:35:00,7.00%
2023-06-12 12:35:05,4.60%
2023-06-12 12:35:10,10.6%
2023-06-12 12:35:15,3.80%
2023-06-12 12:35:20,4.20%
2023-06-12 12:35:25,7.40%
2023-06-12 12:35:30,7.80%
2023-06-12 12:35:35,5.60%
2023-06-12 12:35:40,6.20%
2023-06-12 12:35:45,0.800%
2023-06-12 12:35:50,8.40%
2023-06-12 12:35:55,5.40%
2023-06-12 12:36:00,11.0%
2023-06-12 12:36:05,6.20%
2023-06-12 12:36:10,11.0%
2023-06-12 12:36:15,8.60%
2023-06-12 12:36:20,6.80%
2023-06-12 12:36:25,7.20%
2023-06-12 12:36:30,2.40%
2023-06-12 12:36:35,3.20%
2023-06-12 12:36:40,5.40%
2023-06-12 12:36:45,9.00%
2023-06-12 12:36:50,9.80%
2023-06-12 12:36:55,10.2%
2023-06-12 12:37:00,9.80%
2023-06-12 12:37:05,6.40%
2023-06-12 12:37:10,6.19%
2023-06-12 12:37:15,4.41%
2023-06-12 12:37:20,11.4%
2023-06-12 12:37:25,7.00%
2023-06-12 12:37:30,1.20%
2023-06-12 12:37:35,3.40%
2023-06-12 12:37:40,7.59%
2023-06-12 12:37:45,7.40%
2023-06-12 12:37:50,2.19%
2023-06-12 12:37:55,14.0%
2023-06-12 12:38:00,8.99%
2023-06-12 12:38:05,3.80%
2023-06-12 12:38:10,3.40%
2023-06-12 12:38:15,6.20%
2023-06-12 12:38:20,12.8%
2023-06-12 12:38:25,11.6%
2023-06-12 12:38:30,8.00%
2023-06-12 12:38:35,7.21%
2023-06-12 12:38:40,4.20%
2023-06-12 12:38:45,3.19%
2023-06-12 12:38:50,11.0%
2023-06-12 12:38:55,13.6%
2023-06-12 12:39:00,8.57%
2023-06-12 12:39:05,4.80%
2023-06-12 12:39:10,9.63%
2023-06-12 12:39:15,15.2%
2023-06-12 12:39:20,15.0%
2023-06-12 12:39:25,8.39%
2023-06-12 12:39:30,12.4%
2023-06-12 12:39:35,9.79%
2023-06-12 12:39:40,3.40%
2023-06-12 12:39:45,10.2%
2023-06-12 12:39:50,10.6%
2023-06-12 12:39:55,4.20%
2023-06-12 12:40:00,8.17%
2023-06-12 12:40:05,12.7%
2023-06-12 12:40:10,1.20%
2023-06-12 12:40:15,7.00%
2023-06-12 12:40:20,11.6%
2023-06-12 12:40:25,12.6%
2023-06-12 12:40:30,8.40%
2023-06-12 12:40:35,10.0%
2023-06-12 12:40:40,7.40%
2023-06-12 12:40:45,1.000%
2023-06-12 12:40:50,6.20%
2023-06-12 12:40:55,7.60%
2023-06-12 12:41:00,7.40%
2023-06-12 12:41:05,8.40%
2023-06-12 12:41:10,3.60%
2023-06-12 12:41:15,10.00%
2023-06-12 12:41:20,12.0%
2023-06-12 12:41:25,27.8%
2023-06-12 12:41:30,35.0%
2023-06-12 12:41:35,28.8%
2023-06-12 12:41:40,31.8%
2023-06-12 12:41:45,40.4%
2023-06-12 12:41:50,30.0%
2023-06-12 12:41:55,29.0%
2023-06-12 12:42:00,35.8%
2023-06-12 12:42:05,32.2%
2023-06-12 12:42:10,29.0%
2023-06-12 12:42:15,24.0%
2023-06-12 12:42:20,28.4%
2023-06-12 12:42:25,21.2%
2023-06-12 12:42:30,23.4%
2023-06-12 12:42:35,33.8%
2023-06-12 12:42:40,33.8%
2023-06-12 12:42:45,33.0%
2023-06-12 12:42:50,24.0%
2023-06-12 12:42:55,32.4%
2023-06-12 12:43:00,42.4%
2023-06-12 12:43:05,31.8%
2023-06-12 12:43:10,26.6%
2023-06-12 12:43:15,42.6%
2023-06-12 12:43:20,27.8%
2023-06-12 12:43:25,42.0%
2023-06-12 12:43:30,36.2%
2023-06-12 12:43:35,45.2%
2023-06-12 12:43:40,49.2%
2023-06-12 12:43:45,35.4%
2023-06-12 12:43:50,22.4%
2023-06-12 12:43:55,16.6%
2023-06-12 12:44:00,21.8%
2023-06-12 12:44:05,30.8%
2023-06-12 12:44:10,23.0%
2023-06-12 12:44:15,15.6%
2023-06-12 12:44:20,19.6%
2023-06-12 12:44:25,20.2%
2023-06-12 12:44:30,34.4%
2023-06-12 12:44:35,22.8%
2023-06-12 12:44:40,26.4%
2023-06-12 12:44:45,15.2%
2023-06-12 12:44:50,24.2%
2023-06-12 12:44:55,11.4%
2023-06-12 12:45:00,20.6%
2023-06-12 12:45:05,26.6%
2023-06-12 12:45:10,37.8%
2023-06-12 12:45:15,25.4%
2023-06-12 12:45:20,16.8%
2023-06-12 12:45:25,20.0%
2023-06-12 12:45:30,16.0%
2023-06-12 12:45:35,22.4%
2023-06-12 12:45:40,33.6%
2023-06-12 12:45:45,20.0%
2023-06-12 12:45:50,18.0%
2023-06-12 12:45:55,14.4%
2023-06-12 12:46:00,11.2%
2023-06-12 12:46:05,26.8%
2023-06-12 12:46:10,12.6%
2023-06-12 12:46:15,19.6%
2023-06-12 12:46:20,12.8%
2023-06-12 12:46:25,26.8%
2023-06-12 12:46:30,22.2%
2023-06-12 12:46:35,11.8%
2023-06-12 12:46:40,2.60%
2023-06-12 12:46:45,17.0%
2023-06-12 12:46:50,17.8%
2023-06-12 12:46:55,24.6%
2023-06-12 12:47:00,21.2%
2023-06-12 12:47:05,23.8%
2023-06-12 12:47:10,25.4%
2023-06-12 12:47:15,18.0%
2023-06-12 12:47:20,21.0%
2023-06-12 12:47:25,4.80%
2023-06-12 12:47:30,3.60%
2023-06-12 12:47:35,7.80%
2023-06-12 12:47:40,5.80%
2023-06-12 12:47:45,3.40%
2023-06-12 12:47:50,7.80%
2023-06-12 12:47:55,13.0%
2023-06-12 12:48:00,10.4%
2023-06-12 12:48:05,8.80%
2023-06-12 12:48:10,6.80%
2023-06-12 12:48:15,13.0%
2023-06-12 12:48:20,11.6%
2023-06-12 12:48:25,11.6%
2023-06-12 12:48:30,4.40%
2023-06-12 12:48:35,14.4%
2023-06-12 12:48:40,4.00%
2023-06-12 12:48:45,11.2%
2023-06-12 12:48:50,1.00%
2023-06-12 12:48:55,9.60%
2023-06-12 12:49:00,9.60%
2023-06-12 12:49:05,7.40%
2023-06-12 12:49:10,1.20%
2023-06-12 12:49:15,9.60%
2023-06-12 12:49:20,10.4%
2023-06-12 12:49:25,9.20%
2023-06-12 12:49:30,12.0%
2023-06-12 12:49:35,7.20%
2023-06-12 12:49:40,18.2%
2023-06-12 12:49:45,12.2%
2023-06-12 12:49:50,3.80%
2023-06-12 12:49:55,5.40%
2023-06-12 12:50:00,6.40%
2023-06-12 12:50:05,7.80%
2023-06-12 12:50:10,10.6%
2023-06-12 12:50:15,8.40%
2023-06-12 12:50:20,7.40%
2023-06-12 12:50:25,6.20%
2023-06-12 12:50:30,6.20%
2023-06-12 12:50:35,15.6%
2023-06-12 12:50:40,4.40%
2023-06-12 12:50:45,7.80%
2023-06-12 12:50:50,8.40%
2023-06-12 12:50:55,8.40%
2023-06-12 12:51:00,8.40%
2023-06-12 12:51:05,7.60%
2023-06-12 12:51:10,6.00%
2023-06-12 12:51:15,6.20%
2023-06-12 12:51:20,7.20%
2023-06-12 12:51:25,13.0%
2023-06-12 12:51:30,6.80%
2023-06-12 12:51:35,3.40%
2023-06-12 12:51:40,4.40%
2023-06-12 12:51:45,10.2%
2023-06-12 12:51:50,6.20%
2023-06-12 12:51:55,8.80%
2023-06-12 12:52:00,4.80%
2023-06-12 12:52:05,4.00%
2023-06-12 12:52:10,3.60%
2023-06-12 12:52:15,3.40%
2023-06-12 12:52:20,4.00%
2023-06-12 12:52:25,5.20%
2023-06-12 12:52:30,6.60%
2023-06-12 12:52:35,10.4%
2023-06-12 12:52:40,8.60%
2023-06-12 12:52:45,6.40%
2023-06-12 12:52:50,1.000%
2023-06-12 12:52:55,4.60%
2023-06-12 12:53:00,6.00%
2023-06-12 12:53:05,1.60%
2023-06-12 12:53:10,3.00%
2023-06-12 12:53:15,6.60%
2023-06-12 12:53:20,5.20%
2023-06-12 12:53:25,6.20%
2023-06-12 12:53:30,3.80%
2023-06-12 12:53:35,4.20%
2023-06-12 12:53:40,7.00%
2023-06-12 12:53:45,3.60%
2023-06-12 12:53:50,8.20%
2023-06-12 12:53:55,5.80%
2023-06-12 12:54:00,3.60%
2023-06-12 12:54:05,13.2%
2023-06-12 12:54:10,16.6%
2023-06-12 12:54:15,9.20%
2023-06-12 12:54:20,4.80%
2023-06-12 12:54:25,6.40%
2023-06-12 12:54:30,4.20%
2023-06-12 12:54:35,9.60%
2023-06-12 12:54:40,6.20%
2023-06-12 12:54:45,8.40%
2023-06-12 12:54:50,5.40%
2023-06-12 12:54:55,7.40%
2023-06-12 12:55:00,11.8%
2023-06-12 12:55:05,7.20%
2023-06-12 12:55:10,4.80%
2023-06-12 12:55:15,11.6%
2023-06-12 12:55:20,12.8%
2023-06-12 12:55:25,0.800%
2023-06-12 12:55:30,8.20%
2023-06-12 12:55:35,10.00%
2023-06-12 12:55:40,7.40%
2023-06-12 12:55:45,6.40%
2023-06-12 12:55:50,9.20%
2023-06-12 12:55:55,12.0%
2023-06-12 12:56:00,8.60%
2023-06-12 12:56:05,3.80%
2023-06-12 12:56:10,7.20%
2023-06-12 12:56:15,7.40%
2023-06-12 12:56:20,9.60%
2023-06-12 12:56:25,7.00%
2023-06-12 12:56:30,13.0%
2023-06-12 12:56:35,7.60%
2023-06-12 12:56:40,3.80%
2023-06-12 12:56:45,4.00%
2023-06-12 12:56:50,11.6%
2023-06-12 12:56:55,2.20%
2023-06-12 12:57:00,11.0%
2023-06-12 12:57:05,7.20%
2023-06-12 12:57:10,6.80%
2023-06-12 12:57:15,0.600%
2023-06-12 12:57:20,3.80%
2023-06-12 12:57:25,7.80%
2023-06-12 12:57:30,9.00%
2023-06-12 12:57:35,14.0%
2023-06-12 12:57:40,5.80%
2023-06-12 12:57:45,17.6%
2023-06-12 12:57:50,12.2%
2023-06-12 12:57:55,20.0%
2023-06-12 12:58:00,9.00%
2023-06-12 12:58:05,10.8%
2023-06-12 12:58:10,8.60%
2023-06-12 12:58:15,16.6%
2023-06-12 12:58:20,10.2%
2023-06-12 12:58:25,17.2%
2023-06-12 12:58:30,21.6%
2023-06-12 12:58:35,16.8%
2023-06-12 12:58:40,10.8%
2023-06-12 12:58:45,23.0%
2023-06-12 12:58:50,10.8%
2023-06-12 12:58:55,19.2%
2023-06-12 12:59:00,18.0%
2023-06-12 12:59:05,11.8%
2023-06-12 12:59:10,20.2%
2023-06-12 12:59:15,16.0%
2023-06-12 12:59:20,8.00%
2023-06-12 12:59:25,8.00%
2023-06-12 12:59:30,9.60%
2023-06-12 12:59:35,24.4%
2023-06-12 12:59:40,16.2%
2023-06-12 12:59:45,13.2%
2023-06-12 12:59:50,14.2%
2023-06-12 12:59:55,8.00%
2023-06-12 13:00:00,15.6%
2023-06-12 13:00:05,6.60%
2023-06-12 13:00:10,14.2%
2023-06-12 13:00:15,11.6%
2023-06-12 13:00:20,7.00%
2023-06-12 13:00:25,16.8%
2023-06-12 13:00:30,14.8%
2023-06-12 13:00:35,15.2%
2023-06-12 13:00:40,9.60%
2023-06-12 13:00:45,3.80%
2023-06-12 13:00:50,4.40%
2023-06-12 13:00:55,7.40%
2023-06-12 13:01:00,9.80%
2023-06-12 13:01:05,16.2%
2023-06-12 13:01:10,11.0%
2023-06-12 13:01:15,12.2%
2023-06-12 13:01:20,17.4%
2023-06-12 13:01:25,11.8%
2023-06-12 13:01:30,13.2%
2023-06-12 13:01:35,14.6%
2023-06-12 13:01:40,26.0%
2023-06-12 13:01:45,45.6%
2023-06-12 13:01:50,38.0%
2023-06-12 13:01:55,33.6%
2023-06-12 13:02:00,35.0%
2023-06-12 13:02:05,38.4%
2023-06-12 13:02:10,33.4%
2023-06-12 13:02:15,33.4%
2023-06-12 13:02:20,45.2%
2023-06-12 13:02:25,38.2%
2023-06-12 13:02:30,49.4%
2023-06-12 13:02:35,46.0%
2023-06-12 13:02:40,30.6%
2023-06-12 13:02:45,36.2%
2023-06-12 13:02:50,41.0%
2023-06-12 13:02:55,26.6%
2023-06-12 13:03:00,41.4%
2023-06-12 13:03:05,45.0%
2023-06-12 13:03:10,24.0%
2023-06-12 13:03:15,23.8%
2023-06-12 13:03:20,20.8%
2023-06-12 13:03:25,36.4%
2023-06-12 13:03:30,40.8%
2023-06-12 13:03:35,40.6%
2023-06-12 13:03:40,36.0%
2023-06-12 13:03:45,45.2%
2023-06-12 13:03:50,26.0%
2023-06-12 13:03:55,31.2%
2023-06-12 13:04:00,39.2%
2023-06-12 13:04:05,36.4%
2023-06-12 13:04:10,43.4%
2023-06-12 13:04:15,37.4%
2023-06-12 13:04:20,48.0%
2023-06-12 13:04:25,29.8%
2023-06-12 13:04:30,33.8%
2023-06-12 13:04:35,25.2%
2023-06-12 13:04:40,28.8%
2023-06-12 13:04:45,33.6%
2023-06-12 13:04:50,36.2%
2023-06-12 13:04:55,21.2%
2023-06-12 13:05:00,44.8%
2023-06-12 13:05:05,41.6%
2023-06-12 13:05:10,33.2%
2023-06-12 13:05:15,28.0%
2023-06-12 13:05:20,27.8%
2023-06-12 13:05:25,40.6%
2023-06-12 13:05:30,31.4%
2023-06-12 13:05:35,47.6%
2023-06-12 13:05:40,27.8%
2023-06-12 13:05:45,28.6%
2023-06-12 13:05:50,21.2%
2023-06-12 13:05:55,22.2%
2023-06-12 13:06:00,29.4%
2023-06-12 13:06:05,29.0%
2023-06-12 13:06:10,22.4%
2023-06-12 13:06:15,30.0%
2023-06-12 13:06:20,27.2%
2023-06-12 13:06:25,24.2%
2023-06-12 13:06:30,33.4%
2023-06-12 13:06:35,46.2%
2023-06-12 13:06:40,29.2%
2023-06-12 13:06:45,33.0%
2023-06-12 13:06:50,26.8%
2023-06-12 13:06:55,44.8%
2023-06-12 13:07:00,34.4%
2023-06-12 13:07:05,9.00%
2023-06-12 13:07:10,8.00%
2023-06-12 13:07:15,2.80%
2023-06-12 13:07:20,3.20%
2023-06-12 13:07:25,7.80%
2023-06-12 13:07:30,8.00%
2023-06-12 13:07:35,0.800%
2023-06-12 13:07:40,2.60%
2023-06-12 13:07:45,3.80%
2023-06-12 13:07:50,2.40%
2023-06-12 13:07:55,6.20%
2023-06-12 13:08:00,1.20%
2023-06-12 13:08:05,3.80%
2023-06-12 13:08:10,3.20%
2023-06-12 13:08:15,5.00%
2023-06-12 13:08:20,4.00%
2023-06-12 13:08:25,8.60%
2023-06-12 13:08:30,11.6%
2023-06-12 13:08:35,4.80%
2023-06-12 13:08:40,2.20%
2023-06-12 13:08:45,4.80%
2023-06-12 13:08:50,8.80%
2023-06-12 13:08:55,5.60%
2023-06-12 13:09:00,2.40%
2023-06-12 13:09:05,7.00%
2023-06-12 13:09:10,6.60%
2023-06-12 13:09:15,4.60%
2023-06-12 13:09:20,0.800%
2023-06-12 13:09:25,9.80%
2023-06-12 13:09:30,1.00%
2023-06-12 13:09:35,11.4%
2023-06-12 13:09:40,6.60%
2023-06-12 13:09:45,1.20%
2023-06-12 13:09:50,3.40%
2023-06-12 13:09:55,16.2%
2023-06-12 13:10:00,4.00%
2023-06-12 13:10:05,9.00%
2023-06-12 13:10:10,6.20%
2023-06-12 13:10:15,7.60%
2023-06-12 13:10:20,4.80%
2023-06-12 13:10:25,11.6%
2023-06-12 13:10:30,7.60%
2023-06-12 13:10:35,3.20%
2023-06-12 13:10:40,6.20%
2023-06-12 13:10:45,1.00%
2023-06-12 13:10:50,7.00%
2023-06-12 13:10:55,14.8%
2023-06-12 13:11:00,21.6%
2023-06-12 13:11:05,17.8%
2023-06-12 13:11:10,13.6%
2023-06-12 13:11:15,15.0%
2023-06-12 13:11:20,14.0%
2023-06-12 13:11:25,19.8%
2023-06-12 13:11:30,13.6%
2023-06-12 13:11:35,12.8%
2023-06-12 13:11:40,14.0%
2023-06-12 13:11:45,14.8%
2023-06-12 13:11:50,16.2%
2023-06-12 13:11:55,17.6%
2023-06-12 13:12:00,14.6%
2023-06-12 13:12:05,11.4%
2023-06-12 13:12:10,17.2%
2023-06-12 13:12:15,17.4%
2023-06-12 13:12:20,14.6%
2023-06-12 13:12:25,23.0%
2023-06-12 13:12:30,25.4%
2023-06-12 13:12:35,30%
2023-06-12 13:12:40,26.4%
2023-06-12 13:12:45,37.2%
2023-06-12 13:12:50,28.6%
2023-06-12 13:12:55,25.8%
2023-06-12 13:13:00,32.6%
2023-06-12 13:13:05,23.8%
2023-06-12 13:13:10,31.0%
2023-06-12 13:13:15,22.2%
2023-06-12 13:13:20,29.6%
2023-06-12 13:13:25,15.8%
2023-06-12 13:13:30,34.4%
2023-06-12 13:13:35,27.6%
2023-06-12 13:13:40,26.8%
2023-06-12 13:13:45,21.4%
2023-06-12 13:13:50,22.4%
2023-06-12 13:13:55,24.4%
2023-06-12 13:14:00,21.6%
2023-06-12 13:14:05,32.8%
2023-06-12 13:14:10,29.4%
2023-06-12 13:14:15,34.8%
2023-06-12 13:14:20,34.8%
2023-06-12 13:14:25,27.6%
2023-06-12 13:14:30,30.4%
2023-06-12 13:14:35,30.6%
2023-06-12 13:14:40,36.2%
2023-06-12 13:14:45,19.6%
2023-06-12 13:14:50,26.8%
2023-06-12 13:14:55,33.6%
2023-06-12 13:15:00,41.0%
2023-06-12 13:15:05,34.8%
2023-06-12 13:15:10,18.6%
2023-06-12 13:15:15,18.0%
2023-06-12 13:15:20,12.6%
2023-06-12 13:15:25,9.80%
2023-06-12 13:15:30,14.8%
2023-06-12 13:15:35,15.2%
2023-06-12 13:15:40,19.8%
2023-06-12 13:15:45,22.2%
2023-06-12 13:15:50,14.4%
2023-06-12 13:15:55,20.8%
2023-06-12 13:16:00,23.0%
2023-06-12 13:16:05,31.2%
2023-06-12 13:16:10,14.4%
2023-06-12 13:16:15,7.20%
2023-06-12 13:16:20,5.80%
2023-06-12 13:16:25,14.2%
2023-06-12 13:16:30,11.0%
2023-06-12 13:16:35,11.8%
2023-06-12 13:16:40,15.8%
2023-06-12 13:16:45,5.40%
2023-06-12 13:16:50,8.80%
2023-06-12 13:16:55,22.6%
2023-06-12 13:17:00,14.6%
2023-06-12 13:17:05,13.4%
2023-06-12 13:17:10,6.40%
2023-06-12 13:17:15,9.20%
2023-06-12 13:17:20,9.00%
2023-06-12 13:17:25,6.20%
2023-06-12 13:17:30,12.2%
2023-06-12 13:17:35,2.40%
2023-06-12 13:17:40,7.20%
2023-06-12 13:17:45,10.2%
2023-06-12 13:17:50,7.40%
2023-06-12 13:17:55,3.60%
2023-06-12 13:18:00,12.8%
2023-06-12 13:18:05,6.20%
2023-06-12 13:18:10,10.0%
2023-06-12 13:18:15,6.60%
2023-06-12 13:18:20,3.80%
2023-06-12 13:18:25,11.4%
2023-06-12 13:18:30,6.80%
2023-06-12 13:18:35,9.40%
2023-06-12 13:18:40,8.60%
2023-06-12 13:18:45,8.80%
2023-06-12 13:18:50,3.40%
2023-06-12 13:18:55,13.2%
2023-06-12 13:19:00,19.6%
2023-06-12 13:19:05,7.80%
2023-06-12 13:19:10,23.2%
2023-06-12 13:19:15,26.0%
2023-06-12 13:19:20,23.8%
2023-06-12 13:19:25,25.4%
2023-06-12 13:19:30,24.8%
2023-06-12 13:19:35,18.0%
2023-06-12 13:19:40,30.6%
2023-06-12 13:19:45,30.2%
2023-06-12 13:19:50,26.0%
2023-06-12 13:19:55,26.8%
2023-06-12 13:20:00,34.6%
2023-06-12 13:20:05,28.6%
2023-06-12 13:20:10,24.4%
2023-06-12 13:20:15,28.0%
2023-06-12 13:20:20,22.6%
2023-06-12 13:20:25,28.4%
2023-06-12 13:20:30,20.2%
2023-06-12 13:20:35,35.0%
2023-06-12 13:20:40,27.4%
2023-06-12 13:20:45,27.6%
2023-06-12 13:20:50,21.8%
2023-06-12 13:20:55,24.0%
2023-06-12 13:21:00,21.6%
2023-06-12 13:21:05,22.8%
2023-06-12 13:21:10,30.4%
2023-06-12 13:21:15,21.0%
2023-06-12 13:21:20,20.4%
2023-06-12 13:21:25,17.2%
2023-06-12 13:21:30,21.0%
2023-06-12 13:21:35,23.0%
2023-06-12 13:21:40,21.8%
2023-06-12 13:21:45,22.6%
2023-06-12 13:21:50,17.6%
2023-06-12 13:21:55,16.6%
2023-06-12 13:22:00,20.2%
2023-06-12 13:22:05,14.4%
2023-06-12 13:22:10,15.6%
2023-06-12 13:22:15,19.2%
2023-06-12 13:22:20,18.8%
2023-06-12 13:22:25,7.60%
2023-06-12 13:22:30,23.0%
2023-06-12 13:22:35,13.4%
2023-06-12 13:22:40,20.0%
2023-06-12 13:22:45,19.8%
2023-06-12 13:22:50,11.8%
2023-06-12 13:22:55,12.8%
2023-06-12 13:23:00,14.0%
2023-06-12 13:23:05,20.0%
2023-06-12 13:23:10,20.6%
2023-06-12 13:23:15,17.0%
2023-06-12 13:23:20,16.4%
2023-06-12 13:23:25,16.2%
2023-06-12 13:23:30,16.6%
2023-06-12 13:23:35,23.8%
2023-06-12 13:23:40,26.2%
2023-06-12 13:23:45,14.0%
2023-06-12 13:23:50,22.6%
2023-06-12 13:23:55,14.6%
2023-06-12 13:24:00,10.0%
2023-06-12 13:24:05,24.4%
2023-06-12 13:24:10,19.2%
2023-06-12 13:24:15,9.20%
2023-06-12 13:24:20,10.4%
2023-06-12 13:24:25,11.6%
2023-06-12 13:24:30,10.0%
2023-06-12 13:24:35,27.0%
2023-06-12 13:24:40,28.2%
2023-06-12 13:24:45,15.0%
2023-06-12 13:24:50,19.6%
2023-06-12 13:24:55,18.6%
2023-06-12 13:25:00,16.6%
2023-06-12 13:25:05,14.4%
2023-06-12 13:25:10,29.6%
2023-06-12 13:25:15,30.3%
2023-06-12 13:25:20,15.2%
2023-06-12 13:25:25,18.7%
2023-06-12 13:25:30,28.0%
2023-06-12 13:25:35,11.6%
2023-06-12 13:25:40,13.8%
2023-06-12 13:25:45,11.2%
2023-06-12 13:25:50,18.6%
2023-06-12 13:25:55,12.6%
2023-06-12 13:26:00,6.82%
2023-06-12 13:26:05,26.4%
2023-06-12 13:26:10,19.8%
2023-06-12 13:26:15,20.4%
2023-06-12 13:26:20,26.7%
2023-06-12 13:26:25,15.2%
2023-06-12 13:26:30,7.82%
2023-06-12 13:26:35,26.8%
2023-06-12 13:26:40,23.6%
2023-06-12 13:26:45,16.8%
2023-06-12 13:26:50,12.4%
2023-06-12 13:26:55,11.0%
2023-06-12 13:27:00,15.8%
2023-06-12 13:27:05,10.6%
2023-06-12 13:27:10,15.6%
2023-06-12 13:27:15,13.6%
2023-06-12 13:27:20,11.8%
2023-06-12 13:27:25,20.3%
2023-06-12 13:27:30,15.4%
2023-06-12 13:27:35,9.58%
2023-06-12 13:27:40,10.2%
2023-06-12 13:27:45,7.21%
2023-06-12 13:27:50,15.6%
2023-06-12 13:27:55,14.6%
2023-06-12 13:28:00,12.8%
2023-06-12 13:28:05,10.2%
2023-06-12 13:28:10,16.1%
2023-06-12 13:28:15,23.1%
2023-06-12 13:28:20,6.79%
2023-06-12 13:28:25,19.8%
2023-06-12 13:28:30,17.8%
2023-06-12 13:28:35,24.7%
2023-06-12 13:28:40,12.8%
2023-06-12 13:28:45,14.6%
2023-06-12 13:28:50,42.0%
2023-06-12 13:28:55,28.5%
2023-06-12 13:29:00,20.4%
2023-06-12 13:29:05,10.2%
2023-06-12 13:29:10,18.6%
2023-06-12 13:29:15,10.8%
2023-06-12 13:29:20,10.2%
2023-06-12 13:29:25,25.0%
2023-06-12 13:29:30,19.0%
2023-06-12 13:29:35,3.40%
2023-06-12 13:29:40,15.2%
2023-06-12 13:29:45,19.6%
2023-06-12 13:29:50,11.8%
2023-06-12 13:29:55,21.6%
2023-06-12 13:30:00,19.4%
2023-06-12 13:30:05,18.0%
2023-06-12 13:30:10,18.0%
2023-06-12 13:30:15,10.8%
2023-06-12 13:30:20,23.4%
2023-06-12 13:30:25,11.6%
2023-06-12 13:30:30,9.80%
2023-06-12 13:30:35,23.8%
2023-06-12 13:30:40,19.2%
2023-06-12 13:30:45,23.2%
2023-06-12 13:30:50,18.2%
2023-06-12 13:30:55,19.4%
2023-06-12 13:31:00,10.6%
2023-06-12 13:31:05,12.4%
2023-06-12 13:31:10,24.6%
2023-06-12 13:31:15,28.0%
2023-06-12 13:31:20,4.00%
2023-06-12 13:31:25,26.8%
2023-06-12 13:31:30,19.8%
2023-06-12 13:31:35,15.2%
2023-06-12 13:31:40,18.2%
2023-06-12 13:31:45,25.6%
2023-06-12 13:31:50,14.8%
2023-06-12 13:31:55,8.80%
2023-06-12 13:32:00,4.00%
2023-06-12 13:32:05,16.2%
2023-06-12 13:32:10,23.0%
2023-06-12 13:32:15,26.0%
2023-06-12 13:32:20,24.0%
2023-06-12 13:32:25,12.4%
2023-06-12 13:32:30,16.4%
2023-06-12 13:32:35,21.4%
2023-06-12 13:32:40,9.60%
2023-06-12 13:32:45,23.0%
2023-06-12 13:32:50,13.4%
2023-06-12 13:32:55,19.8%
2023-06-12 13:33:00,12.2%
2023-06-12 13:33:05,22.8%
2023-06-12 13:33:10,23.2%
2023-06-12 13:33:15,10.8%
2023-06-12 13:33:20,17.6%
2023-06-12 13:33:25,16.2%
2023-06-12 13:33:30,13.0%
2023-06-12 13:33:35,19.8%
2023-06-12 13:33:40,20.2%
2023-06-12 13:33:45,18.2%
2023-06-12 13:33:50,18.6%
2023-06-12 13:33:55,14.4%
2023-06-12 13:34:00,15.2%
2023-06-12 13:34:05,23.6%
2023-06-12 13:34:10,17.4%
2023-06-12 13:34:15,18.2%
2023-06-12 13:34:20,17.2%
2023-06-12 13:34:25,21.2%
2023-06-12 13:34:30,25.8%
2023-06-12 13:34:35,14.0%
2023-06-12 13:34:40,13.8%
2023-06-12 13:34:45,23.0%
2023-06-12 13:34:50,5.40%
2023-06-12 13:34:55,18.8%
2023-06-12 13:35:00,25.0%
2023-06-12 13:35:05,18.4%
2023-06-12 13:35:10,30.4%
2023-06-12 13:35:15,31.6%
2023-06-12 13:35:20,33.2%
2023-06-12 13:35:25,29.4%
2023-06-12 13:35:30,26.4%
2023-06-12 13:35:35,27.2%
2023-06-12 13:35:40,28.8%
2023-06-12 13:35:45,21.6%
2023-06-12 13:35:50,35.2%
2023-06-12 13:35:55,25.4%
2023-06-12 13:36:00,25.6%
2023-06-12 13:36:05,36.4%
2023-06-12 13:36:10,19.4%
2023-06-12 13:36:15,22.8%
2023-06-12 13:36:20,26.4%
2023-06-12 13:36:25,35.0%
2023-06-12 13:36:30,32.8%
2023-06-12 13:36:35,21.6%
2023-06-12 13:36:40,27.0%
2023-06-12 13:36:45,17.4%
2023-06-12 13:36:50,21.4%
2023-06-12 13:36:55,17.2%
2023-06-12 13:37:00,21.8%
2023-06-12 13:37:05,19.2%
2023-06-12 13:37:10,30.8%
2023-06-12 13:37:15,18.0%
2023-06-12 13:37:20,23.4%
2023-06-12 13:37:25,12.8%
2023-06-12 13:37:30,25.2%
2023-06-12 13:37:35,20.6%
2023-06-12 13:37:40,13.6%
2023-06-12 13:37:45,20.0%
2023-06-12 13:37:50,23.4%
2023-06-12 13:37:55,16.2%
2023-06-12 13:38:00,16.4%
2023-06-12 13:38:05,10.8%
2023-06-12 13:38:10,18.4%
2023-06-12 13:38:15,21.0%
2023-06-12 13:38:20,24.0%
2023-06-12 13:38:25,17.0%
2023-06-12 13:38:30,25.6%
2023-06-12 13:38:35,18.4%
2023-06-12 13:38:40,22.0%
2023-06-12 13:38:45,17.6%
2023-06-12 13:38:50,25.6%
2023-06-12 13:38:55,10.00%
2023-06-12 13:39:00,25.8%
2023-06-12 13:39:05,24.8%
2023-06-12 13:39:10,24.8%
2023-06-12 13:39:15,17.6%
2023-06-12 13:39:20,22.0%
2023-06-12 13:39:25,23.4%
2023-06-12 13:39:30,21.8%
2023-06-12 13:39:35,27.2%
2023-06-12 13:39:40,11.2%
2023-06-12 13:39:45,19.6%
2023-06-12 13:39:50,28.4%
2023-06-12 13:39:55,12.4%
2023-06-12 13:40:00,24.2%
2023-06-12 13:40:05,34.0%
2023-06-12 13:40:10,26.4%
2023-06-12 13:40:15,25.2%
2023-06-12 13:40:20,29.8%
2023-06-12 13:40:25,16.4%
2023-06-12 13:40:30,23.6%
2023-06-12 13:40:35,24.8%
2023-06-12 13:40:40,32.6%
2023-06-12 13:40:45,11.2%
2023-06-12 13:40:50,18.4%
2023-06-12 13:40:55,17.6%
2023-06-12 13:41:00,8.20%
2023-06-12 13:41:05,9.20%
2023-06-12 13:41:10,24.6%
2023-06-12 13:41:15,15.2%
2023-06-12 13:41:20,20.0%
2023-06-12 13:41:25,25.8%
2023-06-12 13:41:30,37.4%
2023-06-12 13:41:35,39.4%
2023-06-12 13:41:40,31.2%
2023-06-12 13:41:45,28.6%
2023-06-12 13:41:50,33.2%
2023-06-12 13:41:55,39.0%
2023-06-12 13:42:00,20.4%
2023-06-12 13:42:05,28.0%
2023-06-12 13:42:10,21.8%
2023-06-12 13:42:15,35.2%
2023-06-12 13:42:20,34.6%
2023-06-12 13:42:25,34.4%
2023-06-12 13:42:30,27.0%
2023-06-12 13:42:35,50.2%
2023-06-12 13:42:40,43.8%
2023-06-12 13:42:45,37.6%
2023-06-12 13:42:50,49.4%
2023-06-12 13:42:55,7.00%
2023-06-12 13:43:00,5.20%
2023-06-12 13:43:05,11.0%
2023-06-12 13:43:10,4.20%
2023-06-12 13:43:15,16.4%
2023-06-12 13:43:20,10.2%
2023-06-12 13:43:25,12.8%
2023-06-12 13:43:30,5.60%
2023-06-12 13:43:35,8.40%
2023-06-12 13:43:40,7.20%
2023-06-12 13:43:45,14.4%
2023-06-12 13:43:50,13.2%
2023-06-12 13:43:55,10.00%
2023-06-12 13:44:00,14.6%
2023-06-12 13:44:05,5.20%
2023-06-12 13:44:10,11.0%
2023-06-12 13:44:15,0.800%
2023-06-12 13:44:20,4.00%
2023-06-12 13:44:25,6.20%
2023-06-12 13:44:30,4.60%
2023-06-12 13:44:35,7.20%
2023-06-12 13:44:40,17.6%
2023-06-12 13:44:45,8.80%
2023-06-12 13:44:50,5.60%
2023-06-12 13:44:55,11.6%
2023-06-12 13:45:00,8.40%
2023-06-12 13:45:05,4.20%
2023-06-12 13:45:10,12.8%
2023-06-12 13:45:15,22.6%
2023-06-12 13:45:20,4.60%
2023-06-12 13:45:25,9.40%
2023-06-12 13:45:30,5.40%
2023-06-12 13:45:35,7.60%
2023-06-12 13:45:40,8.40%
2023-06-12 13:45:45,7.20%
2023-06-12 13:45:50,8.40%
2023-06-12 13:45:55,5.60%
2023-06-12 13:46:00,11.2%
2023-06-12 13:46:05,18.6%
2023-06-12 13:46:10,4.00%
2023-06-12 13:46:15,14.6%
2023-06-12 13:46:20,10.00%
2023-06-12 13:46:25,12.6%
2023-06-12 13:46:30,6.60%
2023-06-12 13:46:35,6.00%
2023-06-12 13:46:40,12.0%
2023-06-12 13:46:45,12.8%
2023-06-12 13:46:50,7.80%
2023-06-12 13:46:55,14.2%
2023-06-12 13:47:00,1.60%
2023-06-12 13:47:05,5.20%
2023-06-12 13:47:10,15.0%
2023-06-12 13:47:15,6.00%
2023-06-12 13:47:20,8.80%
2023-06-12 13:47:25,10.0%
2023-06-12 13:47:30,12.8%
2023-06-12 13:47:35,13.0%
2023-06-12 13:47:40,14.0%
2023-06-12 13:47:45,14.0%
2023-06-12 13:47:50,7.80%
2023-06-12 13:47:55,9.40%
2023-06-12 13:48:00,12.2%
2023-06-12 13:48:05,12.6%
2023-06-12 13:48:10,18.4%
2023-06-12 13:48:15,14.0%
2023-06-12 13:48:20,9.00%
2023-06-12 13:48:25,8.60%
2023-06-12 13:48:30,22.0%
2023-06-12 13:48:35,16.2%
2023-06-12 13:48:40,21.6%
2023-06-12 13:48:45,24.2%
2023-06-12 13:48:50,14.2%
2023-06-12 13:48:55,10.4%
2023-06-12 13:49:00,13.4%
2023-06-12 13:49:05,31.2%
2023-06-12 13:49:10,12.6%
2023-06-12 13:49:15,11.0%
2023-06-12 13:49:20,16.6%
2023-06-12 13:49:25,20.2%
2023-06-12 13:49:30,7.00%
2023-06-12 13:49:35,7.20%
2023-06-12 13:49:40,18.0%
2023-06-12 13:49:45,21.2%
2023-06-12 13:49:50,9.80%
2023-06-12 13:49:55,9.80%
2023-06-12 13:50:00,12.2%
2023-06-12 13:50:05,16.4%
2023-06-12 13:50:10,19.8%
2023-06-12 13:50:15,17.8%
2023-06-12 13:50:20,23.6%
2023-06-12 13:50:25,14.8%
2023-06-12 13:50:30,15.6%
2023-06-12 13:50:35,11.4%
2023-06-12 13:50:40,28.4%
2023-06-12 13:50:45,26.8%
2023-06-12 13:50:50,21.0%
2023-06-12 13:50:55,24.0%
2023-06-12 13:51:00,12.4%
2023-06-12 13:51:05,20.0%
2023-06-12 13:51:10,12.0%
2023-06-12 13:51:15,15.0%
2023-06-12 13:51:20,19.8%
2023-06-12 13:51:25,18.6%
2023-06-12 13:51:30,10.4%
2023-06-12 13:51:35,4.40%
2023-06-12 13:51:40,4.60%
2023-06-12 13:51:45,5.80%
2023-06-12 13:51:50,16.0%
2023-06-12 13:51:55,12.2%
2023-06-12 13:52:00,7.60%
2023-06-12 13:52:05,9.00%
2023-06-12 13:52:10,8.20%
2023-06-12 13:52:15,17.0%
2023-06-12 13:52:20,9.00%
2023-06-12 13:52:25,10.2%
2023-06-12 13:52:30,12.4%
2023-06-12 13:52:35,6.40%
2023-06-12 13:52:40,6.20%
2023-06-12 13:52:45,10.00%
2023-06-12 13:52:50,11.2%
2023-06-12 13:52:55,6.40%
2023-06-12 13:53:00,7.20%
2023-06-12 13:53:05,6.60%
2023-06-12 13:53:10,17.2%
2023-06-12 13:53:15,18.8%
2023-06-12 13:53:20,11.4%
2023-06-12 13:53:25,11.8%
2023-06-12 13:53:30,6.80%
2023-06-12 13:53:35,12.4%
2023-06-12 13:53:40,3.60%
2023-06-12 13:53:45,10.4%
2023-06-12 13:53:50,7.00%
2023-06-12 13:53:55,15.2%
2023-06-12 13:54:00,11.8%
2023-06-12 13:54:05,11.0%
2023-06-12 13:54:10,4.00%
2023-06-12 13:54:15,12.6%
2023-06-12 13:54:20,12.6%
2023-06-12 13:54:25,15.8%
2023-06-12 13:54:30,5.60%
2023-06-12 13:54:35,8.00%
2023-06-12 13:54:40,6.20%
2023-06-12 13:54:45,9.80%
2023-06-12 13:54:50,8.00%
2023-06-12 13:54:55,9.80%
2023-06-12 13:55:00,12.6%
2023-06-12 13:55:05,17.2%
2023-06-12 13:55:10,5.60%
2023-06-12 13:55:15,6.40%
2023-06-12 13:55:20,5.60%
2023-06-12 13:55:25,2.80%
2023-06-12 13:55:30,6.60%
2023-06-12 13:55:35,8.80%
2023-06-12 13:55:40,0.800%
2023-06-12 13:55:45,65.2%
2023-06-12 13:55:50,94.0%
2023-06-12 13:55:55,6.20%
2023-06-12 13:56:00,10.2%
2023-06-12 13:56:05,12.4%
2023-06-12 13:56:10,15.2%
2023-06-12 13:56:15,6.40%
2023-06-12 13:56:20,5.00%
2023-06-12 13:56:25,9.40%
2023-06-12 13:56:30,11.0%
2023-06-12 13:56:35,6.60%
2023-06-12 13:56:40,16.4%
2023-06-12 13:56:45,10.0%
2023-06-12 13:56:50,14.8%
2023-06-12 13:56:55,8.60%
2023-06-12 13:57:00,2.40%
2023-06-12 13:57:05,14.0%
2023-06-12 13:57:10,15.0%
2023-06-12 13:57:15,30.6%
2023-06-12 13:57:20,31.6%
2023-06-12 13:57:25,36.0%
2023-06-12 13:57:30,24.4%
2023-06-12 13:57:35,24.2%
2023-06-12 13:57:40,29.2%
2023-06-12 13:57:45,20.8%
2023-06-12 13:57:50,25.4%
2023-06-12 13:57:55,37.8%
2023-06-12 13:58:00,39.0%
2023-06-12 13:58:05,21.4%
2023-06-12 13:58:10,17.8%
2023-06-12 13:58:15,15.4%
2023-06-12 13:58:20,21.0%
2023-06-12 13:58:25,20.6%
2023-06-12 13:58:30,33.0%
2023-06-12 13:58:35,24.0%
2023-06-12 13:58:40,21.6%
2023-06-12 13:58:45,29.8%
2023-06-12 13:58:50,20%
2023-06-12 13:58:55,18.6%
2023-06-12 13:59:00,20.4%
2023-06-12 13:59:05,26.2%
2023-06-12 13:59:10,12.0%
2023-06-12 13:59:15,16.0%
2023-06-12 13:59:20,13.6%
2023-06-12 13:59:25,24.6%
2023-06-12 13:59:30,24.2%
2023-06-12 13:59:35,25.4%
2023-06-12 13:59:40,25.2%
2023-06-12 13:59:45,19.6%
2023-06-12 13:59:50,21.4%
2023-06-12 13:59:55,23.6%
2023-06-12 14:00:00,20.2%
2023-06-12 14:00:05,33.4%
2023-06-12 14:00:10,39.0%
2023-06-12 14:00:15,28.4%
2023-06-12 14:00:20,20.4%
2023-06-12 14:00:25,30.0%
2023-06-12 14:00:30,19.4%
2023-06-12 14:00:35,24.4%
2023-06-12 14:00:40,19.6%
2023-06-12 14:00:45,21.6%
2023-06-12 14:00:50,18.8%
2023-06-12 14:00:55,26.4%
2023-06-12 14:01:00,25.6%
2023-06-12 14:01:05,19.2%
2023-06-12 14:01:10,24.6%
2023-06-12 14:01:15,21.4%
2023-06-12 14:01:20,18.2%
2023-06-12 14:01:25,7.20%
2023-06-12 14:01:30,21.0%
2023-06-12 14:01:35,15.2%
2023-06-12 14:01:40,25.2%
2023-06-12 14:01:45,11.8%
2023-06-12 14:01:50,24.0%
2023-06-12 14:01:55,13.8%
2023-06-12 14:02:00,26.2%
2023-06-12 14:02:05,24.2%
2023-06-12 14:02:10,22.2%
2023-06-12 14:02:15,12.6%
2023-06-12 14:02:20,24.8%
2023-06-12 14:02:25,19.4%
2023-06-12 14:02:30,11.2%
2023-06-12 14:02:35,11.8%
2023-06-12 14:02:40,17.0%
2023-06-12 14:02:45,22.8%
2023-06-12 14:02:50,11.4%
2023-06-12 14:02:55,17.6%
2023-06-12 14:03:00,24.2%
2023-06-12 14:03:05,24.2%
2023-06-12 14:03:10,11.8%
2023-06-12 14:03:15,14.8%
2023-06-12 14:03:20,19.2%
2023-06-12 14:03:25,16.6%
2023-06-12 14:03:30,23.4%
2023-06-12 14:03:35,24.2%
2023-06-12 14:03:40,13.6%
2023-06-12 14:03:45,13.4%
2023-06-12 14:03:50,20.6%
2023-06-12 14:03:55,17.8%
2023-06-12 14:04:00,22.4%
2023-06-12 14:04:05,20.8%
2023-06-12 14:04:10,15.2%
2023-06-12 14:04:15,16.8%
2023-06-12 14:04:20,17.8%
2023-06-12 14:04:25,17.6%
2023-06-12 14:04:30,38.2%
2023-06-12 14:04:35,20%
2023-06-12 14:04:40,34.0%
2023-06-12 14:04:45,28.4%
2023-06-12 14:04:50,28.0%
2023-06-12 14:04:55,29.2%
2023-06-12 14:05:00,29.4%
2023-06-12 14:05:05,24.8%
2023-06-12 14:05:10,31.0%
2023-06-12 14:05:15,27.6%
2023-06-12 14:05:20,25.0%
2023-06-12 14:05:25,17.0%
2023-06-12 14:05:30,21.4%
2023-06-12 14:05:35,27.0%
2023-06-12 14:05:40,23.4%
2023-06-12 14:05:45,32.0%
2023-06-12 14:05:50,40.0%
2023-06-12 14:05:55,28.6%
2023-06-12 14:06:00,29.8%
2023-06-12 14:06:05,27.2%
2023-06-12 14:06:10,24.2%
2023-06-12 14:06:15,22.6%
2023-06-12 14:06:20,45.2%
2023-06-12 14:06:25,34.2%
2023-06-12 14:06:30,21.0%
2023-06-12 14:06:35,34.2%
2023-06-12 14:06:40,29.4%
2023-06-12 14:06:45,22.8%
2023-06-12 14:06:50,25.4%
2023-06-12 14:06:55,20.2%
2023-06-12 14:07:00,22.6%
2023-06-12 14:07:05,6.60%
2023-06-12 14:07:10,13.4%
2023-06-12 14:07:15,20.4%
2023-06-12 14:07:20,20.4%
2023-06-12 14:07:25,22.0%
2023-06-12 14:07:30,13.0%
2023-06-12 14:07:35,22.8%
2023-06-12 14:07:40,26.2%
2023-06-12 14:07:45,12.6%
2023-06-12 14:07:50,16.8%
2023-06-12 14:07:55,20.4%
2023-06-12 14:08:00,15.2%
2023-06-12 14:08:05,19.2%
2023-06-12 14:08:10,10.4%
2023-06-12 14:08:15,23.0%
2023-06-12 14:08:20,19.8%
2023-06-12 14:08:25,14.6%
2023-06-12 14:08:30,17.6%
2023-06-12 14:08:35,19.4%
2023-06-12 14:08:40,18.8%
2023-06-12 14:08:45,10.8%
2023-06-12 14:08:50,20.6%
2023-06-12 14:08:55,8.80%
2023-06-12 14:09:00,19.8%
2023-06-12 14:09:05,9.60%
2023-06-12 14:09:10,14.2%
2023-06-12 14:09:15,13.0%
2023-06-12 14:09:20,20.4%
2023-06-12 14:09:25,10.4%
2023-06-12 14:09:30,20.6%
2023-06-12 14:09:35,10.8%
2023-06-12 14:09:40,13.6%
2023-06-12 14:09:45,16.0%
2023-06-12 14:09:50,22.6%
2023-06-12 14:09:55,13.2%
2023-06-12 14:10:00,16.2%
2023-06-12 14:10:05,25.4%
2023-06-12 14:10:10,11.8%
2023-06-12 14:10:15,6.40%
2023-06-12 14:10:20,11.6%
2023-06-12 14:10:25,6.20%
2023-06-12 14:10:30,7.00%
2023-06-12 14:10:35,1.20%
2023-06-12 14:10:40,7.80%
2023-06-12 14:10:45,9.20%
2023-06-12 14:10:50,14.2%
2023-06-12 14:10:55,10.00%
2023-06-12 14:11:00,19.0%
2023-06-12 14:11:05,15.8%
2023-06-12 14:11:10,17.2%
2023-06-12 14:11:15,19.8%
2023-06-12 14:11:20,8.20%
2023-06-12 14:11:25,10.8%
2023-06-12 14:11:30,13.2%
2023-06-12 14:11:35,16.2%
2023-06-12 14:11:40,12.4%
2023-06-12 14:11:45,11.6%
2023-06-12 14:11:50,14.2%
2023-06-12 14:11:55,9.40%
2023-06-12 14:12:00,12.8%
2023-06-12 14:12:05,8.80%
2023-06-12 14:12:10,19.0%
2023-06-12 14:12:15,15.2%
2023-06-12 14:12:20,8.00%
2023-06-12 14:12:25,12.4%
2023-06-12 14:12:30,20.6%
2023-06-12 14:12:35,10.4%
2023-06-12 14:12:40,16.0%
2023-06-12 14:12:45,14.2%
2023-06-12 14:12:50,4.40%
2023-06-12 14:12:55,10.6%
2023-06-12 14:13:00,12.4%
2023-06-12 14:13:05,9.82%
2023-06-12 14:13:10,16.0%
2023-06-12 14:13:15,11.4%
2023-06-12 14:13:20,5.00%
2023-06-12 14:13:25,15.2%
2023-06-12 14:13:30,6.98%
2023-06-12 14:13:35,8.22%
2023-06-12 14:13:40,7.81%
2023-06-12 14:13:45,14.8%
2023-06-12 14:13:50,13.2%
2023-06-12 14:13:55,12.0%
2023-06-12 14:14:00,6.42%
2023-06-12 14:14:05,6.99%
2023-06-12 14:14:10,21.4%
2023-06-12 14:14:15,13.8%
2023-06-12 14:14:20,15.0%
2023-06-12 14:14:25,13.0%
2023-06-12 14:14:30,14.5%
2023-06-12 14:14:35,8.38%
2023-06-12 14:14:40,10.3%
2023-06-12 14:14:45,16.9%
2023-06-12 14:14:50,12.0%
2023-06-12 14:14:55,15.2%
2023-06-12 14:15:00,5.61%
2023-06-12 14:15:05,20.0%
2023-06-12 14:15:10,12.2%
2023-06-12 14:15:15,10.8%
2023-06-12 14:15:20,17.4%
2023-06-12 14:15:25,11.2%
2023-06-12 14:15:30,14.8%
2023-06-12 14:15:35,10.4%
2023-06-12 14:15:40,10.2%
2023-06-12 14:15:45,13.4%
2023-06-12 14:15:50,8.39%
2023-06-12 14:15:55,6.62%
2023-06-12 14:16:00,9.18%
2023-06-12 14:16:05,7.80%
2023-06-12 14:16:10,11.2%
2023-06-12 14:16:15,4.18%
2023-06-12 14:16:20,15.6%
2023-06-12 14:16:25,11.4%
2023-06-12 14:16:30,13.4%
2023-06-12 14:16:35,8.00%
2023-06-12 14:16:40,12.6%
2023-06-12 14:16:45,5.20%
2023-06-12 14:16:50,10.6%
2023-06-12 14:16:55,9.18%
2023-06-12 14:17:00,7.99%
2023-06-12 14:17:05,5.41%
2023-06-12 14:17:10,13.8%
2023-06-12 14:17:15,6.20%
2023-06-12 14:17:20,5.60%
2023-06-12 14:17:25,6.60%
2023-06-12 14:17:30,7.81%
2023-06-12 14:17:35,4.00%
2023-06-12 14:17:40,4.18%
2023-06-12 14:17:45,7.83%
2023-06-12 14:17:50,12.4%
2023-06-12 14:17:55,2.20%
2023-06-12 14:18:00,5.42%
2023-06-12 14:18:05,13.6%
2023-06-12 14:18:10,5.22%
2023-06-12 14:18:15,17.2%
2023-06-12 14:18:20,9.79%
2023-06-12 14:18:25,12.4%
2023-06-12 14:18:30,8.21%
2023-06-12 14:18:35,12.2%
2023-06-12 14:18:40,5.80%
2023-06-12 14:18:45,3.60%
2023-06-12 14:18:50,11.4%
2023-06-12 14:18:55,9.40%
2023-06-12 14:19:00,13.6%
2023-06-12 14:19:05,11.2%
2023-06-12 14:19:10,1.000%
2023-06-12 14:19:15,0.800%
2023-06-12 14:19:20,4.00%
2023-06-12 14:19:25,3.60%
2023-06-12 14:19:30,0.400%
2023-06-12 14:19:35,5.60%
2023-06-12 14:19:40,3.60%
2023-06-12 14:19:45,0.800%
2023-06-12 14:19:50,6.00%
2023-06-12 14:19:55,3.80%
2023-06-12 14:20:00,8.40%
2023-06-12 14:20:05,5.20%
2023-06-12 14:20:10,3.40%
2023-06-12 14:20:15,3.40%
2023-06-12 14:20:20,10.0%
2023-06-12 14:20:25,4.40%
2023-06-12 14:20:30,1.80%
2023-06-12 14:20:35,7.20%
2023-06-12 14:20:40,3.20%
2023-06-12 14:20:45,4.00%
2023-06-12 14:20:50,4.60%
2023-06-12 14:20:55,3.00%
2023-06-12 14:21:00,8.20%
2023-06-12 14:21:05,0.600%
2023-06-12 14:21:10,3.40%
2023-06-12 14:21:15,4.00%
2023-06-12 14:21:20,6.00%
2023-06-12 14:21:25,9.80%
2023-06-12 14:21:30,0.600%
2023-06-12 14:21:35,9.20%
2023-06-12 14:21:40,0.600%
2023-06-12 14:21:45,3.20%
2023-06-12 14:21:50,10.0%
2023-06-12 14:21:55,9.60%
2023-06-12 14:22:00,17.2%
2023-06-12 14:22:05,17.4%
2023-06-12 14:22:10,10%
2023-06-12 14:22:15,14.6%
2023-06-12 14:22:20,9.40%
2023-06-12 14:22:25,12.8%
2023-06-12 14:22:30,15.6%
2023-06-12 14:22:35,7.60%
2023-06-12 14:22:40,6.80%
2023-06-12 14:22:45,3.80%
2023-06-12 14:22:50,17.0%
2023-06-12 14:22:55,10.2%
2023-06-12 14:23:00,8.80%
2023-06-12 14:23:05,5.60%
2023-06-12 14:23:10,9.80%
2023-06-12 14:23:15,14.2%
2023-06-12 14:23:20,11.8%
2023-06-12 14:23:25,5.60%
2023-06-12 14:23:30,7.60%
2023-06-12 14:23:35,4.20%
2023-06-12 14:23:40,9.00%
2023-06-12 14:23:45,3.60%
2023-06-12 14:23:50,2.80%
2023-06-12 14:23:55,5.60%
2023-06-12 14:24:00,17.0%
2023-06-12 14:24:05,8.80%
2023-06-12 14:24:10,22.8%
2023-06-12 14:24:15,12.8%
2023-06-12 14:24:20,15.4%
2023-06-12 14:24:25,5.80%
2023-06-12 14:24:30,13.6%
2023-06-12 14:24:35,6.60%
2023-06-12 14:24:40,12.2%
2023-06-12 14:24:45,1.60%
2023-06-12 14:24:50,9.00%
2023-06-12 14:24:55,13.4%
2023-06-12 14:25:00,4.60%
2023-06-12 14:25:05,15.4%
2023-06-12 14:25:10,10.6%
2023-06-12 14:25:15,12.8%
2023-06-12 14:25:20,16.2%
2023-06-12 14:25:25,3.80%
2023-06-12 14:25:30,9.00%
2023-06-12 14:25:35,9.20%
2023-06-12 14:25:40,15.2%
2023-06-12 14:25:45,10.4%
2023-06-12 14:25:50,9.20%
2023-06-12 14:25:55,14.6%
2023-06-12 14:26:00,13.0%
2023-06-12 14:26:05,10.8%
2023-06-12 14:26:10,16.2%
2023-06-12 14:26:15,8.80%
2023-06-12 14:26:20,9.40%
2023-06-12 14:26:25,7.40%
2023-06-12 14:26:30,9.60%
2023-06-12 14:26:35,12.2%
2023-06-12 14:26:40,13.2%
2023-06-12 14:26:45,13.0%
2023-06-12 14:26:50,15.0%
2023-06-12 14:26:55,15.6%
2023-06-12 14:27:00,14.0%
2023-06-12 14:27:05,13.6%
2023-06-12 14:27:10,8.80%
2023-06-12 14:27:15,11.6%
2023-06-12 14:27:20,4.80%
2023-06-12 14:27:25,3.80%
2023-06-12 14:27:30,6.60%
2023-06-12 14:27:35,12.0%
2023-06-12 14:27:40,14.6%
2023-06-12 14:27:45,10.2%
2023-06-12 14:27:50,4.40%
2023-06-12 14:27:55,9.00%
2023-06-12 14:28:00,21.0%
2023-06-12 14:28:05,12.0%
2023-06-12 14:28:10,10.2%
2023-06-12 14:28:15,13.6%
2023-06-12 14:28:20,13.4%
2023-06-12 14:28:25,11.6%
2023-06-12 14:28:30,9.80%
2023-06-12 14:28:35,15.6%
2023-06-12 14:28:40,14.8%
2023-06-12 14:28:45,16.6%
2023-06-12 14:28:50,23.4%
2023-06-12 14:28:55,40.6%
2023-06-12 14:29:00,39.2%
2023-06-12 14:29:05,32.0%
2023-06-12 14:29:10,37.6%
2023-06-12 14:29:15,41.4%
2023-06-12 14:29:20,44.2%
2023-06-12 14:29:25,56.4%
2023-06-12 14:29:30,45.4%
2023-06-12 14:29:35,29.4%
2023-06-12 14:29:40,35.6%
2023-06-12 14:29:45,28.0%
2023-06-12 14:29:50,33.2%
2023-06-12 14:29:55,31.4%
2023-06-12 14:30:00,16.8%
2023-06-12 14:30:05,15.6%
2023-06-12 14:30:10,23.8%
2023-06-12 14:30:15,13.4%
2023-06-12 14:30:20,21.6%
2023-06-12 14:30:25,24.8%
2023-06-12 14:30:30,30.8%
2023-06-12 14:30:35,22.4%
2023-06-12 14:30:40,21.6%
2023-06-12 14:30:45,22.6%
2023-06-12 14:30:50,16.2%
2023-06-12 14:30:55,18.4%
2023-06-12 14:31:00,14.8%
2023-06-12 14:31:05,19.4%
2023-06-12 14:31:10,18.8%
2023-06-12 14:31:15,9.40%
2023-06-12 14:31:20,33.0%
2023-06-12 14:31:25,12.6%
2023-06-12 14:31:30,22.8%
2023-06-12 14:31:35,29.4%
2023-06-12 14:31:40,30.6%
2023-06-12 14:31:45,21.6%
2023-06-12 14:31:50,13.2%
2023-06-12 14:31:55,16.2%
2023-06-12 14:32:00,12.4%
2023-06-12 14:32:05,14.8%
2023-06-12 14:32:10,20.8%
2023-06-12 14:32:15,8.40%
2023-06-12 14:32:20,23.6%
2023-06-12 14:32:25,17.8%
2023-06-12 14:32:30,7.40%
2023-06-12 14:32:35,13.4%
2023-06-12 14:32:40,16.6%
2023-06-12 14:32:45,19.6%
2023-06-12 14:32:50,26.4%
2023-06-12 14:32:55,8.20%
2023-06-12 14:33:00,18.0%
2023-06-12 14:33:05,5.20%
2023-06-12 14:33:10,12.2%

