"Time","tps","tps_error"
2023-06-12 11:33:10,0.200 req/s,0 req/s
2023-06-12 11:33:15,0.200 req/s,0 req/s
2023-06-12 11:33:20,0.200 req/s,0 req/s
2023-06-12 11:33:25,0.200 req/s,0 req/s
2023-06-12 11:33:30,0.200 req/s,0 req/s
2023-06-12 11:33:35,0.200 req/s,0 req/s
2023-06-12 11:33:40,2 req/s,0 req/s
2023-06-12 11:33:45,2.60 req/s,0 req/s
2023-06-12 11:33:50,1.60 req/s,0 req/s
2023-06-12 11:33:55,2.60 req/s,0 req/s
2023-06-12 11:34:00,2 req/s,0 req/s
2023-06-12 11:34:05,1.80 req/s,0 req/s
2023-06-12 11:34:10,2.19 req/s,0 req/s
2023-06-12 11:34:15,2.41 req/s,0 req/s
2023-06-12 11:34:20,2 req/s,0 req/s
2023-06-12 11:34:25,1.80 req/s,0 req/s
2023-06-12 11:34:30,2.20 req/s,0 req/s
2023-06-12 11:34:35,2.20 req/s,0 req/s
2023-06-12 11:34:40,2.20 req/s,0 req/s
2023-06-12 11:34:45,1.40 req/s,0 req/s
2023-06-12 11:34:50,2.60 req/s,0 req/s
2023-06-12 11:34:55,1.80 req/s,0 req/s
2023-06-12 11:35:00,2 req/s,0 req/s
2023-06-12 11:35:05,2.40 req/s,0 req/s
2023-06-12 11:35:10,2.20 req/s,0 req/s
2023-06-12 11:35:15,2 req/s,0 req/s
2023-06-12 11:35:20,1.40 req/s,0 req/s
2023-06-12 11:35:25,2.80 req/s,0 req/s
2023-06-12 11:35:30,2.20 req/s,0 req/s
2023-06-12 11:35:35,1.80 req/s,0 req/s
2023-06-12 11:35:40,2.20 req/s,0 req/s
2023-06-12 11:35:45,2 req/s,0 req/s
2023-06-12 11:35:50,2.20 req/s,0 req/s
2023-06-12 11:35:55,1.80 req/s,0 req/s
2023-06-12 11:36:00,2.20 req/s,0 req/s
2023-06-12 11:36:05,2 req/s,0 req/s
2023-06-12 11:36:10,2 req/s,0 req/s
2023-06-12 11:36:15,2 req/s,0 req/s
2023-06-12 11:36:20,2.60 req/s,0 req/s
2023-06-12 11:36:25,1.60 req/s,0 req/s
2023-06-12 11:36:30,1.20 req/s,0 req/s
2023-06-12 11:36:35,1.40 req/s,0 req/s
2023-06-12 11:36:40,1.60 req/s,0 req/s
2023-06-12 11:36:45,1.40 req/s,0 req/s
2023-06-12 11:36:50,1.60 req/s,0 req/s
2023-06-12 11:36:55,1.40 req/s,0 req/s
2023-06-12 11:37:00,1.20 req/s,0 req/s
2023-06-12 11:37:05,1.60 req/s,0 req/s
2023-06-12 11:37:10,1.60 req/s,0 req/s
2023-06-12 11:37:15,1.20 req/s,0 req/s
2023-06-12 11:37:20,1.40 req/s,0 req/s
2023-06-12 11:37:25,1.40 req/s,0 req/s
2023-06-12 11:37:30,1.40 req/s,0 req/s
2023-06-12 11:37:35,1.60 req/s,0 req/s
2023-06-12 11:37:40,1.60 req/s,0 req/s
2023-06-12 11:37:45,1.40 req/s,0 req/s
2023-06-12 11:37:50,1.40 req/s,0 req/s
2023-06-12 11:37:55,1.60 req/s,0 req/s
2023-06-12 11:38:00,1 req/s,0 req/s
2023-06-12 11:38:05,1.80 req/s,0 req/s
2023-06-12 11:38:10,1.60 req/s,0 req/s
2023-06-12 11:38:15,1.20 req/s,0 req/s
2023-06-12 11:38:20,1.40 req/s,0 req/s
2023-06-12 11:38:25,1.40 req/s,0 req/s
2023-06-12 11:38:30,1.60 req/s,0 req/s
2023-06-12 11:38:35,1.60 req/s,0 req/s
2023-06-12 11:38:40,1.40 req/s,0 req/s
2023-06-12 11:38:45,1.40 req/s,0 req/s
2023-06-12 11:38:50,1.60 req/s,0 req/s
2023-06-12 11:38:55,1.20 req/s,0 req/s
2023-06-12 11:39:00,1.40 req/s,0 req/s
2023-06-12 11:39:05,1.20 req/s,0 req/s
2023-06-12 11:39:10,1.60 req/s,0 req/s
2023-06-12 11:39:15,1.60 req/s,0 req/s
2023-06-12 11:39:20,1.40 req/s,0 req/s
2023-06-12 11:39:25,1.60 req/s,0 req/s
2023-06-12 11:39:30,1.40 req/s,0 req/s
2023-06-12 11:39:35,1.20 req/s,0 req/s
2023-06-12 11:39:40,1.80 req/s,0 req/s
2023-06-12 11:39:45,1.40 req/s,0 req/s
2023-06-12 11:39:50,1.40 req/s,0 req/s
2023-06-12 11:39:55,1.40 req/s,0 req/s
2023-06-12 11:40:00,1.20 req/s,0 req/s
2023-06-12 11:40:05,1.40 req/s,0 req/s
2023-06-12 11:40:10,1.60 req/s,0 req/s
2023-06-12 11:40:15,1.40 req/s,0 req/s
2023-06-12 11:40:20,1.60 req/s,0 req/s
2023-06-12 11:40:25,1.60 req/s,0 req/s
2023-06-12 11:40:30,1.40 req/s,0 req/s
2023-06-12 11:40:35,1.40 req/s,0 req/s
2023-06-12 11:40:40,1.40 req/s,0 req/s
2023-06-12 11:40:45,1.20 req/s,0 req/s
2023-06-12 11:40:50,1.80 req/s,0 req/s
2023-06-12 11:40:55,1.40 req/s,0 req/s
2023-06-12 11:41:00,1.60 req/s,0 req/s
2023-06-12 11:41:05,1.20 req/s,0 req/s
2023-06-12 11:41:10,1 req/s,0 req/s
2023-06-12 11:41:15,0.600 req/s,0 req/s
2023-06-12 11:41:20,0.400 req/s,0 req/s
2023-06-12 11:41:25,0.600 req/s,0 req/s
2023-06-12 11:41:30,0.400 req/s,0 req/s
2023-06-12 11:41:35,0.800 req/s,0 req/s
2023-06-12 11:41:40,0.600 req/s,0 req/s
2023-06-12 11:41:45,0.400 req/s,0 req/s
2023-06-12 11:41:50,0.600 req/s,0 req/s
2023-06-12 11:41:55,0.600 req/s,0 req/s
2023-06-12 11:42:00,0.600 req/s,0 req/s
2023-06-12 11:42:05,0.600 req/s,0 req/s
2023-06-12 11:42:10,0.400 req/s,0 req/s
2023-06-12 11:42:15,0.600 req/s,0 req/s
2023-06-12 11:42:20,0.600 req/s,0 req/s
2023-06-12 11:42:25,0.600 req/s,0 req/s
2023-06-12 11:42:30,0.600 req/s,0 req/s
2023-06-12 11:42:35,0.400 req/s,0 req/s
2023-06-12 11:42:40,0.600 req/s,0 req/s
2023-06-12 11:42:45,0.400 req/s,0 req/s
2023-06-12 11:42:50,0.800 req/s,0 req/s
2023-06-12 11:42:55,0.600 req/s,0 req/s
2023-06-12 11:43:00,0.400 req/s,0 req/s
2023-06-12 11:43:05,0.600 req/s,0 req/s
2023-06-12 11:43:10,0.400 req/s,0 req/s
2023-06-12 11:43:15,0.800 req/s,0 req/s
2023-06-12 11:43:20,0.600 req/s,0 req/s
2023-06-12 11:43:25,0.600 req/s,0 req/s
2023-06-12 11:43:30,0.400 req/s,0 req/s
2023-06-12 11:43:35,0.600 req/s,0 req/s
2023-06-12 11:43:40,0.600 req/s,0 req/s
2023-06-12 11:43:45,0.600 req/s,0 req/s
2023-06-12 11:43:50,0.600 req/s,0 req/s
2023-06-12 11:43:55,0.600 req/s,0 req/s
2023-06-12 11:44:00,0.400 req/s,0 req/s
2023-06-12 11:44:05,0.600 req/s,0 req/s
2023-06-12 11:44:10,0.600 req/s,0 req/s
2023-06-12 11:44:15,0.400 req/s,0 req/s
2023-06-12 11:44:20,0.800 req/s,0 req/s
2023-06-12 11:44:25,0.400 req/s,0 req/s
2023-06-12 11:44:30,0.200 req/s,0 req/s
2023-06-12 11:44:35,0.400 req/s,0 req/s
2023-06-12 11:44:40,0.400 req/s,0 req/s
2023-06-12 11:44:45,0.400 req/s,0 req/s
2023-06-12 11:44:50,0.400 req/s,0 req/s
2023-06-12 11:44:55,0.200 req/s,0 req/s
2023-06-12 11:45:00,0.400 req/s,0 req/s
2023-06-12 11:45:05,0.400 req/s,0 req/s
2023-06-12 11:45:10,0.400 req/s,0 req/s
2023-06-12 11:45:15,0.400 req/s,0 req/s
2023-06-12 11:45:20,0.400 req/s,0 req/s
2023-06-12 11:45:25,0.200 req/s,0 req/s
2023-06-12 11:45:30,0.400 req/s,0 req/s
2023-06-12 11:45:35,0.400 req/s,0 req/s
2023-06-12 11:45:40,0.200 req/s,0 req/s
2023-06-12 11:45:45,0.600 req/s,0 req/s
2023-06-12 11:45:50,0.200 req/s,0 req/s
2023-06-12 11:45:55,0.400 req/s,0 req/s
2023-06-12 11:46:00,0.400 req/s,0 req/s
2023-06-12 11:46:05,0.400 req/s,0 req/s
2023-06-12 11:46:10,0.200 req/s,0 req/s
2023-06-12 11:46:15,0.400 req/s,0 req/s
2023-06-12 11:46:20,0.400 req/s,0 req/s
2023-06-12 11:46:25,0.400 req/s,0 req/s
2023-06-12 11:46:30,0.400 req/s,0 req/s
2023-06-12 11:46:35,0.400 req/s,0 req/s
2023-06-12 11:46:40,0.200 req/s,0 req/s
2023-06-12 11:46:45,0.400 req/s,0 req/s
2023-06-12 11:46:50,0.400 req/s,0 req/s
2023-06-12 11:46:55,0.400 req/s,0 req/s
2023-06-12 11:47:00,0.400 req/s,0 req/s
2023-06-12 11:47:05,0.200 req/s,0 req/s
2023-06-12 11:47:10,0.400 req/s,0 req/s
2023-06-12 11:47:15,0.400 req/s,0 req/s
2023-06-12 11:47:20,0.600 req/s,0 req/s
2023-06-12 11:47:25,1.40 req/s,0 req/s
2023-06-12 11:47:30,1.40 req/s,0 req/s
2023-06-12 11:47:35,1 req/s,0 req/s
2023-06-12 11:47:40,1.60 req/s,0 req/s
2023-06-12 11:47:45,1.20 req/s,0 req/s
2023-06-12 11:47:50,1.40 req/s,0 req/s
2023-06-12 11:47:55,1.20 req/s,0 req/s
2023-06-12 11:48:00,1.40 req/s,0 req/s
2023-06-12 11:48:05,1.20 req/s,0 req/s
2023-06-12 11:48:10,1.20 req/s,0 req/s
2023-06-12 11:48:15,1.20 req/s,0 req/s
2023-06-12 11:48:20,1.40 req/s,0 req/s
2023-06-12 11:48:25,1.40 req/s,0 req/s
2023-06-12 11:48:30,1 req/s,0 req/s
2023-06-12 11:48:35,1.60 req/s,0 req/s
2023-06-12 11:48:40,1.20 req/s,0 req/s
2023-06-12 11:48:45,1.40 req/s,0 req/s
2023-06-12 11:48:50,0.800 req/s,0 req/s
2023-06-12 11:48:55,1.80 req/s,0 req/s
2023-06-12 11:49:00,1.40 req/s,0 req/s
2023-06-12 11:49:05,0.800 req/s,0 req/s
2023-06-12 11:49:10,1.80 req/s,0 req/s
2023-06-12 11:49:15,1.20 req/s,0 req/s
2023-06-12 11:49:20,1.20 req/s,0 req/s
2023-06-12 11:49:25,1.20 req/s,0 req/s
2023-06-12 11:49:30,1.60 req/s,0 req/s
2023-06-12 11:49:35,1 req/s,0 req/s
2023-06-12 11:49:40,1.60 req/s,0 req/s
2023-06-12 11:49:45,1.20 req/s,0 req/s
2023-06-12 11:49:50,1.40 req/s,0 req/s
2023-06-12 11:49:55,1.20 req/s,0 req/s
2023-06-12 11:50:00,1.40 req/s,0 req/s
2023-06-12 11:50:05,1 req/s,0 req/s
2023-06-12 11:50:10,1.40 req/s,0 req/s
2023-06-12 11:50:15,1.40 req/s,0 req/s
2023-06-12 11:50:20,1.20 req/s,0 req/s
2023-06-12 11:50:25,1.40 req/s,0 req/s
2023-06-12 11:50:30,1.40 req/s,0 req/s
2023-06-12 11:50:35,1.20 req/s,0 req/s
2023-06-12 11:50:40,1.40 req/s,0 req/s
2023-06-12 11:50:45,1.20 req/s,0 req/s
2023-06-12 11:50:50,1 req/s,0 req/s
2023-06-12 11:50:55,1.60 req/s,0 req/s
2023-06-12 11:51:00,1.40 req/s,0 req/s
2023-06-12 11:51:05,0.800 req/s,0 req/s
2023-06-12 11:51:10,1.20 req/s,0 req/s
2023-06-12 11:51:15,1.80 req/s,0 req/s
2023-06-12 11:51:20,1.40 req/s,0 req/s
2023-06-12 11:51:25,2.20 req/s,0 req/s
2023-06-12 11:51:30,3.40 req/s,0 req/s
2023-06-12 11:51:35,3.00 req/s,0 req/s
2023-06-12 11:51:40,2.40 req/s,0 req/s
2023-06-12 11:51:45,2.40 req/s,0 req/s
2023-06-12 11:51:50,3 req/s,0 req/s
2023-06-12 11:51:55,3.40 req/s,0 req/s
2023-06-12 11:52:00,2.80 req/s,0 req/s
2023-06-12 11:52:05,2 req/s,0 req/s
2023-06-12 11:52:10,4.40 req/s,0 req/s
2023-06-12 11:52:15,3.20 req/s,0 req/s
2023-06-12 11:52:20,2.80 req/s,0 req/s
2023-06-12 11:52:25,3.40 req/s,0 req/s
2023-06-12 11:52:30,2.40 req/s,0 req/s
2023-06-12 11:52:35,3.20 req/s,0 req/s
2023-06-12 11:52:40,3.40 req/s,0 req/s
2023-06-12 11:52:45,3.40 req/s,0 req/s
2023-06-12 11:52:50,2.20 req/s,0 req/s
2023-06-12 11:52:55,3 req/s,0 req/s
2023-06-12 11:53:00,2.80 req/s,0 req/s
2023-06-12 11:53:05,3.60 req/s,0 req/s
2023-06-12 11:53:10,2.60 req/s,0 req/s
2023-06-12 11:53:15,3.60 req/s,0 req/s
2023-06-12 11:53:20,3.40 req/s,0 req/s
2023-06-12 11:53:25,2.20 req/s,0 req/s
2023-06-12 11:53:30,3.60 req/s,0 req/s
2023-06-12 11:53:35,3.00 req/s,0 req/s
2023-06-12 11:53:40,2.80 req/s,0 req/s
2023-06-12 11:53:45,2.40 req/s,0 req/s
2023-06-12 11:53:50,3.40 req/s,0 req/s
2023-06-12 11:53:55,3.20 req/s,0 req/s
2023-06-12 11:54:00,2.60 req/s,0 req/s
2023-06-12 11:54:05,2 req/s,0 req/s
2023-06-12 11:54:10,2 req/s,0 req/s
2023-06-12 11:54:15,2 req/s,0 req/s
2023-06-12 11:54:20,2.40 req/s,0 req/s
2023-06-12 11:54:25,1.80 req/s,0 req/s
2023-06-12 11:54:30,2 req/s,0 req/s
2023-06-12 11:54:35,2 req/s,0 req/s
2023-06-12 11:54:40,1.80 req/s,0 req/s
2023-06-12 11:54:45,2.40 req/s,0 req/s
2023-06-12 11:54:50,2 req/s,0 req/s
2023-06-12 11:54:55,2.40 req/s,0 req/s
2023-06-12 11:55:00,1.80 req/s,0 req/s
2023-06-12 11:55:05,1.60 req/s,0 req/s
2023-06-12 11:55:10,2.60 req/s,0 req/s
2023-06-12 11:55:15,1.80 req/s,0 req/s
2023-06-12 11:55:20,2 req/s,0 req/s
2023-06-12 11:55:25,2 req/s,0 req/s
2023-06-12 11:55:30,2 req/s,0 req/s
2023-06-12 11:55:35,2.40 req/s,0 req/s
2023-06-12 11:55:40,1.60 req/s,0 req/s
2023-06-12 11:55:45,2.20 req/s,0 req/s
2023-06-12 11:55:50,1.60 req/s,0 req/s
2023-06-12 11:55:55,2.40 req/s,0 req/s
2023-06-12 11:56:00,2 req/s,0 req/s
2023-06-12 11:56:05,2.20 req/s,0 req/s
2023-06-12 11:56:10,2 req/s,0 req/s
2023-06-12 11:56:15,2.20 req/s,0 req/s
2023-06-12 11:56:20,1.60 req/s,0 req/s
2023-06-12 11:56:25,2.60 req/s,0 req/s
2023-06-12 11:56:30,2 req/s,0 req/s
2023-06-12 11:56:35,2 req/s,0 req/s
2023-06-12 11:56:40,1.60 req/s,0 req/s
2023-06-12 11:56:45,2.40 req/s,0 req/s
2023-06-12 11:56:50,1.40 req/s,0 req/s
2023-06-12 11:56:55,2.20 req/s,0 req/s
2023-06-12 11:57:00,2.60 req/s,0 req/s
2023-06-12 11:57:05,1.80 req/s,0 req/s
2023-06-12 11:57:10,2.20 req/s,0 req/s
2023-06-12 11:57:15,1.20 req/s,0 req/s
2023-06-12 11:57:20,1.20 req/s,0 req/s
2023-06-12 11:57:25,3.60 req/s,0 req/s
2023-06-12 11:57:30,2.40 req/s,0 req/s
2023-06-12 11:57:35,2.60 req/s,0 req/s
2023-06-12 11:57:40,2.60 req/s,0 req/s
2023-06-12 11:57:45,2.80 req/s,0 req/s
2023-06-12 11:57:50,2.40 req/s,0 req/s
2023-06-12 11:57:55,2.20 req/s,0 req/s
2023-06-12 11:58:00,2.60 req/s,0 req/s
2023-06-12 11:58:05,2.40 req/s,0 req/s
2023-06-12 11:58:10,2 req/s,0 req/s
2023-06-12 11:58:15,2.60 req/s,0 req/s
2023-06-12 11:58:20,2.80 req/s,0 req/s
2023-06-12 11:58:25,2.20 req/s,0 req/s
2023-06-12 11:58:30,2.60 req/s,0 req/s
2023-06-12 11:58:35,2.20 req/s,0 req/s
2023-06-12 11:58:40,2.40 req/s,0 req/s
2023-06-12 11:58:45,1.80 req/s,0 req/s
2023-06-12 11:58:50,3.60 req/s,0 req/s
2023-06-12 11:58:55,2 req/s,0 req/s
2023-06-12 11:59:00,2.80 req/s,0 req/s
2023-06-12 11:59:05,2.40 req/s,0 req/s
2023-06-12 11:59:10,2.40 req/s,0 req/s
2023-06-12 11:59:15,2.60 req/s,0 req/s
2023-06-12 11:59:20,2.60 req/s,0 req/s
2023-06-12 11:59:25,2.40 req/s,0 req/s
2023-06-12 11:59:30,2.40 req/s,0 req/s
2023-06-12 11:59:35,1.80 req/s,0 req/s
2023-06-12 11:59:40,3.20 req/s,0 req/s
2023-06-12 11:59:45,2.60 req/s,0 req/s
2023-06-12 11:59:50,2.60 req/s,0 req/s
2023-06-12 11:59:55,3.20 req/s,0 req/s
2023-06-12 12:00:00,3.80 req/s,0 req/s
2023-06-12 12:00:05,2.80 req/s,0 req/s
2023-06-12 12:00:10,3.40 req/s,2.80 req/s
2023-06-12 12:00:15,4.80 req/s,3.40 req/s
2023-06-12 12:00:20,3 req/s,0.600 req/s
2023-06-12 12:00:25,3.40 req/s,2.20 req/s
2023-06-12 12:00:30,4.60 req/s,1.80 req/s
2023-06-12 12:00:35,3.60 req/s,1 req/s
2023-06-12 12:00:40,3.40 req/s,2.80 req/s
2023-06-12 12:00:45,3.80 req/s,3 req/s
2023-06-12 12:00:50,4 req/s,1.40 req/s
2023-06-12 12:00:55,3 req/s,1.60 req/s
2023-06-12 12:01:00,4.20 req/s,2.40 req/s
2023-06-12 12:01:05,3.80 req/s,2.60 req/s
2023-06-12 12:01:10,4.20 req/s,1.80 req/s
2023-06-12 12:01:15,2.20 req/s,0.600 req/s
2023-06-12 12:01:20,4.20 req/s,2.80 req/s
2023-06-12 12:01:25,5.40 req/s,2.60 req/s
2023-06-12 12:01:30,3 req/s,1 req/s
2023-06-12 12:01:35,3.60 req/s,0.400 req/s
2023-06-12 12:01:40,3.80 req/s,0.800 req/s
2023-06-12 12:01:45,1 req/s,0 req/s
2023-06-12 12:01:50,1.20 req/s,0 req/s
2023-06-12 12:01:55,0.800 req/s,0 req/s
2023-06-12 12:02:00,1.20 req/s,0 req/s
2023-06-12 12:02:05,1 req/s,0 req/s
2023-06-12 12:02:10,1 req/s,0 req/s
2023-06-12 12:02:15,1.20 req/s,0 req/s
2023-06-12 12:02:20,1 req/s,0 req/s
2023-06-12 12:02:25,1 req/s,0 req/s
2023-06-12 12:02:30,1.20 req/s,0 req/s
2023-06-12 12:02:35,1 req/s,0 req/s
2023-06-12 12:02:40,1 req/s,0 req/s
2023-06-12 12:02:45,0.800 req/s,0 req/s
2023-06-12 12:02:50,1.40 req/s,0 req/s
2023-06-12 12:02:55,1 req/s,0 req/s
2023-06-12 12:03:00,1 req/s,0 req/s
2023-06-12 12:03:05,1.20 req/s,0 req/s
2023-06-12 12:03:10,1.20 req/s,0 req/s
2023-06-12 12:03:15,0.800 req/s,0 req/s
2023-06-12 12:03:20,1 req/s,0 req/s
2023-06-12 12:03:25,0.996 req/s,0 req/s
2023-06-12 12:03:30,1.20 req/s,0 req/s
2023-06-12 12:03:35,1.20 req/s,0 req/s
2023-06-12 12:03:40,0.997 req/s,0 req/s
2023-06-12 12:03:45,1.00 req/s,0 req/s
2023-06-12 12:03:50,1.20 req/s,0 req/s
2023-06-12 12:03:55,1.000 req/s,0 req/s
2023-06-12 12:04:00,1.20 req/s,0 req/s
2023-06-12 12:04:05,0.598 req/s,0 req/s
2023-06-12 12:04:10,1.40 req/s,0 req/s
2023-06-12 12:04:15,0.998 req/s,0 req/s
2023-06-12 12:04:20,1.20 req/s,0 req/s
2023-06-12 12:04:25,0.600 req/s,0 req/s
2023-06-12 12:04:30,1.40 req/s,0 req/s
2023-06-12 12:04:35,0.996 req/s,0 req/s
2023-06-12 12:04:40,1.20 req/s,0 req/s
2023-06-12 12:04:45,1.00 req/s,0 req/s
2023-06-12 12:04:50,1.20 req/s,0 req/s
2023-06-12 12:04:55,0.998 req/s,0 req/s
2023-06-12 12:05:00,1.00 req/s,0 req/s
2023-06-12 12:05:05,0.599 req/s,0 req/s
2023-06-12 12:05:10,1.60 req/s,0 req/s
2023-06-12 12:05:15,1.60 req/s,0 req/s
2023-06-12 12:05:20,2.40 req/s,0.200 req/s
2023-06-12 12:05:25,4.00 req/s,1.80 req/s
2023-06-12 12:05:30,5.00 req/s,3.20 req/s
2023-06-12 12:05:35,3.00 req/s,1.80 req/s
2023-06-12 12:05:40,4.20 req/s,3.00 req/s
2023-06-12 12:05:45,4.20 req/s,2.80 req/s
2023-06-12 12:05:50,4 req/s,3 req/s
2023-06-12 12:05:55,3.60 req/s,2.20 req/s
2023-06-12 12:06:00,3.80 req/s,2.60 req/s
2023-06-12 12:06:05,4.20 req/s,1.80 req/s
2023-06-12 12:06:10,4.20 req/s,2.20 req/s
2023-06-12 12:06:15,4 req/s,2.40 req/s
2023-06-12 12:06:20,3.00 req/s,1.40 req/s
2023-06-12 12:06:25,4.80 req/s,3.40 req/s
2023-06-12 12:06:30,3.00 req/s,1.40 req/s
2023-06-12 12:06:35,4.80 req/s,3 req/s
2023-06-12 12:06:40,4 req/s,2 req/s
2023-06-12 12:06:45,4 req/s,1.80 req/s
2023-06-12 12:06:50,3.60 req/s,1.80 req/s
2023-06-12 12:06:55,4.80 req/s,3.60 req/s
2023-06-12 12:07:00,3.60 req/s,1.60 req/s
2023-06-12 12:07:05,4 req/s,3.20 req/s
2023-06-12 12:07:10,4.60 req/s,2.20 req/s
2023-06-12 12:07:15,2.80 req/s,0.400 req/s
2023-06-12 12:07:20,4.60 req/s,3.20 req/s
2023-06-12 12:07:25,4.40 req/s,1.60 req/s
2023-06-12 12:07:30,3 req/s,1.60 req/s
2023-06-12 12:07:35,5.20 req/s,3 req/s
2023-06-12 12:07:40,3.60 req/s,1.20 req/s
2023-06-12 12:07:45,3.80 req/s,0.600 req/s
2023-06-12 12:07:50,2.20 req/s,0 req/s
2023-06-12 12:07:55,2.40 req/s,0 req/s
2023-06-12 12:08:00,1.60 req/s,0 req/s
2023-06-12 12:08:05,2.40 req/s,0 req/s
2023-06-12 12:08:10,2.20 req/s,0 req/s
2023-06-12 12:08:15,2 req/s,0 req/s
2023-06-12 12:08:20,2.40 req/s,0 req/s
2023-06-12 12:08:25,2.40 req/s,0 req/s
2023-06-12 12:08:30,2.20 req/s,0 req/s
2023-06-12 12:08:35,1.80 req/s,0 req/s
2023-06-12 12:08:40,2.40 req/s,0 req/s
2023-06-12 12:08:45,2.40 req/s,0 req/s
2023-06-12 12:08:50,2 req/s,0 req/s
2023-06-12 12:08:55,2.60 req/s,0 req/s
2023-06-12 12:09:00,2 req/s,0 req/s
2023-06-12 12:09:05,2 req/s,0 req/s
2023-06-12 12:09:10,2.20 req/s,0 req/s
2023-06-12 12:09:15,2.60 req/s,0 req/s
2023-06-12 12:09:20,2 req/s,0 req/s
2023-06-12 12:09:25,2.20 req/s,0 req/s
2023-06-12 12:09:30,2.20 req/s,0 req/s
2023-06-12 12:09:35,1.80 req/s,0 req/s
2023-06-12 12:09:40,0.800 req/s,0 req/s
2023-06-12 12:09:45,0.600 req/s,0 req/s
2023-06-12 12:09:50,0.600 req/s,0 req/s
2023-06-12 12:09:55,0.400 req/s,0 req/s
2023-06-12 12:10:00,0.400 req/s,0 req/s
2023-06-12 12:10:05,0.600 req/s,0 req/s
2023-06-12 12:10:10,0.600 req/s,0 req/s
2023-06-12 12:10:15,0.400 req/s,0 req/s
2023-06-12 12:10:20,0.400 req/s,0 req/s
2023-06-12 12:10:25,0.600 req/s,0 req/s
2023-06-12 12:10:30,0.600 req/s,0 req/s
2023-06-12 12:10:35,0.200 req/s,0 req/s
2023-06-12 12:10:40,0.600 req/s,0 req/s
2023-06-12 12:10:45,0.600 req/s,0 req/s
2023-06-12 12:10:50,0.600 req/s,0 req/s
2023-06-12 12:10:55,0.400 req/s,0 req/s
2023-06-12 12:11:00,0.600 req/s,0 req/s
2023-06-12 12:11:05,0.400 req/s,0 req/s
2023-06-12 12:11:10,0.400 req/s,0 req/s
2023-06-12 12:11:15,0.400 req/s,0 req/s
2023-06-12 12:11:20,0.600 req/s,0 req/s
2023-06-12 12:11:25,0.600 req/s,0 req/s
2023-06-12 12:11:30,0.600 req/s,0 req/s
2023-06-12 12:11:35,0.400 req/s,0 req/s
2023-06-12 12:11:40,0.600 req/s,0 req/s
2023-06-12 12:11:45,0.400 req/s,0 req/s
2023-06-12 12:11:50,0.400 req/s,0 req/s
2023-06-12 12:11:55,0.400 req/s,0 req/s
2023-06-12 12:12:00,0.200 req/s,0 req/s
2023-06-12 12:12:05,0.600 req/s,0 req/s
2023-06-12 12:12:10,0.400 req/s,0 req/s
2023-06-12 12:12:15,0.400 req/s,0 req/s
2023-06-12 12:12:20,0.400 req/s,0 req/s
2023-06-12 12:12:25,0.400 req/s,0 req/s
2023-06-12 12:12:30,0.400 req/s,0 req/s
2023-06-12 12:12:35,0.400 req/s,0 req/s
2023-06-12 12:12:40,0.200 req/s,0 req/s
2023-06-12 12:12:45,0.600 req/s,0 req/s
2023-06-12 12:12:50,0.200 req/s,0 req/s
2023-06-12 12:12:55,0.400 req/s,0 req/s
2023-06-12 12:13:00,0.400 req/s,0 req/s
2023-06-12 12:13:05,0.400 req/s,0 req/s
2023-06-12 12:13:10,0.400 req/s,0 req/s
2023-06-12 12:13:15,0.400 req/s,0 req/s
2023-06-12 12:13:20,0.400 req/s,0 req/s
2023-06-12 12:13:25,0.400 req/s,0 req/s
2023-06-12 12:13:30,0.400 req/s,0 req/s
2023-06-12 12:13:35,0.400 req/s,0 req/s
2023-06-12 12:13:40,0.400 req/s,0 req/s
2023-06-12 12:13:45,0.400 req/s,0 req/s
2023-06-12 12:13:50,0.400 req/s,0 req/s
2023-06-12 12:13:55,0.400 req/s,0 req/s
2023-06-12 12:14:00,0.400 req/s,0 req/s
2023-06-12 12:14:05,0.400 req/s,0 req/s
2023-06-12 12:14:10,0.400 req/s,0 req/s
2023-06-12 12:14:15,0.200 req/s,0 req/s
2023-06-12 12:14:20,0.800 req/s,0 req/s
2023-06-12 12:14:25,0.600 req/s,0 req/s
2023-06-12 12:14:30,0.400 req/s,0 req/s
2023-06-12 12:14:35,1 req/s,0 req/s
2023-06-12 12:14:40,0.600 req/s,0 req/s
2023-06-12 12:14:45,0.600 req/s,0 req/s
2023-06-12 12:14:50,0.600 req/s,0 req/s
2023-06-12 12:14:55,0.800 req/s,0 req/s
2023-06-12 12:15:00,0.400 req/s,0 req/s
2023-06-12 12:15:05,0.800 req/s,0 req/s
2023-06-12 12:15:10,0.800 req/s,0 req/s
2023-06-12 12:15:15,0.600 req/s,0 req/s
2023-06-12 12:15:20,0.800 req/s,0 req/s
2023-06-12 12:15:25,0.600 req/s,0 req/s
2023-06-12 12:15:30,0.600 req/s,0 req/s
2023-06-12 12:15:35,0.600 req/s,0 req/s
2023-06-12 12:15:40,0.800 req/s,0 req/s
2023-06-12 12:15:45,0.400 req/s,0 req/s
2023-06-12 12:15:50,0.800 req/s,0 req/s
2023-06-12 12:15:55,0.800 req/s,0 req/s
2023-06-12 12:16:00,0.600 req/s,0 req/s
2023-06-12 12:16:05,0.600 req/s,0 req/s
2023-06-12 12:16:10,0.600 req/s,0 req/s
2023-06-12 12:16:15,0.800 req/s,0 req/s
2023-06-12 12:16:20,0.600 req/s,0 req/s
2023-06-12 12:16:25,0.600 req/s,0 req/s
2023-06-12 12:16:30,0.800 req/s,0 req/s
2023-06-12 12:16:35,0.400 req/s,0 req/s
2023-06-12 12:16:40,0.800 req/s,0 req/s
2023-06-12 12:16:45,0.600 req/s,0 req/s
2023-06-12 12:16:50,0.800 req/s,0 req/s
2023-06-12 12:16:55,0.400 req/s,0 req/s
2023-06-12 12:17:00,0.800 req/s,0 req/s
2023-06-12 12:17:05,0.800 req/s,0 req/s
2023-06-12 12:17:10,0.600 req/s,0 req/s
2023-06-12 12:17:15,0.600 req/s,0 req/s
2023-06-12 12:17:20,0.600 req/s,0 req/s
2023-06-12 12:17:25,0.800 req/s,0 req/s
2023-06-12 12:17:30,0.600 req/s,0 req/s
2023-06-12 12:17:35,0.600 req/s,0 req/s
2023-06-12 12:17:40,0.800 req/s,0 req/s
2023-06-12 12:17:45,0.600 req/s,0 req/s
2023-06-12 12:17:50,0.600 req/s,0 req/s
2023-06-12 12:17:55,0.800 req/s,0 req/s
2023-06-12 12:18:00,0.600 req/s,0 req/s
2023-06-12 12:18:05,0.600 req/s,0 req/s
2023-06-12 12:18:10,0.800 req/s,0 req/s
2023-06-12 12:18:15,0.600 req/s,0 req/s
2023-06-12 12:18:20,0.600 req/s,0 req/s
2023-06-12 12:18:25,0.600 req/s,0 req/s
2023-06-12 12:18:30,0.800 req/s,0 req/s
2023-06-12 12:18:35,0.600 req/s,0 req/s
2023-06-12 12:18:40,0.600 req/s,0 req/s
2023-06-12 12:18:45,0.800 req/s,0 req/s
2023-06-12 12:18:50,0.600 req/s,0 req/s
2023-06-12 12:18:55,2.80 req/s,0 req/s
2023-06-12 12:19:00,3.40 req/s,0 req/s
2023-06-12 12:19:05,2.40 req/s,0 req/s
2023-06-12 12:19:10,2.60 req/s,0 req/s
2023-06-12 12:19:15,2.80 req/s,1 req/s
2023-06-12 12:19:20,5.80 req/s,0.600 req/s
2023-06-12 12:19:25,2.60 req/s,0 req/s
2023-06-12 12:19:30,3.60 req/s,0 req/s
2023-06-12 12:19:35,2.20 req/s,0 req/s
2023-06-12 12:19:40,2 req/s,0 req/s
2023-06-12 12:19:45,4.80 req/s,2.60 req/s
2023-06-12 12:19:50,3.80 req/s,1.20 req/s
2023-06-12 12:19:55,2.60 req/s,0 req/s
2023-06-12 12:20:00,3.80 req/s,1.20 req/s
2023-06-12 12:20:05,3 req/s,1.20 req/s
2023-06-12 12:20:10,3.60 req/s,2.20 req/s
2023-06-12 12:20:15,3.40 req/s,1.20 req/s
2023-06-12 12:20:20,3.40 req/s,0.200 req/s
2023-06-12 12:20:25,3 req/s,0 req/s
2023-06-12 12:20:30,0.800 req/s,0 req/s
2023-06-12 12:20:35,0.800 req/s,0 req/s
2023-06-12 12:20:40,0.800 req/s,0 req/s
2023-06-12 12:20:45,0.800 req/s,0 req/s
2023-06-12 12:20:50,0.600 req/s,0 req/s
2023-06-12 12:20:55,1 req/s,0 req/s
2023-06-12 12:21:00,0.800 req/s,0 req/s
2023-06-12 12:21:05,0.800 req/s,0 req/s
2023-06-12 12:21:10,0.800 req/s,0 req/s
2023-06-12 12:21:15,0.800 req/s,0 req/s
2023-06-12 12:21:20,0.800 req/s,0 req/s
2023-06-12 12:21:25,0.800 req/s,0 req/s
2023-06-12 12:21:30,0.800 req/s,0 req/s
2023-06-12 12:21:35,0.800 req/s,0 req/s
2023-06-12 12:21:40,1 req/s,0 req/s
2023-06-12 12:21:45,0.600 req/s,0 req/s
2023-06-12 12:21:50,1 req/s,0 req/s
2023-06-12 12:21:55,0.800 req/s,0 req/s
2023-06-12 12:22:00,0.800 req/s,0 req/s
2023-06-12 12:22:05,0.600 req/s,0 req/s
2023-06-12 12:22:10,1 req/s,0 req/s
2023-06-12 12:22:15,0.800 req/s,0 req/s
2023-06-12 12:22:20,0.800 req/s,0 req/s
2023-06-12 12:22:25,0.800 req/s,0 req/s
2023-06-12 12:22:30,0.600 req/s,0 req/s
2023-06-12 12:22:35,1 req/s,0 req/s
2023-06-12 12:22:40,0.800 req/s,0 req/s
2023-06-12 12:22:45,0.800 req/s,0 req/s
2023-06-12 12:22:50,1 req/s,0 req/s
2023-06-12 12:22:55,0.600 req/s,0 req/s
2023-06-12 12:23:00,1 req/s,0 req/s
2023-06-12 12:23:05,0.400 req/s,0 req/s
2023-06-12 12:23:10,1 req/s,0 req/s
2023-06-12 12:23:15,1 req/s,0 req/s
2023-06-12 12:23:20,0.800 req/s,0 req/s
2023-06-12 12:23:25,0.800 req/s,0 req/s
2023-06-12 12:23:30,0.800 req/s,0 req/s
2023-06-12 12:23:35,0.800 req/s,0 req/s
2023-06-12 12:23:40,0.600 req/s,0 req/s
2023-06-12 12:23:45,1 req/s,0 req/s
2023-06-12 12:23:50,0.800 req/s,0 req/s
2023-06-12 12:23:55,0.800 req/s,0 req/s
2023-06-12 12:24:00,0.800 req/s,0 req/s
2023-06-12 12:24:05,0.800 req/s,0 req/s
2023-06-12 12:24:10,0.800 req/s,0 req/s
2023-06-12 12:24:15,0.800 req/s,0 req/s
2023-06-12 12:24:20,2.60 req/s,0 req/s
2023-06-12 12:24:25,2.80 req/s,0 req/s
2023-06-12 12:24:30,3.80 req/s,0 req/s
2023-06-12 12:24:35,3.60 req/s,0 req/s
2023-06-12 12:24:40,3.40 req/s,0.400 req/s
2023-06-12 12:24:45,2.40 req/s,0.600 req/s
2023-06-12 12:24:50,5.20 req/s,3.40 req/s
2023-06-12 12:24:55,4.20 req/s,0.800 req/s
2023-06-12 12:25:00,3.20 req/s,0 req/s
2023-06-12 12:25:05,3.40 req/s,0.400 req/s
2023-06-12 12:25:10,3.40 req/s,2 req/s
2023-06-12 12:25:15,3.60 req/s,1.20 req/s
2023-06-12 12:25:20,3.20 req/s,2 req/s
2023-06-12 12:25:25,4.40 req/s,2.40 req/s
2023-06-12 12:25:30,3.60 req/s,1.20 req/s
2023-06-12 12:25:35,3.80 req/s,1.20 req/s
2023-06-12 12:25:40,3.40 req/s,0.200 req/s
2023-06-12 12:25:45,3.20 req/s,1.80 req/s
2023-06-12 12:25:50,4.80 req/s,2.80 req/s
2023-06-12 12:25:55,3.60 req/s,1.40 req/s
2023-06-12 12:26:00,4.20 req/s,1.20 req/s
2023-06-12 12:26:05,3 req/s,0.200 req/s
2023-06-12 12:26:10,3.60 req/s,2.20 req/s
2023-06-12 12:26:15,4 req/s,1.80 req/s
2023-06-12 12:26:20,3.60 req/s,2 req/s
2023-06-12 12:26:25,4.20 req/s,2.40 req/s
2023-06-12 12:26:30,3 req/s,0.800 req/s
2023-06-12 12:26:35,4.60 req/s,2.60 req/s
2023-06-12 12:26:40,2.80 req/s,0 req/s
2023-06-12 12:26:45,1.60 req/s,0 req/s
2023-06-12 12:26:50,2.60 req/s,0 req/s
2023-06-12 12:26:55,2.20 req/s,0 req/s
2023-06-12 12:27:00,2 req/s,0 req/s
2023-06-12 12:27:05,2.40 req/s,0 req/s
2023-06-12 12:27:10,2 req/s,0 req/s
2023-06-12 12:27:15,2.20 req/s,0 req/s
2023-06-12 12:27:20,2.20 req/s,0 req/s
2023-06-12 12:27:25,1.80 req/s,0 req/s
2023-06-12 12:27:30,2.40 req/s,0 req/s
2023-06-12 12:27:35,1.80 req/s,0 req/s
2023-06-12 12:27:40,2.20 req/s,0 req/s
2023-06-12 12:27:45,2 req/s,0 req/s
2023-06-12 12:27:50,2.80 req/s,0 req/s
2023-06-12 12:27:55,2 req/s,0 req/s
2023-06-12 12:28:00,1.60 req/s,0 req/s
2023-06-12 12:28:05,2.40 req/s,0 req/s
2023-06-12 12:28:10,2.40 req/s,0 req/s
2023-06-12 12:28:15,2.20 req/s,0 req/s
2023-06-12 12:28:20,2.20 req/s,0 req/s
2023-06-12 12:28:25,2 req/s,0 req/s
2023-06-12 12:28:30,2.20 req/s,0 req/s
2023-06-12 12:28:35,2.20 req/s,0 req/s
2023-06-12 12:28:40,2.20 req/s,0 req/s
2023-06-12 12:28:45,2.20 req/s,0 req/s
2023-06-12 12:28:50,2 req/s,0 req/s
2023-06-12 12:28:55,1.60 req/s,0 req/s
2023-06-12 12:29:00,2.80 req/s,0 req/s
2023-06-12 12:29:05,2.20 req/s,0 req/s
2023-06-12 12:29:10,1.80 req/s,0 req/s
2023-06-12 12:29:15,2.60 req/s,0 req/s
2023-06-12 12:29:20,2.20 req/s,0 req/s
2023-06-12 12:29:25,1.80 req/s,0 req/s
2023-06-12 12:29:30,2.20 req/s,0 req/s
2023-06-12 12:29:35,2 req/s,0 req/s
2023-06-12 12:29:40,2.60 req/s,0 req/s
2023-06-12 12:29:45,1.80 req/s,0 req/s
2023-06-12 12:29:50,1.80 req/s,0 req/s
2023-06-12 12:29:55,2.80 req/s,0 req/s
2023-06-12 12:30:00,1.80 req/s,0 req/s
2023-06-12 12:30:05,1.60 req/s,0 req/s
2023-06-12 12:30:10,2.20 req/s,0 req/s
2023-06-12 12:30:15,1.40 req/s,0 req/s
2023-06-12 12:30:20,3.20 req/s,0 req/s
2023-06-12 12:30:25,2.40 req/s,0 req/s
2023-06-12 12:30:30,2.40 req/s,0 req/s
2023-06-12 12:30:35,2 req/s,0 req/s
2023-06-12 12:30:40,2.20 req/s,0 req/s
2023-06-12 12:30:45,2.40 req/s,0 req/s
2023-06-12 12:30:50,2 req/s,0 req/s
2023-06-12 12:30:55,1.60 req/s,0 req/s
2023-06-12 12:31:00,3.20 req/s,0 req/s
2023-06-12 12:31:05,2.80 req/s,0 req/s
2023-06-12 12:31:10,2 req/s,0 req/s
2023-06-12 12:31:15,3.40 req/s,0 req/s
2023-06-12 12:31:20,2.60 req/s,0 req/s
2023-06-12 12:31:25,1.80 req/s,0 req/s
2023-06-12 12:31:30,2.80 req/s,0 req/s
2023-06-12 12:31:35,2.80 req/s,0 req/s
2023-06-12 12:31:40,3.20 req/s,0 req/s
2023-06-12 12:31:45,4 req/s,0 req/s
2023-06-12 12:31:50,2.20 req/s,0 req/s
2023-06-12 12:31:55,2.80 req/s,0 req/s
2023-06-12 12:32:00,3.20 req/s,0 req/s
2023-06-12 12:32:05,2.20 req/s,0 req/s
2023-06-12 12:32:10,3.40 req/s,0 req/s
2023-06-12 12:32:15,2.80 req/s,0 req/s
2023-06-12 12:32:20,3.00 req/s,0 req/s
2023-06-12 12:32:25,2.60 req/s,0 req/s
2023-06-12 12:32:30,2.80 req/s,0 req/s
2023-06-12 12:32:35,3.20 req/s,0 req/s
2023-06-12 12:32:40,2.60 req/s,0 req/s
2023-06-12 12:32:45,2.60 req/s,0 req/s
2023-06-12 12:32:50,3.00 req/s,0 req/s
2023-06-12 12:32:55,3.00 req/s,0 req/s
2023-06-12 12:33:00,2.60 req/s,0 req/s
2023-06-12 12:33:05,3 req/s,0 req/s
2023-06-12 12:33:10,3 req/s,0 req/s
2023-06-12 12:33:15,2.40 req/s,0 req/s
2023-06-12 12:33:20,3.00 req/s,0 req/s
2023-06-12 12:33:25,2.20 req/s,0 req/s
2023-06-12 12:33:30,3.60 req/s,0 req/s
2023-06-12 12:33:35,2.20 req/s,0 req/s
2023-06-12 12:33:40,2.80 req/s,0 req/s
2023-06-12 12:33:45,3.20 req/s,0 req/s
2023-06-12 12:33:50,2.60 req/s,0 req/s
2023-06-12 12:33:55,2.80 req/s,0 req/s
2023-06-12 12:34:00,2.80 req/s,0 req/s
2023-06-12 12:34:05,2.80 req/s,0 req/s
2023-06-12 12:34:10,2.40 req/s,0 req/s
2023-06-12 12:34:15,2 req/s,0 req/s
2023-06-12 12:34:20,0.800 req/s,0 req/s
2023-06-12 12:34:25,0.600 req/s,0 req/s
2023-06-12 12:34:30,0.800 req/s,0 req/s
2023-06-12 12:34:35,0.800 req/s,0 req/s
2023-06-12 12:34:40,0.600 req/s,0 req/s
2023-06-12 12:34:45,0.800 req/s,0 req/s
2023-06-12 12:34:50,0.600 req/s,0 req/s
2023-06-12 12:34:55,0.800 req/s,0 req/s
2023-06-12 12:35:00,1 req/s,0 req/s
2023-06-12 12:35:05,0.600 req/s,0 req/s
2023-06-12 12:35:10,0.800 req/s,0 req/s
2023-06-12 12:35:15,0.600 req/s,0 req/s
2023-06-12 12:35:20,1 req/s,0 req/s
2023-06-12 12:35:25,0.600 req/s,0 req/s
2023-06-12 12:35:30,0.800 req/s,0 req/s
2023-06-12 12:35:35,0.800 req/s,0 req/s
2023-06-12 12:35:40,0.600 req/s,0 req/s
2023-06-12 12:35:45,0.800 req/s,0 req/s
2023-06-12 12:35:50,0.800 req/s,0 req/s
2023-06-12 12:35:55,0.600 req/s,0 req/s
2023-06-12 12:36:00,0.800 req/s,0 req/s
2023-06-12 12:36:05,0.800 req/s,0 req/s
2023-06-12 12:36:10,0.800 req/s,0 req/s
2023-06-12 12:36:15,0.600 req/s,0 req/s
2023-06-12 12:36:20,0.800 req/s,0 req/s
2023-06-12 12:36:25,0.800 req/s,0 req/s
2023-06-12 12:36:30,0.800 req/s,0 req/s
2023-06-12 12:36:35,0.600 req/s,0 req/s
2023-06-12 12:36:40,0.800 req/s,0 req/s
2023-06-12 12:36:45,0.800 req/s,0 req/s
2023-06-12 12:36:50,0.400 req/s,0 req/s
2023-06-12 12:36:55,1 req/s,0 req/s
2023-06-12 12:37:00,0.800 req/s,0 req/s
2023-06-12 12:37:05,0.800 req/s,0 req/s
2023-06-12 12:37:10,0.800 req/s,0 req/s
2023-06-12 12:37:15,0.600 req/s,0 req/s
2023-06-12 12:37:20,0.800 req/s,0 req/s
2023-06-12 12:37:25,0.800 req/s,0 req/s
2023-06-12 12:37:30,0.600 req/s,0 req/s
2023-06-12 12:37:35,0.800 req/s,0 req/s
2023-06-12 12:37:40,0.800 req/s,0 req/s
2023-06-12 12:37:45,0.800 req/s,0 req/s
2023-06-12 12:37:50,0.400 req/s,0 req/s
2023-06-12 12:37:55,1 req/s,0 req/s
2023-06-12 12:38:00,0.800 req/s,0 req/s
2023-06-12 12:38:05,0.800 req/s,0 req/s
2023-06-12 12:38:10,0.600 req/s,0 req/s
2023-06-12 12:38:15,0.800 req/s,0 req/s
2023-06-12 12:38:20,0.800 req/s,0 req/s
2023-06-12 12:38:25,0.800 req/s,0 req/s
2023-06-12 12:38:30,0.800 req/s,0 req/s
2023-06-12 12:38:35,0.800 req/s,0 req/s
2023-06-12 12:38:40,0.800 req/s,0 req/s
2023-06-12 12:38:45,0.800 req/s,0 req/s
2023-06-12 12:38:50,0.600 req/s,0 req/s
2023-06-12 12:38:55,1 req/s,0 req/s
2023-06-12 12:39:00,0.800 req/s,0 req/s
2023-06-12 12:39:05,1 req/s,0 req/s
2023-06-12 12:39:10,0.400 req/s,0 req/s
2023-06-12 12:39:15,1 req/s,0 req/s
2023-06-12 12:39:20,0.800 req/s,0 req/s
2023-06-12 12:39:25,0.800 req/s,0 req/s
2023-06-12 12:39:30,0.800 req/s,0 req/s
2023-06-12 12:39:35,1 req/s,0 req/s
2023-06-12 12:39:40,0.800 req/s,0 req/s
2023-06-12 12:39:45,0.600 req/s,0 req/s
2023-06-12 12:39:50,0.800 req/s,0 req/s
2023-06-12 12:39:55,0.800 req/s,0 req/s
2023-06-12 12:40:00,1 req/s,0 req/s
2023-06-12 12:40:05,0.800 req/s,0 req/s
2023-06-12 12:40:10,0.800 req/s,0 req/s
2023-06-12 12:40:15,0.600 req/s,0 req/s
2023-06-12 12:40:20,0.800 req/s,0 req/s
2023-06-12 12:40:25,1 req/s,0 req/s
2023-06-12 12:40:30,0.800 req/s,0 req/s
2023-06-12 12:40:35,0.800 req/s,0 req/s
2023-06-12 12:40:40,0.800 req/s,0 req/s
2023-06-12 12:40:45,0.800 req/s,0 req/s
2023-06-12 12:40:50,0.800 req/s,0 req/s
2023-06-12 12:40:55,0.800 req/s,0 req/s
2023-06-12 12:41:00,0.800 req/s,0 req/s
2023-06-12 12:41:05,0.800 req/s,0 req/s
2023-06-12 12:41:10,0.800 req/s,0 req/s
2023-06-12 12:41:15,0.800 req/s,0 req/s
2023-06-12 12:41:20,2 req/s,0 req/s
2023-06-12 12:41:25,2.40 req/s,0 req/s
2023-06-12 12:41:30,2.80 req/s,0 req/s
2023-06-12 12:41:35,2.40 req/s,0 req/s
2023-06-12 12:41:40,2.40 req/s,0 req/s
2023-06-12 12:41:45,3.20 req/s,0 req/s
2023-06-12 12:41:50,2.60 req/s,0 req/s
2023-06-12 12:41:55,2.40 req/s,0 req/s
2023-06-12 12:42:00,3 req/s,0 req/s
2023-06-12 12:42:05,2.60 req/s,0 req/s
2023-06-12 12:42:10,2.60 req/s,0 req/s
2023-06-12 12:42:15,3 req/s,0 req/s
2023-06-12 12:42:20,2.80 req/s,0 req/s
2023-06-12 12:42:25,2 req/s,0 req/s
2023-06-12 12:42:30,2.80 req/s,0 req/s
2023-06-12 12:42:35,2.40 req/s,0 req/s
2023-06-12 12:42:40,2.80 req/s,0 req/s
2023-06-12 12:42:45,2.80 req/s,0 req/s
2023-06-12 12:42:50,1.60 req/s,0 req/s
2023-06-12 12:42:55,2.20 req/s,0 req/s
2023-06-12 12:43:00,4 req/s,0 req/s
2023-06-12 12:43:05,3.40 req/s,0 req/s
2023-06-12 12:43:10,2 req/s,0 req/s
2023-06-12 12:43:15,3.20 req/s,0 req/s
2023-06-12 12:43:20,2.40 req/s,0 req/s
2023-06-12 12:43:25,2.20 req/s,0 req/s
2023-06-12 12:43:30,2.60 req/s,0 req/s
2023-06-12 12:43:35,3 req/s,0 req/s
2023-06-12 12:43:40,2.80 req/s,0 req/s
2023-06-12 12:43:45,3.20 req/s,0 req/s
2023-06-12 12:43:50,2.60 req/s,0 req/s
2023-06-12 12:43:55,2.40 req/s,0 req/s
2023-06-12 12:44:00,1.80 req/s,0 req/s
2023-06-12 12:44:05,2 req/s,0 req/s
2023-06-12 12:44:10,1.80 req/s,0 req/s
2023-06-12 12:44:15,1.40 req/s,0 req/s
2023-06-12 12:44:20,2 req/s,0 req/s
2023-06-12 12:44:25,1.40 req/s,0 req/s
2023-06-12 12:44:30,1.80 req/s,0 req/s
2023-06-12 12:44:35,1.60 req/s,0 req/s
2023-06-12 12:44:40,1.80 req/s,0 req/s
2023-06-12 12:44:45,1.60 req/s,0 req/s
2023-06-12 12:44:50,1.80 req/s,0 req/s
2023-06-12 12:44:55,1.60 req/s,0 req/s
2023-06-12 12:45:00,1.60 req/s,0 req/s
2023-06-12 12:45:05,1.40 req/s,0 req/s
2023-06-12 12:45:10,1.80 req/s,0 req/s
2023-06-12 12:45:15,1.80 req/s,0 req/s
2023-06-12 12:45:20,1.60 req/s,0 req/s
2023-06-12 12:45:25,2 req/s,0 req/s
2023-06-12 12:45:30,1.80 req/s,0 req/s
2023-06-12 12:45:35,1.20 req/s,0 req/s
2023-06-12 12:45:40,2 req/s,0 req/s
2023-06-12 12:45:45,1.40 req/s,0 req/s
2023-06-12 12:45:50,2 req/s,0 req/s
2023-06-12 12:45:55,1.60 req/s,0 req/s
2023-06-12 12:46:00,1.60 req/s,0 req/s
2023-06-12 12:46:05,2 req/s,0 req/s
2023-06-12 12:46:10,1 req/s,0 req/s
2023-06-12 12:46:15,2 req/s,0 req/s
2023-06-12 12:46:20,1.80 req/s,0 req/s
2023-06-12 12:46:25,1.60 req/s,0 req/s
2023-06-12 12:46:30,1.80 req/s,0 req/s
2023-06-12 12:46:35,1.80 req/s,0 req/s
2023-06-12 12:46:40,1.40 req/s,0 req/s
2023-06-12 12:46:45,2 req/s,0 req/s
2023-06-12 12:46:50,1.20 req/s,0 req/s
2023-06-12 12:46:55,1.80 req/s,0 req/s
2023-06-12 12:47:00,1.80 req/s,0 req/s
2023-06-12 12:47:05,2 req/s,0 req/s
2023-06-12 12:47:10,1.60 req/s,0 req/s
2023-06-12 12:47:15,1.80 req/s,0 req/s
2023-06-12 12:47:20,1.40 req/s,0 req/s
2023-06-12 12:47:25,0.600 req/s,0 req/s
2023-06-12 12:47:30,0.800 req/s,0 req/s
2023-06-12 12:47:35,0.600 req/s,0 req/s
2023-06-12 12:47:40,0.800 req/s,0 req/s
2023-06-12 12:47:45,0.600 req/s,0 req/s
2023-06-12 12:47:50,0.600 req/s,0 req/s
2023-06-12 12:47:55,0.800 req/s,0 req/s
2023-06-12 12:48:00,0.800 req/s,0 req/s
2023-06-12 12:48:05,0.800 req/s,0 req/s
2023-06-12 12:48:10,0.400 req/s,0 req/s
2023-06-12 12:48:15,1 req/s,0 req/s
2023-06-12 12:48:20,0.600 req/s,0 req/s
2023-06-12 12:48:25,0.800 req/s,0 req/s
2023-06-12 12:48:30,0.600 req/s,0 req/s
2023-06-12 12:48:35,0.800 req/s,0 req/s
2023-06-12 12:48:40,0.800 req/s,0 req/s
2023-06-12 12:48:45,0.600 req/s,0 req/s
2023-06-12 12:48:50,0.800 req/s,0 req/s
2023-06-12 12:48:55,0.600 req/s,0 req/s
2023-06-12 12:49:00,0.800 req/s,0 req/s
2023-06-12 12:49:05,0.800 req/s,0 req/s
2023-06-12 12:49:10,0.600 req/s,0 req/s
2023-06-12 12:49:15,0.600 req/s,0 req/s
2023-06-12 12:49:20,0.800 req/s,0 req/s
2023-06-12 12:49:25,0.800 req/s,0 req/s
2023-06-12 12:49:30,0.600 req/s,0 req/s
2023-06-12 12:49:35,0.600 req/s,0 req/s
2023-06-12 12:49:40,0.800 req/s,0 req/s
2023-06-12 12:49:45,0.800 req/s,0 req/s
2023-06-12 12:49:50,0.800 req/s,0 req/s
2023-06-12 12:49:55,0.600 req/s,0 req/s
2023-06-12 12:50:00,0.800 req/s,0 req/s
2023-06-12 12:50:05,0.600 req/s,0 req/s
2023-06-12 12:50:10,0.600 req/s,0 req/s
2023-06-12 12:50:15,0.800 req/s,0 req/s
2023-06-12 12:50:20,0.800 req/s,0 req/s
2023-06-12 12:50:25,0.600 req/s,0 req/s
2023-06-12 12:50:30,0.600 req/s,0 req/s
2023-06-12 12:50:35,1 req/s,0 req/s
2023-06-12 12:50:40,0.600 req/s,0 req/s
2023-06-12 12:50:45,0.800 req/s,0 req/s
2023-06-12 12:50:50,0.600 req/s,0 req/s
2023-06-12 12:50:55,0.800 req/s,0 req/s
2023-06-12 12:51:00,0.600 req/s,0 req/s
2023-06-12 12:51:05,0.800 req/s,0 req/s
2023-06-12 12:51:10,0.600 req/s,0 req/s
2023-06-12 12:51:15,0.800 req/s,0 req/s
2023-06-12 12:51:20,0.600 req/s,0 req/s
2023-06-12 12:51:25,0.800 req/s,0 req/s
2023-06-12 12:51:30,0.600 req/s,0 req/s
2023-06-12 12:51:35,0.400 req/s,0 req/s
2023-06-12 12:51:40,0.400 req/s,0 req/s
2023-06-12 12:51:45,0.599 req/s,0 req/s
2023-06-12 12:51:50,0.802 req/s,0 req/s
2023-06-12 12:51:55,0.599 req/s,0 req/s
2023-06-12 12:52:00,0.400 req/s,0 req/s
2023-06-12 12:52:05,0.600 req/s,0 req/s
2023-06-12 12:52:10,0.600 req/s,0 req/s
2023-06-12 12:52:15,0.600 req/s,0 req/s
2023-06-12 12:52:20,0.400 req/s,0 req/s
2023-06-12 12:52:25,0.597 req/s,0 req/s
2023-06-12 12:52:30,0.402 req/s,0 req/s
2023-06-12 12:52:35,0.602 req/s,0 req/s
2023-06-12 12:52:40,0.599 req/s,0 req/s
2023-06-12 12:52:45,0.800 req/s,0 req/s
2023-06-12 12:52:50,0.400 req/s,0 req/s
2023-06-12 12:52:55,0.600 req/s,0 req/s
2023-06-12 12:53:00,0.601 req/s,0 req/s
2023-06-12 12:53:05,0.601 req/s,0 req/s
2023-06-12 12:53:10,0.400 req/s,0 req/s
2023-06-12 12:53:15,0.599 req/s,0 req/s
2023-06-12 12:53:20,0.599 req/s,0 req/s
2023-06-12 12:53:25,0.602 req/s,0 req/s
2023-06-12 12:53:30,0.599 req/s,0 req/s
2023-06-12 12:53:35,0.400 req/s,0 req/s
2023-06-12 12:53:40,0.600 req/s,0 req/s
2023-06-12 12:53:45,0.599 req/s,0 req/s
2023-06-12 12:53:50,0.602 req/s,0 req/s
2023-06-12 12:53:55,0.798 req/s,0 req/s
2023-06-12 12:54:00,0.600 req/s,0 req/s
2023-06-12 12:54:05,0.600 req/s,0 req/s
2023-06-12 12:54:10,0.800 req/s,0 req/s
2023-06-12 12:54:15,0.800 req/s,0 req/s
2023-06-12 12:54:20,0.599 req/s,0 req/s
2023-06-12 12:54:25,0.801 req/s,0 req/s
2023-06-12 12:54:30,0.400 req/s,0 req/s
2023-06-12 12:54:35,0.600 req/s,0 req/s
2023-06-12 12:54:40,1.00 req/s,0 req/s
2023-06-12 12:54:45,0.599 req/s,0 req/s
2023-06-12 12:54:50,0.600 req/s,0 req/s
2023-06-12 12:54:55,0.800 req/s,0 req/s
2023-06-12 12:55:00,0.600 req/s,0 req/s
2023-06-12 12:55:05,0.800 req/s,0 req/s
2023-06-12 12:55:10,0.400 req/s,0 req/s
2023-06-12 12:55:15,0.800 req/s,0 req/s
2023-06-12 12:55:20,0.800 req/s,0 req/s
2023-06-12 12:55:25,0.600 req/s,0 req/s
2023-06-12 12:55:30,0.800 req/s,0 req/s
2023-06-12 12:55:35,0.600 req/s,0 req/s
2023-06-12 12:55:40,0.800 req/s,0 req/s
2023-06-12 12:55:45,0.600 req/s,0 req/s
2023-06-12 12:55:50,0.600 req/s,0 req/s
2023-06-12 12:55:55,0.800 req/s,0 req/s
2023-06-12 12:56:00,0.600 req/s,0 req/s
2023-06-12 12:56:05,0.600 req/s,0 req/s
2023-06-12 12:56:10,0.800 req/s,0 req/s
2023-06-12 12:56:15,0.600 req/s,0 req/s
2023-06-12 12:56:20,0.800 req/s,0 req/s
2023-06-12 12:56:25,0.400 req/s,0 req/s
2023-06-12 12:56:30,1 req/s,0 req/s
2023-06-12 12:56:35,0.600 req/s,0 req/s
2023-06-12 12:56:40,0.600 req/s,0 req/s
2023-06-12 12:56:45,0.600 req/s,0 req/s
2023-06-12 12:56:50,0.800 req/s,0 req/s
2023-06-12 12:56:55,0.600 req/s,0 req/s
2023-06-12 12:57:00,0.800 req/s,0 req/s
2023-06-12 12:57:05,0.600 req/s,0 req/s
2023-06-12 12:57:10,0.800 req/s,0 req/s
2023-06-12 12:57:15,0.600 req/s,0 req/s
2023-06-12 12:57:20,0.800 req/s,0 req/s
2023-06-12 12:57:25,0.600 req/s,0 req/s
2023-06-12 12:57:30,1 req/s,0 req/s
2023-06-12 12:57:35,1.20 req/s,0 req/s
2023-06-12 12:57:40,0.800 req/s,0 req/s
2023-06-12 12:57:45,1.20 req/s,0 req/s
2023-06-12 12:57:50,0.800 req/s,0 req/s
2023-06-12 12:57:55,1.20 req/s,0 req/s
2023-06-12 12:58:00,1.20 req/s,0 req/s
2023-06-12 12:58:05,1 req/s,0 req/s
2023-06-12 12:58:10,0.800 req/s,0 req/s
2023-06-12 12:58:15,1.40 req/s,0 req/s
2023-06-12 12:58:20,0.800 req/s,0 req/s
2023-06-12 12:58:25,1.20 req/s,0 req/s
2023-06-12 12:58:30,0.800 req/s,0 req/s
2023-06-12 12:58:35,1.40 req/s,0 req/s
2023-06-12 12:58:40,1 req/s,0 req/s
2023-06-12 12:58:45,1 req/s,0 req/s
2023-06-12 12:58:50,1 req/s,0 req/s
2023-06-12 12:58:55,0.800 req/s,0 req/s
2023-06-12 12:59:00,1.20 req/s,0 req/s
2023-06-12 12:59:05,1 req/s,0 req/s
2023-06-12 12:59:10,1.20 req/s,0 req/s
2023-06-12 12:59:15,1 req/s,0 req/s
2023-06-12 12:59:20,1.20 req/s,0 req/s
2023-06-12 12:59:25,1 req/s,0 req/s
2023-06-12 12:59:30,0.600 req/s,0 req/s
2023-06-12 12:59:35,1.20 req/s,0 req/s
2023-06-12 12:59:40,1.20 req/s,0 req/s
2023-06-12 12:59:45,1 req/s,0 req/s
2023-06-12 12:59:50,1.20 req/s,0 req/s
2023-06-12 12:59:55,0.800 req/s,0 req/s
2023-06-12 13:00:00,1.20 req/s,0 req/s
2023-06-12 13:00:05,1 req/s,0 req/s
2023-06-12 13:00:10,1 req/s,0 req/s
2023-06-12 13:00:15,1.20 req/s,0 req/s
2023-06-12 13:00:20,1 req/s,0 req/s
2023-06-12 13:00:25,0.800 req/s,0 req/s
2023-06-12 13:00:30,1.40 req/s,0 req/s
2023-06-12 13:00:35,1 req/s,0 req/s
2023-06-12 13:00:40,1 req/s,0 req/s
2023-06-12 13:00:45,1 req/s,0 req/s
2023-06-12 13:00:50,1.20 req/s,0 req/s
2023-06-12 13:00:55,1 req/s,0 req/s
2023-06-12 13:01:00,1 req/s,0 req/s
2023-06-12 13:01:05,1 req/s,0 req/s
2023-06-12 13:01:10,1 req/s,0 req/s
2023-06-12 13:01:15,0.800 req/s,0 req/s
2023-06-12 13:01:20,1.40 req/s,0 req/s
2023-06-12 13:01:25,1 req/s,0 req/s
2023-06-12 13:01:30,1 req/s,0 req/s
2023-06-12 13:01:35,1.40 req/s,0 req/s
2023-06-12 13:01:40,2.80 req/s,0 req/s
2023-06-12 13:01:45,3.60 req/s,0 req/s
2023-06-12 13:01:50,3 req/s,0 req/s
2023-06-12 13:01:55,3.40 req/s,0 req/s
2023-06-12 13:02:00,2.80 req/s,0 req/s
2023-06-12 13:02:05,3.40 req/s,0 req/s
2023-06-12 13:02:10,2.20 req/s,0 req/s
2023-06-12 13:02:15,2.60 req/s,0 req/s
2023-06-12 13:02:20,3.80 req/s,0 req/s
2023-06-12 13:02:25,3 req/s,0 req/s
2023-06-12 13:02:30,3.40 req/s,0 req/s
2023-06-12 13:02:35,3.80 req/s,0 req/s
2023-06-12 13:02:40,2 req/s,0 req/s
2023-06-12 13:02:45,2.80 req/s,0 req/s
2023-06-12 13:02:50,3.80 req/s,0 req/s
2023-06-12 13:02:55,2.80 req/s,0 req/s
2023-06-12 13:03:00,3.60 req/s,0 req/s
2023-06-12 13:03:05,2.20 req/s,0 req/s
2023-06-12 13:03:10,3.40 req/s,1.60 req/s
2023-06-12 13:03:15,3 req/s,2 req/s
2023-06-12 13:03:20,4.40 req/s,1.80 req/s
2023-06-12 13:03:25,2.40 req/s,0 req/s
2023-06-12 13:03:30,3.40 req/s,0 req/s
2023-06-12 13:03:35,3.40 req/s,0 req/s
2023-06-12 13:03:40,3.20 req/s,0.200 req/s
2023-06-12 13:03:45,4.60 req/s,0 req/s
2023-06-12 13:03:50,2.20 req/s,0 req/s
2023-06-12 13:03:55,3 req/s,0 req/s
2023-06-12 13:04:00,3.20 req/s,0 req/s
2023-06-12 13:04:05,3.20 req/s,0 req/s
2023-06-12 13:04:10,2 req/s,0 req/s
2023-06-12 13:04:15,3.80 req/s,0 req/s
2023-06-12 13:04:20,3.20 req/s,0 req/s
2023-06-12 13:04:25,3 req/s,0 req/s
2023-06-12 13:04:30,2.20 req/s,0.200 req/s
2023-06-12 13:04:35,4.60 req/s,2.20 req/s
2023-06-12 13:04:40,3.00 req/s,0.400 req/s
2023-06-12 13:04:45,4 req/s,1 req/s
2023-06-12 13:04:50,2 req/s,0.200 req/s
2023-06-12 13:04:55,5.20 req/s,2.40 req/s
2023-06-12 13:05:00,3.00 req/s,0 req/s
2023-06-12 13:05:05,2.80 req/s,0 req/s
2023-06-12 13:05:10,2.40 req/s,1 req/s
2023-06-12 13:05:15,4 req/s,2.60 req/s
2023-06-12 13:05:20,3.60 req/s,0.800 req/s
2023-06-12 13:05:25,2.40 req/s,0.400 req/s
2023-06-12 13:05:30,4 req/s,1.60 req/s
2023-06-12 13:05:35,3.20 req/s,0 req/s
2023-06-12 13:05:40,3.40 req/s,1.60 req/s
2023-06-12 13:05:45,3.20 req/s,1 req/s
2023-06-12 13:05:50,3.40 req/s,2 req/s
2023-06-12 13:05:55,3 req/s,1.20 req/s
2023-06-12 13:06:00,3.60 req/s,2 req/s
2023-06-12 13:06:05,4 req/s,2.20 req/s
2023-06-12 13:06:10,2 req/s,0.400 req/s
2023-06-12 13:06:15,3.80 req/s,2.20 req/s
2023-06-12 13:06:20,4.20 req/s,1.80 req/s
2023-06-12 13:06:25,2.80 req/s,0.400 req/s
2023-06-12 13:06:30,4.80 req/s,0.400 req/s
2023-06-12 13:06:35,3.20 req/s,0 req/s
2023-06-12 13:06:40,1.60 req/s,0 req/s
2023-06-12 13:06:45,3.60 req/s,1.20 req/s
2023-06-12 13:06:50,4.20 req/s,1.20 req/s
2023-06-12 13:06:55,2.20 req/s,0 req/s
2023-06-12 13:07:00,4.20 req/s,0.800 req/s
2023-06-12 13:07:05,0.400 req/s,0 req/s
2023-06-12 13:07:10,0.600 req/s,0 req/s
2023-06-12 13:07:15,0.400 req/s,0 req/s
2023-06-12 13:07:20,0.600 req/s,0 req/s
2023-06-12 13:07:25,0.400 req/s,0 req/s
2023-06-12 13:07:30,0.600 req/s,0 req/s
2023-06-12 13:07:35,0.400 req/s,0 req/s
2023-06-12 13:07:40,0.600 req/s,0 req/s
2023-06-12 13:07:45,0.400 req/s,0 req/s
2023-06-12 13:07:50,0.600 req/s,0 req/s
2023-06-12 13:07:55,0.600 req/s,0 req/s
2023-06-12 13:08:00,0.400 req/s,0 req/s
2023-06-12 13:08:05,0.600 req/s,0 req/s
2023-06-12 13:08:10,0.400 req/s,0 req/s
2023-06-12 13:08:15,0.600 req/s,0 req/s
2023-06-12 13:08:20,0.400 req/s,0 req/s
2023-06-12 13:08:25,0.400 req/s,0 req/s
2023-06-12 13:08:30,0.600 req/s,0 req/s
2023-06-12 13:08:35,0.600 req/s,0 req/s
2023-06-12 13:08:40,0.400 req/s,0 req/s
2023-06-12 13:08:45,0.600 req/s,0 req/s
2023-06-12 13:08:50,0.400 req/s,0 req/s
2023-06-12 13:08:55,0.600 req/s,0 req/s
2023-06-12 13:09:00,0.600 req/s,0 req/s
2023-06-12 13:09:05,0.400 req/s,0 req/s
2023-06-12 13:09:10,0.600 req/s,0 req/s
2023-06-12 13:09:15,0.400 req/s,0 req/s
2023-06-12 13:09:20,0.400 req/s,0 req/s
2023-06-12 13:09:25,0.600 req/s,0 req/s
2023-06-12 13:09:30,0.400 req/s,0 req/s
2023-06-12 13:09:35,0.600 req/s,0 req/s
2023-06-12 13:09:40,0.600 req/s,0 req/s
2023-06-12 13:09:45,0.600 req/s,0 req/s
2023-06-12 13:09:50,0.200 req/s,0 req/s
2023-06-12 13:09:55,0.800 req/s,0 req/s
2023-06-12 13:10:00,0.400 req/s,0 req/s
2023-06-12 13:10:05,0.600 req/s,0 req/s
2023-06-12 13:10:10,0.400 req/s,0 req/s
2023-06-12 13:10:15,0.600 req/s,0 req/s
2023-06-12 13:10:20,0.400 req/s,0 req/s
2023-06-12 13:10:25,0.600 req/s,0 req/s
2023-06-12 13:10:30,0.400 req/s,0 req/s
2023-06-12 13:10:35,0.600 req/s,0 req/s
2023-06-12 13:10:40,0.600 req/s,0 req/s
2023-06-12 13:10:45,0.400 req/s,0 req/s
2023-06-12 13:10:50,0.400 req/s,0 req/s
2023-06-12 13:10:55,2.60 req/s,0 req/s
2023-06-12 13:11:00,2.60 req/s,1.60 req/s
2023-06-12 13:11:05,5.20 req/s,4.20 req/s
2023-06-12 13:11:10,5.40 req/s,4 req/s
2023-06-12 13:11:15,5 req/s,4.20 req/s
2023-06-12 13:11:20,5.20 req/s,3.80 req/s
2023-06-12 13:11:25,4 req/s,2.60 req/s
2023-06-12 13:11:30,5.60 req/s,4 req/s
2023-06-12 13:11:35,4.60 req/s,3.80 req/s
2023-06-12 13:11:40,4.40 req/s,3.80 req/s
2023-06-12 13:11:45,4.80 req/s,3.20 req/s
2023-06-12 13:11:50,4.40 req/s,3.60 req/s
2023-06-12 13:11:55,6.20 req/s,4.60 req/s
2023-06-12 13:12:00,4.80 req/s,4 req/s
2023-06-12 13:12:05,5.40 req/s,4 req/s
2023-06-12 13:12:10,3.40 req/s,2 req/s
2023-06-12 13:12:15,5.60 req/s,4.60 req/s
2023-06-12 13:12:20,4.60 req/s,3.80 req/s
2023-06-12 13:12:25,4.40 req/s,2 req/s
2023-06-12 13:12:30,2.20 req/s,0 req/s
2023-06-12 13:12:35,2 req/s,0 req/s
2023-06-12 13:12:40,2 req/s,0 req/s
2023-06-12 13:12:45,2.40 req/s,0 req/s
2023-06-12 13:12:50,2.40 req/s,0 req/s
2023-06-12 13:12:55,2 req/s,0 req/s
2023-06-12 13:13:00,2.80 req/s,0 req/s
2023-06-12 13:13:05,2.20 req/s,0 req/s
2023-06-12 13:13:10,2.40 req/s,0 req/s
2023-06-12 13:13:15,1.80 req/s,0 req/s
2023-06-12 13:13:20,2.80 req/s,0 req/s
2023-06-12 13:13:25,1.80 req/s,0 req/s
2023-06-12 13:13:30,2.40 req/s,0 req/s
2023-06-12 13:13:35,2 req/s,0 req/s
2023-06-12 13:13:40,2.80 req/s,0 req/s
2023-06-12 13:13:45,2.20 req/s,0 req/s
2023-06-12 13:13:50,2.20 req/s,0 req/s
2023-06-12 13:13:55,2.20 req/s,0 req/s
2023-06-12 13:14:00,2 req/s,0 req/s
2023-06-12 13:14:05,2.60 req/s,0 req/s
2023-06-12 13:14:10,1.80 req/s,0 req/s
2023-06-12 13:14:15,2.60 req/s,0 req/s
2023-06-12 13:14:20,2.60 req/s,0 req/s
2023-06-12 13:14:25,1.80 req/s,0 req/s
2023-06-12 13:14:30,2.40 req/s,0 req/s
2023-06-12 13:14:35,1.60 req/s,0 req/s
2023-06-12 13:14:40,3.20 req/s,0 req/s
2023-06-12 13:14:45,2 req/s,0 req/s
2023-06-12 13:14:50,3.20 req/s,0 req/s
2023-06-12 13:14:55,3.20 req/s,0 req/s
2023-06-12 13:15:00,4.20 req/s,0.800 req/s
2023-06-12 13:15:05,4 req/s,2.60 req/s
2023-06-12 13:15:10,4.40 req/s,3.40 req/s
2023-06-12 13:15:15,5 req/s,4 req/s
2023-06-12 13:15:20,4.80 req/s,3.80 req/s
2023-06-12 13:15:25,5 req/s,4.20 req/s
2023-06-12 13:15:30,4.20 req/s,2.60 req/s
2023-06-12 13:15:35,4.60 req/s,3.60 req/s
2023-06-12 13:15:40,3.80 req/s,3 req/s
2023-06-12 13:15:45,6 req/s,4 req/s
2023-06-12 13:15:50,4.60 req/s,3.40 req/s
2023-06-12 13:15:55,4.20 req/s,2.80 req/s
2023-06-12 13:16:00,4.60 req/s,2.80 req/s
2023-06-12 13:16:05,1.40 req/s,0 req/s
2023-06-12 13:16:10,0.800 req/s,0 req/s
2023-06-12 13:16:15,1 req/s,0 req/s
2023-06-12 13:16:20,0.800 req/s,0 req/s
2023-06-12 13:16:25,0.800 req/s,0 req/s
2023-06-12 13:16:30,0.800 req/s,0 req/s
2023-06-12 13:16:35,1 req/s,0 req/s
2023-06-12 13:16:40,0.600 req/s,0 req/s
2023-06-12 13:16:45,1 req/s,0 req/s
2023-06-12 13:16:50,0.800 req/s,0 req/s
2023-06-12 13:16:55,1 req/s,0 req/s
2023-06-12 13:17:00,1 req/s,0 req/s
2023-06-12 13:17:05,0.800 req/s,0 req/s
2023-06-12 13:17:10,0.800 req/s,0 req/s
2023-06-12 13:17:15,1 req/s,0 req/s
2023-06-12 13:17:20,0.600 req/s,0 req/s
2023-06-12 13:17:25,1 req/s,0 req/s
2023-06-12 13:17:30,1 req/s,0 req/s
2023-06-12 13:17:35,0.800 req/s,0 req/s
2023-06-12 13:17:40,0.800 req/s,0 req/s
2023-06-12 13:17:45,1 req/s,0 req/s
2023-06-12 13:17:50,0.800 req/s,0 req/s
2023-06-12 13:17:55,0.800 req/s,0 req/s
2023-06-12 13:18:00,1 req/s,0 req/s
2023-06-12 13:18:05,0.600 req/s,0 req/s
2023-06-12 13:18:10,1 req/s,0 req/s
2023-06-12 13:18:15,1 req/s,0 req/s
2023-06-12 13:18:20,0.600 req/s,0 req/s
2023-06-12 13:18:25,1 req/s,0 req/s
2023-06-12 13:18:30,1 req/s,0 req/s
2023-06-12 13:18:35,0.800 req/s,0 req/s
2023-06-12 13:18:40,0.800 req/s,0 req/s
2023-06-12 13:18:45,1 req/s,0 req/s
2023-06-12 13:18:50,0.800 req/s,0 req/s
2023-06-12 13:18:55,0.600 req/s,0 req/s
2023-06-12 13:19:00,1.20 req/s,0 req/s
2023-06-12 13:19:05,1 req/s,0 req/s
2023-06-12 13:19:10,2 req/s,0 req/s
2023-06-12 13:19:15,2.40 req/s,0 req/s
2023-06-12 13:19:20,2 req/s,0 req/s
2023-06-12 13:19:25,2 req/s,0 req/s
2023-06-12 13:19:30,2.40 req/s,0 req/s
2023-06-12 13:19:35,1.60 req/s,0 req/s
2023-06-12 13:19:40,2.20 req/s,0 req/s
2023-06-12 13:19:45,2.40 req/s,0 req/s
2023-06-12 13:19:50,2 req/s,0 req/s
2023-06-12 13:19:55,2.40 req/s,0 req/s
2023-06-12 13:20:00,1.80 req/s,0 req/s
2023-06-12 13:20:05,2.20 req/s,0 req/s
2023-06-12 13:20:10,2 req/s,0 req/s
2023-06-12 13:20:15,2.20 req/s,0 req/s
2023-06-12 13:20:20,1.80 req/s,0 req/s
2023-06-12 13:20:25,2.40 req/s,0 req/s
2023-06-12 13:20:30,2 req/s,0 req/s
2023-06-12 13:20:35,2.20 req/s,0 req/s
2023-06-12 13:20:40,2.20 req/s,0 req/s
2023-06-12 13:20:45,2.20 req/s,0 req/s
2023-06-12 13:20:50,2 req/s,0 req/s
2023-06-12 13:20:55,2.20 req/s,0 req/s
2023-06-12 13:21:00,2.20 req/s,0 req/s
2023-06-12 13:21:05,2.20 req/s,0 req/s
2023-06-12 13:21:10,2 req/s,0 req/s
2023-06-12 13:21:15,1.80 req/s,0 req/s
2023-06-12 13:21:20,1.40 req/s,0 req/s
2023-06-12 13:21:25,1.40 req/s,0 req/s
2023-06-12 13:21:30,1.60 req/s,0 req/s
2023-06-12 13:21:35,1 req/s,0 req/s
2023-06-12 13:21:40,1.80 req/s,0 req/s
2023-06-12 13:21:45,1.60 req/s,0 req/s
2023-06-12 13:21:50,1.40 req/s,0 req/s
2023-06-12 13:21:55,1 req/s,0 req/s
2023-06-12 13:22:00,1.80 req/s,0 req/s
2023-06-12 13:22:05,1.40 req/s,0 req/s
2023-06-12 13:22:10,1.40 req/s,0 req/s
2023-06-12 13:22:15,1.20 req/s,0 req/s
2023-06-12 13:22:20,1.60 req/s,0 req/s
2023-06-12 13:22:25,1.40 req/s,0 req/s
2023-06-12 13:22:30,1.40 req/s,0 req/s
2023-06-12 13:22:35,1.40 req/s,0 req/s
2023-06-12 13:22:40,1.80 req/s,0 req/s
2023-06-12 13:22:45,1.40 req/s,0 req/s
2023-06-12 13:22:50,1.40 req/s,0 req/s
2023-06-12 13:22:55,1.40 req/s,0 req/s
2023-06-12 13:23:00,1 req/s,0 req/s
2023-06-12 13:23:05,1.40 req/s,0 req/s
2023-06-12 13:23:10,1.80 req/s,0 req/s
2023-06-12 13:23:15,1.60 req/s,0 req/s
2023-06-12 13:23:20,1.40 req/s,0 req/s
2023-06-12 13:23:25,1.40 req/s,0 req/s
2023-06-12 13:23:30,1.40 req/s,0 req/s
2023-06-12 13:23:35,1.20 req/s,0 req/s
2023-06-12 13:23:40,1.40 req/s,0 req/s
2023-06-12 13:23:45,1.80 req/s,0 req/s
2023-06-12 13:23:50,1.20 req/s,0 req/s
2023-06-12 13:23:55,1.60 req/s,0 req/s
2023-06-12 13:24:00,1.20 req/s,0 req/s
2023-06-12 13:24:05,1.40 req/s,0 req/s
2023-06-12 13:24:10,1.80 req/s,0 req/s
2023-06-12 13:24:15,1.40 req/s,0 req/s
2023-06-12 13:24:20,1.40 req/s,0 req/s
2023-06-12 13:24:25,1.40 req/s,0 req/s
2023-06-12 13:24:30,1 req/s,0 req/s
2023-06-12 13:24:35,1.60 req/s,0 req/s
2023-06-12 13:24:40,1.60 req/s,0 req/s
2023-06-12 13:24:45,1.40 req/s,0 req/s
2023-06-12 13:24:50,1.80 req/s,0 req/s
2023-06-12 13:24:55,1.20 req/s,0 req/s
2023-06-12 13:25:00,1.40 req/s,0 req/s
2023-06-12 13:25:05,1.20 req/s,0 req/s
2023-06-12 13:25:10,1.60 req/s,0 req/s
2023-06-12 13:25:15,1.60 req/s,0 req/s
2023-06-12 13:25:20,1.20 req/s,0 req/s
2023-06-12 13:25:25,1.40 req/s,0 req/s
2023-06-12 13:25:30,1.40 req/s,0 req/s
2023-06-12 13:25:35,1.60 req/s,0 req/s
2023-06-12 13:25:40,1.40 req/s,0 req/s
2023-06-12 13:25:45,1.20 req/s,0 req/s
2023-06-12 13:25:50,1.40 req/s,0 req/s
2023-06-12 13:25:55,1.60 req/s,0 req/s
2023-06-12 13:26:00,1 req/s,0 req/s
2023-06-12 13:26:05,1.60 req/s,0 req/s
2023-06-12 13:26:10,1.40 req/s,0 req/s
2023-06-12 13:26:15,1.60 req/s,0 req/s
2023-06-12 13:26:20,1.60 req/s,0 req/s
2023-06-12 13:26:25,1.40 req/s,0 req/s
2023-06-12 13:26:30,1.20 req/s,0 req/s
2023-06-12 13:26:35,1.40 req/s,0 req/s
2023-06-12 13:26:40,1.40 req/s,0 req/s
2023-06-12 13:26:45,1.40 req/s,0 req/s
2023-06-12 13:26:50,1.60 req/s,0 req/s
2023-06-12 13:26:55,1.40 req/s,0 req/s
2023-06-12 13:27:00,1.60 req/s,0 req/s
2023-06-12 13:27:05,1.40 req/s,0 req/s
2023-06-12 13:27:10,1.20 req/s,0 req/s
2023-06-12 13:27:15,1.60 req/s,0 req/s
2023-06-12 13:27:20,1.20 req/s,0 req/s
2023-06-12 13:27:25,1.60 req/s,0 req/s
2023-06-12 13:27:30,1.40 req/s,0 req/s
2023-06-12 13:27:35,1.60 req/s,0 req/s
2023-06-12 13:27:40,1.40 req/s,0 req/s
2023-06-12 13:27:45,1.40 req/s,0 req/s
2023-06-12 13:27:50,1.40 req/s,0 req/s
2023-06-12 13:27:55,1.40 req/s,0 req/s
2023-06-12 13:28:00,1.60 req/s,0 req/s
2023-06-12 13:28:05,1.40 req/s,0 req/s
2023-06-12 13:28:10,1 req/s,0 req/s
2023-06-12 13:28:15,1.80 req/s,0 req/s
2023-06-12 13:28:20,1.20 req/s,0 req/s
2023-06-12 13:28:25,1.60 req/s,0 req/s
2023-06-12 13:28:30,1 req/s,0 req/s
2023-06-12 13:28:35,1.80 req/s,0 req/s
2023-06-12 13:28:40,1.20 req/s,0 req/s
2023-06-12 13:28:45,1.80 req/s,0 req/s
2023-06-12 13:28:50,1.40 req/s,0 req/s
2023-06-12 13:28:55,1.40 req/s,0 req/s
2023-06-12 13:29:00,1.40 req/s,0 req/s
2023-06-12 13:29:05,1.20 req/s,0 req/s
2023-06-12 13:29:10,1.80 req/s,0 req/s
2023-06-12 13:29:15,1 req/s,0 req/s
2023-06-12 13:29:20,1.40 req/s,0 req/s
2023-06-12 13:29:25,1.20 req/s,0 req/s
2023-06-12 13:29:30,1.80 req/s,0 req/s
2023-06-12 13:29:35,1 req/s,0 req/s
2023-06-12 13:29:40,1.20 req/s,0 req/s
2023-06-12 13:29:45,1.60 req/s,0 req/s
2023-06-12 13:29:50,1.40 req/s,0 req/s
2023-06-12 13:29:55,1.20 req/s,0 req/s
2023-06-12 13:30:00,1.40 req/s,0 req/s
2023-06-12 13:30:05,1.20 req/s,0 req/s
2023-06-12 13:30:10,1.40 req/s,0 req/s
2023-06-12 13:30:15,1.20 req/s,0 req/s
2023-06-12 13:30:20,1.40 req/s,0 req/s
2023-06-12 13:30:25,1.40 req/s,0 req/s
2023-06-12 13:30:30,1.40 req/s,0 req/s
2023-06-12 13:30:35,1.20 req/s,0 req/s
2023-06-12 13:30:40,1.20 req/s,0 req/s
2023-06-12 13:30:45,1.60 req/s,0 req/s
2023-06-12 13:30:50,1.20 req/s,0 req/s
2023-06-12 13:30:55,1.40 req/s,0 req/s
2023-06-12 13:31:00,1.40 req/s,0 req/s
2023-06-12 13:31:05,1 req/s,0 req/s
2023-06-12 13:31:10,1.40 req/s,0 req/s
2023-06-12 13:31:15,1.60 req/s,0 req/s
2023-06-12 13:31:20,1 req/s,0 req/s
2023-06-12 13:31:25,1.60 req/s,0 req/s
2023-06-12 13:31:30,1 req/s,0 req/s
2023-06-12 13:31:35,1.40 req/s,0 req/s
2023-06-12 13:31:40,1.40 req/s,0 req/s
2023-06-12 13:31:45,1.40 req/s,0 req/s
2023-06-12 13:31:50,1.40 req/s,0 req/s
2023-06-12 13:31:55,1.40 req/s,0 req/s
2023-06-12 13:32:00,1.20 req/s,0 req/s
2023-06-12 13:32:05,1.20 req/s,0 req/s
2023-06-12 13:32:10,1.20 req/s,0 req/s
2023-06-12 13:32:15,1.20 req/s,0 req/s
2023-06-12 13:32:20,1.80 req/s,0 req/s
2023-06-12 13:32:25,1.40 req/s,0 req/s
2023-06-12 13:32:30,1.40 req/s,0 req/s
2023-06-12 13:32:35,1.60 req/s,0 req/s
2023-06-12 13:32:40,1 req/s,0 req/s
2023-06-12 13:32:45,1.80 req/s,0 req/s
2023-06-12 13:32:50,1.40 req/s,0 req/s
2023-06-12 13:32:55,1.40 req/s,0 req/s
2023-06-12 13:33:00,1 req/s,0 req/s
2023-06-12 13:33:05,1.60 req/s,0 req/s
2023-06-12 13:33:10,2 req/s,0 req/s
2023-06-12 13:33:15,1.40 req/s,0 req/s
2023-06-12 13:33:20,1.40 req/s,0 req/s
2023-06-12 13:33:25,1.60 req/s,0 req/s
2023-06-12 13:33:30,1.20 req/s,0 req/s
2023-06-12 13:33:35,1.60 req/s,0 req/s
2023-06-12 13:33:40,1.60 req/s,0 req/s
2023-06-12 13:33:45,1.40 req/s,0 req/s
2023-06-12 13:33:50,1.20 req/s,0 req/s
2023-06-12 13:33:55,1.60 req/s,0 req/s
2023-06-12 13:34:00,1.20 req/s,0 req/s
2023-06-12 13:34:05,1.80 req/s,0 req/s
2023-06-12 13:34:10,1.20 req/s,0 req/s
2023-06-12 13:34:15,1.80 req/s,0 req/s
2023-06-12 13:34:20,1.40 req/s,0 req/s
2023-06-12 13:34:25,1.20 req/s,0 req/s
2023-06-12 13:34:30,1.60 req/s,0 req/s
2023-06-12 13:34:35,1.40 req/s,0 req/s
2023-06-12 13:34:40,1.40 req/s,0 req/s
2023-06-12 13:34:45,1.80 req/s,0 req/s
2023-06-12 13:34:50,1.60 req/s,0 req/s
2023-06-12 13:34:55,1.60 req/s,0 req/s
2023-06-12 13:35:00,3 req/s,0 req/s
2023-06-12 13:35:05,2 req/s,0 req/s
2023-06-12 13:35:10,2 req/s,0 req/s
2023-06-12 13:35:15,2.20 req/s,0 req/s
2023-06-12 13:35:20,2.20 req/s,0 req/s
2023-06-12 13:35:25,2.40 req/s,0 req/s
2023-06-12 13:35:30,2.40 req/s,0 req/s
2023-06-12 13:35:35,2.20 req/s,0 req/s
2023-06-12 13:35:40,2 req/s,0 req/s
2023-06-12 13:35:45,2.40 req/s,0 req/s
2023-06-12 13:35:50,2.40 req/s,0 req/s
2023-06-12 13:35:55,2.20 req/s,0 req/s
2023-06-12 13:36:00,2.20 req/s,0 req/s
2023-06-12 13:36:05,2 req/s,0 req/s
2023-06-12 13:36:10,2.60 req/s,0 req/s
2023-06-12 13:36:15,2.20 req/s,0 req/s
2023-06-12 13:36:20,2.20 req/s,0 req/s
2023-06-12 13:36:25,2 req/s,0 req/s
2023-06-12 13:36:30,2.40 req/s,0 req/s
2023-06-12 13:36:35,2.20 req/s,0 req/s
2023-06-12 13:36:40,2.40 req/s,0 req/s
2023-06-12 13:36:45,2.20 req/s,0 req/s
2023-06-12 13:36:50,2.40 req/s,0 req/s
2023-06-12 13:36:55,2 req/s,0 req/s
2023-06-12 13:37:00,2.40 req/s,0 req/s
2023-06-12 13:37:05,2 req/s,0 req/s
2023-06-12 13:37:10,2.40 req/s,0 req/s
2023-06-12 13:37:15,2 req/s,0 req/s
2023-06-12 13:37:20,1.60 req/s,0 req/s
2023-06-12 13:37:25,1.20 req/s,0 req/s
2023-06-12 13:37:30,1.80 req/s,0 req/s
2023-06-12 13:37:35,1.80 req/s,0 req/s
2023-06-12 13:37:40,1.40 req/s,0 req/s
2023-06-12 13:37:45,1.40 req/s,0 req/s
2023-06-12 13:37:50,1.80 req/s,0 req/s
2023-06-12 13:37:55,1.80 req/s,0 req/s
2023-06-12 13:38:00,1.40 req/s,0 req/s
2023-06-12 13:38:05,1.20 req/s,0 req/s
2023-06-12 13:38:10,1.60 req/s,0 req/s
2023-06-12 13:38:15,2 req/s,0 req/s
2023-06-12 13:38:20,1.40 req/s,0 req/s
2023-06-12 13:38:25,1.40 req/s,0 req/s
2023-06-12 13:38:30,1.80 req/s,0 req/s
2023-06-12 13:38:35,1.40 req/s,0 req/s
2023-06-12 13:38:40,1.60 req/s,0 req/s
2023-06-12 13:38:45,1.60 req/s,0 req/s
2023-06-12 13:38:50,1.80 req/s,0 req/s
2023-06-12 13:38:55,1.20 req/s,0 req/s
2023-06-12 13:39:00,1.60 req/s,0 req/s
2023-06-12 13:39:05,1.40 req/s,0 req/s
2023-06-12 13:39:10,1.60 req/s,0 req/s
2023-06-12 13:39:15,1.80 req/s,0 req/s
2023-06-12 13:39:20,1.40 req/s,0 req/s
2023-06-12 13:39:25,1.80 req/s,0 req/s
2023-06-12 13:39:30,1.40 req/s,0 req/s
2023-06-12 13:39:35,2 req/s,0 req/s
2023-06-12 13:39:40,1.39 req/s,0 req/s
2023-06-12 13:39:45,1.20 req/s,0 req/s
2023-06-12 13:39:50,1.99 req/s,0 req/s
2023-06-12 13:39:55,1.40 req/s,0 req/s
2023-06-12 13:40:00,1.40 req/s,0 req/s
2023-06-12 13:40:05,1.60 req/s,0 req/s
2023-06-12 13:40:10,1.60 req/s,0 req/s
2023-06-12 13:40:15,1.80 req/s,0 req/s
2023-06-12 13:40:20,1.60 req/s,0 req/s
2023-06-12 13:40:25,1.60 req/s,0 req/s
2023-06-12 13:40:30,1.39 req/s,0 req/s
2023-06-12 13:40:35,1.40 req/s,0 req/s
2023-06-12 13:40:40,2.01 req/s,0 req/s
2023-06-12 13:40:45,1.60 req/s,0 req/s
2023-06-12 13:40:50,1.60 req/s,0 req/s
2023-06-12 13:40:55,1.60 req/s,0 req/s
2023-06-12 13:41:00,1.40 req/s,0 req/s
2023-06-12 13:41:05,1.40 req/s,0 req/s
2023-06-12 13:41:10,1.80 req/s,0 req/s
2023-06-12 13:41:15,1.40 req/s,0 req/s
2023-06-12 13:41:20,1.40 req/s,0 req/s
2023-06-12 13:41:25,3.21 req/s,0 req/s
2023-06-12 13:41:30,2.00 req/s,0 req/s
2023-06-12 13:41:35,3.20 req/s,0 req/s
2023-06-12 13:41:40,3.00 req/s,1.20 req/s
2023-06-12 13:41:45,4.39 req/s,2.20 req/s
2023-06-12 13:41:50,3.21 req/s,0.401 req/s
2023-06-12 13:41:55,3.00 req/s,0.800 req/s
2023-06-12 13:42:00,3.00 req/s,1.00 req/s
2023-06-12 13:42:05,3.79 req/s,2.39 req/s
2023-06-12 13:42:10,4.41 req/s,2.61 req/s
2023-06-12 13:42:15,2.40 req/s,0 req/s
2023-06-12 13:42:20,4.19 req/s,1.40 req/s
2023-06-12 13:42:25,2.00 req/s,0.200 req/s
2023-06-12 13:42:30,4.80 req/s,2.40 req/s
2023-06-12 13:42:35,4.19 req/s,0 req/s
2023-06-12 13:42:40,2.80 req/s,0 req/s
2023-06-12 13:42:45,4.20 req/s,0 req/s
2023-06-12 13:42:50,3.19 req/s,0 req/s
2023-06-12 13:42:55,0.801 req/s,0 req/s
2023-06-12 13:43:00,0.601 req/s,0 req/s
2023-06-12 13:43:05,0.994 req/s,0 req/s
2023-06-12 13:43:10,0.804 req/s,0 req/s
2023-06-12 13:43:15,0.800 req/s,0 req/s
2023-06-12 13:43:20,0.793 req/s,0 req/s
2023-06-12 13:43:25,1.01 req/s,0 req/s
2023-06-12 13:43:30,0.798 req/s,0 req/s
2023-06-12 13:43:35,0.801 req/s,0 req/s
2023-06-12 13:43:40,0.800 req/s,0 req/s
2023-06-12 13:43:45,0.600 req/s,0 req/s
2023-06-12 13:43:50,0.999 req/s,0 req/s
2023-06-12 13:43:55,0.800 req/s,0 req/s
2023-06-12 13:44:00,1.00 req/s,0 req/s
2023-06-12 13:44:05,0.601 req/s,0 req/s
2023-06-12 13:44:10,0.998 req/s,0 req/s
2023-06-12 13:44:15,0.801 req/s,0 req/s
2023-06-12 13:44:20,0.801 req/s,0 req/s
2023-06-12 13:44:25,0.800 req/s,0 req/s
2023-06-12 13:44:30,0.800 req/s,0 req/s
2023-06-12 13:44:35,0.600 req/s,0 req/s
2023-06-12 13:44:40,1 req/s,0 req/s
2023-06-12 13:44:45,1 req/s,0 req/s
2023-06-12 13:44:50,0.600 req/s,0 req/s
2023-06-12 13:44:55,1 req/s,0 req/s
2023-06-12 13:45:00,0.800 req/s,0 req/s
2023-06-12 13:45:05,0.600 req/s,0 req/s
2023-06-12 13:45:10,0.800 req/s,0 req/s
2023-06-12 13:45:15,1 req/s,0 req/s
2023-06-12 13:45:20,0.800 req/s,0 req/s
2023-06-12 13:45:25,0.800 req/s,0 req/s
2023-06-12 13:45:30,0.800 req/s,0 req/s
2023-06-12 13:45:35,1 req/s,0 req/s
2023-06-12 13:45:40,0.800 req/s,0 req/s
2023-06-12 13:45:45,0.800 req/s,0 req/s
2023-06-12 13:45:50,0.800 req/s,0 req/s
2023-06-12 13:45:55,0.800 req/s,0 req/s
2023-06-12 13:46:00,0.800 req/s,0 req/s
2023-06-12 13:46:05,0.800 req/s,0 req/s
2023-06-12 13:46:10,0.600 req/s,0 req/s
2023-06-12 13:46:15,1 req/s,0 req/s
2023-06-12 13:46:20,0.800 req/s,0 req/s
2023-06-12 13:46:25,1 req/s,0 req/s
2023-06-12 13:46:30,0.800 req/s,0 req/s
2023-06-12 13:46:35,0.800 req/s,0 req/s
2023-06-12 13:46:40,0.800 req/s,0 req/s
2023-06-12 13:46:45,0.800 req/s,0 req/s
2023-06-12 13:46:50,0.800 req/s,0 req/s
2023-06-12 13:46:55,0.800 req/s,0 req/s
2023-06-12 13:47:00,0.800 req/s,0 req/s
2023-06-12 13:47:05,0.800 req/s,0 req/s
2023-06-12 13:47:10,1 req/s,0 req/s
2023-06-12 13:47:15,0.800 req/s,0 req/s
2023-06-12 13:47:20,0.800 req/s,0 req/s
2023-06-12 13:47:25,0.800 req/s,0 req/s
2023-06-12 13:47:30,0.800 req/s,0 req/s
2023-06-12 13:47:35,0.600 req/s,0 req/s
2023-06-12 13:47:40,1 req/s,0 req/s
2023-06-12 13:47:45,0.800 req/s,0 req/s
2023-06-12 13:47:50,1 req/s,0 req/s
2023-06-12 13:47:55,0.600 req/s,0 req/s
2023-06-12 13:48:00,0.800 req/s,0 req/s
2023-06-12 13:48:05,0.600 req/s,0 req/s
2023-06-12 13:48:10,1 req/s,0 req/s
2023-06-12 13:48:15,2 req/s,0 req/s
2023-06-12 13:48:20,1.40 req/s,0 req/s
2023-06-12 13:48:25,1.40 req/s,0 req/s
2023-06-12 13:48:30,1.60 req/s,0 req/s
2023-06-12 13:48:35,1.40 req/s,0 req/s
2023-06-12 13:48:40,1.40 req/s,0 req/s
2023-06-12 13:48:45,1.60 req/s,0 req/s
2023-06-12 13:48:50,1.60 req/s,0 req/s
2023-06-12 13:48:55,1.40 req/s,0 req/s
2023-06-12 13:49:00,1 req/s,0 req/s
2023-06-12 13:49:05,1.80 req/s,0 req/s
2023-06-12 13:49:10,1.80 req/s,0 req/s
2023-06-12 13:49:15,1.40 req/s,0 req/s
2023-06-12 13:49:20,1.40 req/s,0 req/s
2023-06-12 13:49:25,1.80 req/s,0 req/s
2023-06-12 13:49:30,1.40 req/s,0 req/s
2023-06-12 13:49:35,1.40 req/s,0 req/s
2023-06-12 13:49:40,1.40 req/s,0 req/s
2023-06-12 13:49:45,1.60 req/s,0 req/s
2023-06-12 13:49:50,1.60 req/s,0 req/s
2023-06-12 13:49:55,1.40 req/s,0 req/s
2023-06-12 13:50:00,1.60 req/s,0 req/s
2023-06-12 13:50:05,1.40 req/s,0 req/s
2023-06-12 13:50:10,1.60 req/s,0 req/s
2023-06-12 13:50:15,1.60 req/s,0 req/s
2023-06-12 13:50:20,1.20 req/s,0 req/s
2023-06-12 13:50:25,1.60 req/s,0 req/s
2023-06-12 13:50:30,1.60 req/s,0 req/s
2023-06-12 13:50:35,1.20 req/s,0 req/s
2023-06-12 13:50:40,1.60 req/s,0 req/s
2023-06-12 13:50:45,1.80 req/s,0 req/s
2023-06-12 13:50:50,1 req/s,0 req/s
2023-06-12 13:50:55,2 req/s,0 req/s
2023-06-12 13:51:00,1.20 req/s,0 req/s
2023-06-12 13:51:05,1.60 req/s,0 req/s
2023-06-12 13:51:10,1.60 req/s,0 req/s
2023-06-12 13:51:15,1.40 req/s,0 req/s
2023-06-12 13:51:20,1.80 req/s,0 req/s
2023-06-12 13:51:25,0.800 req/s,0 req/s
2023-06-12 13:51:30,1 req/s,0 req/s
2023-06-12 13:51:35,0.800 req/s,0 req/s
2023-06-12 13:51:40,0.800 req/s,0 req/s
2023-06-12 13:51:45,0.800 req/s,0 req/s
2023-06-12 13:51:50,1 req/s,0 req/s
2023-06-12 13:51:55,0.800 req/s,0 req/s
2023-06-12 13:52:00,0.800 req/s,0 req/s
2023-06-12 13:52:05,1 req/s,0 req/s
2023-06-12 13:52:10,0.600 req/s,0 req/s
2023-06-12 13:52:15,1 req/s,0 req/s
2023-06-12 13:52:20,0.800 req/s,0 req/s
2023-06-12 13:52:25,0.600 req/s,0 req/s
2023-06-12 13:52:30,1 req/s,0 req/s
2023-06-12 13:52:35,1 req/s,0 req/s
2023-06-12 13:52:40,0.800 req/s,0 req/s
2023-06-12 13:52:45,0.800 req/s,0 req/s
2023-06-12 13:52:50,1 req/s,0 req/s
2023-06-12 13:52:55,0.600 req/s,0 req/s
2023-06-12 13:53:00,1 req/s,0 req/s
2023-06-12 13:53:05,0.800 req/s,0 req/s
2023-06-12 13:53:10,0.800 req/s,0 req/s
2023-06-12 13:53:15,1 req/s,0 req/s
2023-06-12 13:53:20,0.800 req/s,0 req/s
2023-06-12 13:53:25,1 req/s,0 req/s
2023-06-12 13:53:30,0.600 req/s,0 req/s
2023-06-12 13:53:35,1 req/s,0 req/s
2023-06-12 13:53:40,0.800 req/s,0 req/s
2023-06-12 13:53:45,0.800 req/s,0 req/s
2023-06-12 13:53:50,0.800 req/s,0 req/s
2023-06-12 13:53:55,1 req/s,0 req/s
2023-06-12 13:54:00,0.800 req/s,0 req/s
2023-06-12 13:54:05,0.800 req/s,0 req/s
2023-06-12 13:54:10,0.800 req/s,0 req/s
2023-06-12 13:54:15,1 req/s,0 req/s
2023-06-12 13:54:20,0.600 req/s,0 req/s
2023-06-12 13:54:25,1 req/s,0 req/s
2023-06-12 13:54:30,1 req/s,0 req/s
2023-06-12 13:54:35,0.600 req/s,0 req/s
2023-06-12 13:54:40,1 req/s,0 req/s
2023-06-12 13:54:45,0.800 req/s,0 req/s
2023-06-12 13:54:50,1 req/s,0 req/s
2023-06-12 13:54:55,0.800 req/s,0 req/s
2023-06-12 13:55:00,0.800 req/s,0 req/s
2023-06-12 13:55:05,0.800 req/s,0 req/s
2023-06-12 13:55:10,1 req/s,0 req/s
2023-06-12 13:55:15,0.800 req/s,0 req/s
2023-06-12 13:55:20,0.800 req/s,0 req/s
2023-06-12 13:55:25,0.800 req/s,0 req/s
2023-06-12 13:55:30,0.800 req/s,0 req/s
2023-06-12 13:55:35,1 req/s,0 req/s
2023-06-12 13:55:40,0.800 req/s,0 req/s
2023-06-12 13:55:45,0.800 req/s,0 req/s
2023-06-12 13:55:50,1 req/s,0 req/s
2023-06-12 13:55:55,0.800 req/s,0 req/s
2023-06-12 13:56:00,0.800 req/s,0 req/s
2023-06-12 13:56:05,0.600 req/s,0 req/s
2023-06-12 13:56:10,1 req/s,0 req/s
2023-06-12 13:56:15,0.800 req/s,0 req/s
2023-06-12 13:56:20,1 req/s,0 req/s
2023-06-12 13:56:25,0.800 req/s,0 req/s
2023-06-12 13:56:30,0.800 req/s,0 req/s
2023-06-12 13:56:35,0.600 req/s,0 req/s
2023-06-12 13:56:40,1 req/s,0 req/s
2023-06-12 13:56:45,0.800 req/s,0 req/s
2023-06-12 13:56:50,1 req/s,0 req/s
2023-06-12 13:56:55,0.800 req/s,0 req/s
2023-06-12 13:57:00,0.600 req/s,0 req/s
2023-06-12 13:57:05,1.20 req/s,0 req/s
2023-06-12 13:57:10,1.20 req/s,0 req/s
2023-06-12 13:57:15,3.20 req/s,0 req/s
2023-06-12 13:57:20,3.80 req/s,1 req/s
2023-06-12 13:57:25,3.00 req/s,1.20 req/s
2023-06-12 13:57:30,4.40 req/s,3 req/s
2023-06-12 13:57:35,4.60 req/s,2.40 req/s
2023-06-12 13:57:40,2.80 req/s,1.60 req/s
2023-06-12 13:57:45,5 req/s,3.20 req/s
2023-06-12 13:57:50,5.40 req/s,1.40 req/s
2023-06-12 13:57:55,3.40 req/s,0 req/s
2023-06-12 13:58:00,2.40 req/s,0.600 req/s
2023-06-12 13:58:05,4.80 req/s,3.40 req/s
2023-06-12 13:58:10,3.80 req/s,2.60 req/s
2023-06-12 13:58:15,3.60 req/s,2 req/s
2023-06-12 13:58:20,4 req/s,2.60 req/s
2023-06-12 13:58:25,5 req/s,2.20 req/s
2023-06-12 13:58:30,2.40 req/s,0.400 req/s
2023-06-12 13:58:35,5.20 req/s,3.20 req/s
2023-06-12 13:58:40,4.20 req/s,1 req/s
2023-06-12 13:58:45,3.20 req/s,1.40 req/s
2023-06-12 13:58:50,4.80 req/s,3.20 req/s
2023-06-12 13:58:55,2.60 req/s,2 req/s
2023-06-12 13:59:00,5 req/s,3 req/s
2023-06-12 13:59:05,2 req/s,0 req/s
2023-06-12 13:59:10,1.60 req/s,0 req/s
2023-06-12 13:59:15,1.40 req/s,0 req/s
2023-06-12 13:59:20,2 req/s,0 req/s
2023-06-12 13:59:25,1.40 req/s,0 req/s
2023-06-12 13:59:30,1.60 req/s,0 req/s
2023-06-12 13:59:35,1.60 req/s,0 req/s
2023-06-12 13:59:40,1.80 req/s,0 req/s
2023-06-12 13:59:45,1.60 req/s,0 req/s
2023-06-12 13:59:50,1.60 req/s,0 req/s
2023-06-12 13:59:55,1.60 req/s,0 req/s
2023-06-12 14:00:00,1.80 req/s,0 req/s
2023-06-12 14:00:05,1.20 req/s,0 req/s
2023-06-12 14:00:10,1.80 req/s,0 req/s
2023-06-12 14:00:15,2 req/s,0 req/s
2023-06-12 14:00:20,1.60 req/s,0 req/s
2023-06-12 14:00:25,1.80 req/s,0 req/s
2023-06-12 14:00:30,1.40 req/s,0 req/s
2023-06-12 14:00:35,1.60 req/s,0 req/s
2023-06-12 14:00:40,1.80 req/s,0 req/s
2023-06-12 14:00:45,1.80 req/s,0 req/s
2023-06-12 14:00:50,1.60 req/s,0 req/s
2023-06-12 14:00:55,1.60 req/s,0 req/s
2023-06-12 14:01:00,1.80 req/s,0 req/s
2023-06-12 14:01:05,1.60 req/s,0 req/s
2023-06-12 14:01:10,1.60 req/s,0 req/s
2023-06-12 14:01:15,1.80 req/s,0 req/s
2023-06-12 14:01:20,1.80 req/s,0 req/s
2023-06-12 14:01:25,1.40 req/s,0 req/s
2023-06-12 14:01:30,1.80 req/s,0 req/s
2023-06-12 14:01:35,1.40 req/s,0 req/s
2023-06-12 14:01:40,2 req/s,0 req/s
2023-06-12 14:01:45,1.40 req/s,0 req/s
2023-06-12 14:01:50,1.80 req/s,0 req/s
2023-06-12 14:01:55,1.60 req/s,0 req/s
2023-06-12 14:02:00,1.80 req/s,0 req/s
2023-06-12 14:02:05,1.40 req/s,0 req/s
2023-06-12 14:02:10,2 req/s,0 req/s
2023-06-12 14:02:15,1.20 req/s,0 req/s
2023-06-12 14:02:20,2 req/s,0 req/s
2023-06-12 14:02:25,1.60 req/s,0 req/s
2023-06-12 14:02:30,1.80 req/s,0 req/s
2023-06-12 14:02:35,1.40 req/s,0 req/s
2023-06-12 14:02:40,1.60 req/s,0 req/s
2023-06-12 14:02:45,1.80 req/s,0 req/s
2023-06-12 14:02:50,1.60 req/s,0 req/s
2023-06-12 14:02:55,1.40 req/s,0 req/s
2023-06-12 14:03:00,1.80 req/s,0 req/s
2023-06-12 14:03:05,2 req/s,0 req/s
2023-06-12 14:03:10,1.60 req/s,0 req/s
2023-06-12 14:03:15,1.40 req/s,0 req/s
2023-06-12 14:03:20,1.80 req/s,0 req/s
2023-06-12 14:03:25,1.60 req/s,0 req/s
2023-06-12 14:03:30,1.60 req/s,0 req/s
2023-06-12 14:03:35,1.80 req/s,0 req/s
2023-06-12 14:03:40,1.80 req/s,0 req/s
2023-06-12 14:03:45,1.40 req/s,0 req/s
2023-06-12 14:03:50,1.80 req/s,0 req/s
2023-06-12 14:03:55,1.80 req/s,0 req/s
2023-06-12 14:04:00,2 req/s,0 req/s
2023-06-12 14:04:05,4.20 req/s,3.20 req/s
2023-06-12 14:04:10,5.20 req/s,4 req/s
2023-06-12 14:04:15,4.20 req/s,2.80 req/s
2023-06-12 14:04:20,4.40 req/s,2.60 req/s
2023-06-12 14:04:25,4.40 req/s,2 req/s
2023-06-12 14:04:30,2.20 req/s,0 req/s
2023-06-12 14:04:35,1.60 req/s,0 req/s
2023-06-12 14:04:40,3 req/s,0 req/s
2023-06-12 14:04:45,2.40 req/s,0 req/s
2023-06-12 14:04:50,2.40 req/s,0 req/s
2023-06-12 14:04:55,2.40 req/s,0 req/s
2023-06-12 14:05:00,2.20 req/s,0 req/s
2023-06-12 14:05:05,2.40 req/s,0 req/s
2023-06-12 14:05:10,2.20 req/s,0 req/s
2023-06-12 14:05:15,2.80 req/s,0 req/s
2023-06-12 14:05:20,2.40 req/s,0 req/s
2023-06-12 14:05:25,2.40 req/s,0 req/s
2023-06-12 14:05:30,2.20 req/s,0 req/s
2023-06-12 14:05:35,2.40 req/s,0 req/s
2023-06-12 14:05:40,2.40 req/s,0 req/s
2023-06-12 14:05:45,1.80 req/s,0 req/s
2023-06-12 14:05:50,2.80 req/s,0 req/s
2023-06-12 14:05:55,2.60 req/s,0 req/s
2023-06-12 14:06:00,2.20 req/s,0 req/s
2023-06-12 14:06:05,2.40 req/s,0 req/s
2023-06-12 14:06:10,2.80 req/s,0 req/s
2023-06-12 14:06:15,2.20 req/s,0 req/s
2023-06-12 14:06:20,2.40 req/s,0 req/s
2023-06-12 14:06:25,2.40 req/s,0 req/s
2023-06-12 14:06:30,2 req/s,0 req/s
2023-06-12 14:06:35,2.80 req/s,0 req/s
2023-06-12 14:06:40,2.20 req/s,0 req/s
2023-06-12 14:06:45,2.60 req/s,0 req/s
2023-06-12 14:06:50,2.40 req/s,0 req/s
2023-06-12 14:06:55,2 req/s,0 req/s
2023-06-12 14:07:00,1.40 req/s,0 req/s
2023-06-12 14:07:05,1.40 req/s,0 req/s
2023-06-12 14:07:10,1 req/s,0 req/s
2023-06-12 14:07:15,1.80 req/s,0 req/s
2023-06-12 14:07:20,1.20 req/s,0 req/s
2023-06-12 14:07:25,1.40 req/s,0 req/s
2023-06-12 14:07:30,1.40 req/s,0 req/s
2023-06-12 14:07:35,1.40 req/s,0 req/s
2023-06-12 14:07:40,1.60 req/s,0 req/s
2023-06-12 14:07:45,1.40 req/s,0 req/s
2023-06-12 14:07:50,1 req/s,0 req/s
2023-06-12 14:07:55,1.80 req/s,0 req/s
2023-06-12 14:08:00,1.40 req/s,0 req/s
2023-06-12 14:08:05,1.40 req/s,0 req/s
2023-06-12 14:08:10,1 req/s,0 req/s
2023-06-12 14:08:15,1.40 req/s,0 req/s
2023-06-12 14:08:20,1.40 req/s,0 req/s
2023-06-12 14:08:25,1.80 req/s,0 req/s
2023-06-12 14:08:30,1.20 req/s,0 req/s
2023-06-12 14:08:35,1.60 req/s,0 req/s
2023-06-12 14:08:40,1.20 req/s,0 req/s
2023-06-12 14:08:45,1.20 req/s,0 req/s
2023-06-12 14:08:50,1.60 req/s,0 req/s
2023-06-12 14:08:55,1.20 req/s,0 req/s
2023-06-12 14:09:00,1.60 req/s,0 req/s
2023-06-12 14:09:05,1.40 req/s,0 req/s
2023-06-12 14:09:10,1.40 req/s,0 req/s
2023-06-12 14:09:15,1.40 req/s,0 req/s
2023-06-12 14:09:20,1.40 req/s,0 req/s
2023-06-12 14:09:25,1.40 req/s,0 req/s
2023-06-12 14:09:30,1.40 req/s,0 req/s
2023-06-12 14:09:35,1.20 req/s,0 req/s
2023-06-12 14:09:40,1.60 req/s,0 req/s
2023-06-12 14:09:45,1.20 req/s,0 req/s
2023-06-12 14:09:50,1.40 req/s,0 req/s
2023-06-12 14:09:55,1.40 req/s,0 req/s
2023-06-12 14:10:00,1.40 req/s,0 req/s
2023-06-12 14:10:05,1.60 req/s,0 req/s
2023-06-12 14:10:10,1.40 req/s,0 req/s
2023-06-12 14:10:15,1.20 req/s,0 req/s
2023-06-12 14:10:20,1 req/s,0 req/s
2023-06-12 14:10:25,1 req/s,0 req/s
2023-06-12 14:10:30,1 req/s,0 req/s
2023-06-12 14:10:35,1 req/s,0 req/s
2023-06-12 14:10:40,1.20 req/s,0 req/s
2023-06-12 14:10:45,0.800 req/s,0 req/s
2023-06-12 14:10:50,1.20 req/s,0 req/s
2023-06-12 14:10:55,0.800 req/s,0 req/s
2023-06-12 14:11:00,1.40 req/s,0 req/s
2023-06-12 14:11:05,1 req/s,0 req/s
2023-06-12 14:11:10,0.800 req/s,0 req/s
2023-06-12 14:11:15,1.40 req/s,0 req/s
2023-06-12 14:11:20,0.800 req/s,0 req/s
2023-06-12 14:11:25,1.20 req/s,0 req/s
2023-06-12 14:11:30,1.20 req/s,0 req/s
2023-06-12 14:11:35,1 req/s,0 req/s
2023-06-12 14:11:40,1 req/s,0 req/s
2023-06-12 14:11:45,1 req/s,0 req/s
2023-06-12 14:11:50,1.20 req/s,0 req/s
2023-06-12 14:11:55,1 req/s,0 req/s
2023-06-12 14:12:00,1 req/s,0 req/s
2023-06-12 14:12:05,1 req/s,0 req/s
2023-06-12 14:12:10,1.20 req/s,0 req/s
2023-06-12 14:12:15,1 req/s,0 req/s
2023-06-12 14:12:20,1 req/s,0 req/s
2023-06-12 14:12:25,1.20 req/s,0 req/s
2023-06-12 14:12:30,1 req/s,0 req/s
2023-06-12 14:12:35,1 req/s,0 req/s
2023-06-12 14:12:40,1 req/s,0 req/s
2023-06-12 14:12:45,1.40 req/s,0 req/s
2023-06-12 14:12:50,1 req/s,0 req/s
2023-06-12 14:12:55,0.800 req/s,0 req/s
2023-06-12 14:13:00,1.20 req/s,0 req/s
2023-06-12 14:13:05,1.20 req/s,0 req/s
2023-06-12 14:13:10,0.800 req/s,0 req/s
2023-06-12 14:13:15,1.40 req/s,0 req/s
2023-06-12 14:13:20,0.800 req/s,0 req/s
2023-06-12 14:13:25,1.20 req/s,0 req/s
2023-06-12 14:13:30,1 req/s,0 req/s
2023-06-12 14:13:35,1.20 req/s,0 req/s
2023-06-12 14:13:40,1 req/s,0 req/s
2023-06-12 14:13:45,0.800 req/s,0 req/s
2023-06-12 14:13:50,1.40 req/s,0 req/s
2023-06-12 14:13:55,1 req/s,0 req/s
2023-06-12 14:14:00,1 req/s,0 req/s
2023-06-12 14:14:05,0.800 req/s,0 req/s
2023-06-12 14:14:10,1.20 req/s,0 req/s
2023-06-12 14:14:15,1.20 req/s,0 req/s
2023-06-12 14:14:20,1 req/s,0 req/s
2023-06-12 14:14:25,1.20 req/s,0 req/s
2023-06-12 14:14:30,1 req/s,0 req/s
2023-06-12 14:14:35,1 req/s,0 req/s
2023-06-12 14:14:40,1 req/s,0 req/s
2023-06-12 14:14:45,1.20 req/s,0 req/s
2023-06-12 14:14:50,1 req/s,0 req/s
2023-06-12 14:14:55,1.20 req/s,0 req/s
2023-06-12 14:15:00,1 req/s,0 req/s
2023-06-12 14:15:05,1 req/s,0 req/s
2023-06-12 14:15:10,1 req/s,0 req/s
2023-06-12 14:15:15,1 req/s,0 req/s
2023-06-12 14:15:20,1.20 req/s,0 req/s
2023-06-12 14:15:25,1 req/s,0 req/s
2023-06-12 14:15:30,1 req/s,0 req/s
2023-06-12 14:15:35,0.800 req/s,0 req/s
2023-06-12 14:15:40,0.600 req/s,0 req/s
2023-06-12 14:15:45,1 req/s,0 req/s
2023-06-12 14:15:50,0.600 req/s,0 req/s
2023-06-12 14:15:55,0.800 req/s,0 req/s
2023-06-12 14:16:00,0.600 req/s,0 req/s
2023-06-12 14:16:05,1 req/s,0 req/s
2023-06-12 14:16:10,0.800 req/s,0 req/s
2023-06-12 14:16:15,0.600 req/s,0 req/s
2023-06-12 14:16:20,0.800 req/s,0 req/s
2023-06-12 14:16:25,0.800 req/s,0 req/s
2023-06-12 14:16:30,0.800 req/s,0 req/s
2023-06-12 14:16:35,0.800 req/s,0 req/s
2023-06-12 14:16:40,0.800 req/s,0 req/s
2023-06-12 14:16:45,0.400 req/s,0 req/s
2023-06-12 14:16:50,1 req/s,0 req/s
2023-06-12 14:16:55,0.800 req/s,0 req/s
2023-06-12 14:17:00,0.800 req/s,0 req/s
2023-06-12 14:17:05,0.600 req/s,0 req/s
2023-06-12 14:17:10,0.800 req/s,0 req/s
2023-06-12 14:17:15,0.800 req/s,0 req/s
2023-06-12 14:17:20,0.800 req/s,0 req/s
2023-06-12 14:17:25,0.800 req/s,0 req/s
2023-06-12 14:17:30,0.800 req/s,0 req/s
2023-06-12 14:17:35,0.800 req/s,0 req/s
2023-06-12 14:17:40,0.600 req/s,0 req/s
2023-06-12 14:17:45,0.600 req/s,0 req/s
2023-06-12 14:17:50,1 req/s,0 req/s
2023-06-12 14:17:55,0.600 req/s,0 req/s
2023-06-12 14:18:00,1 req/s,0 req/s
2023-06-12 14:18:05,0.600 req/s,0 req/s
2023-06-12 14:18:10,0.600 req/s,0 req/s
2023-06-12 14:18:15,1 req/s,0 req/s
2023-06-12 14:18:20,0.600 req/s,0 req/s
2023-06-12 14:18:25,1 req/s,0 req/s
2023-06-12 14:18:30,0.800 req/s,0 req/s
2023-06-12 14:18:35,0.800 req/s,0 req/s
2023-06-12 14:18:40,0.600 req/s,0 req/s
2023-06-12 14:18:45,0.600 req/s,0 req/s
2023-06-12 14:18:50,1 req/s,0 req/s
2023-06-12 14:18:55,0.600 req/s,0 req/s
2023-06-12 14:19:00,0.600 req/s,0 req/s
2023-06-12 14:19:05,1.20 req/s,0 req/s
2023-06-12 14:19:10,0.400 req/s,0 req/s
2023-06-12 14:19:15,0.600 req/s,0 req/s
2023-06-12 14:19:20,0.400 req/s,0 req/s
2023-06-12 14:19:25,0.600 req/s,0 req/s
2023-06-12 14:19:30,0.400 req/s,0 req/s
2023-06-12 14:19:35,0.600 req/s,0 req/s
2023-06-12 14:19:40,0.400 req/s,0 req/s
2023-06-12 14:19:45,0.600 req/s,0 req/s
2023-06-12 14:19:50,0.400 req/s,0 req/s
2023-06-12 14:19:55,0.400 req/s,0 req/s
2023-06-12 14:20:00,0.600 req/s,0 req/s
2023-06-12 14:20:05,0.600 req/s,0 req/s
2023-06-12 14:20:10,0.400 req/s,0 req/s
2023-06-12 14:20:15,0.400 req/s,0 req/s
2023-06-12 14:20:20,0.600 req/s,0 req/s
2023-06-12 14:20:25,0.600 req/s,0 req/s
2023-06-12 14:20:30,0.200 req/s,0 req/s
2023-06-12 14:20:35,0.800 req/s,0 req/s
2023-06-12 14:20:40,0.400 req/s,0 req/s
2023-06-12 14:20:45,0.400 req/s,0 req/s
2023-06-12 14:20:50,0.600 req/s,0 req/s
2023-06-12 14:20:55,0.400 req/s,0 req/s
2023-06-12 14:21:00,0.600 req/s,0 req/s
2023-06-12 14:21:05,0.600 req/s,0 req/s
2023-06-12 14:21:10,0.400 req/s,0 req/s
2023-06-12 14:21:15,0.400 req/s,0 req/s
2023-06-12 14:21:20,0.400 req/s,0 req/s
2023-06-12 14:21:25,0.600 req/s,0 req/s
2023-06-12 14:21:30,0.400 req/s,0 req/s
2023-06-12 14:21:35,0.600 req/s,0 req/s
2023-06-12 14:21:40,0.600 req/s,0 req/s
2023-06-12 14:21:45,0.400 req/s,0 req/s
2023-06-12 14:21:50,0.800 req/s,0 req/s
2023-06-12 14:21:55,0.600 req/s,0 req/s
2023-06-12 14:22:00,1.20 req/s,0 req/s
2023-06-12 14:22:05,1 req/s,0 req/s
2023-06-12 14:22:10,0.800 req/s,0 req/s
2023-06-12 14:22:15,1 req/s,0 req/s
2023-06-12 14:22:20,0.800 req/s,0 req/s
2023-06-12 14:22:25,1 req/s,0 req/s
2023-06-12 14:22:30,1 req/s,0 req/s
2023-06-12 14:22:35,0.800 req/s,0 req/s
2023-06-12 14:22:40,1 req/s,0 req/s
2023-06-12 14:22:45,0.600 req/s,0 req/s
2023-06-12 14:22:50,1.20 req/s,0 req/s
2023-06-12 14:22:55,0.800 req/s,0 req/s
2023-06-12 14:23:00,1 req/s,0 req/s
2023-06-12 14:23:05,1 req/s,0 req/s
2023-06-12 14:23:10,0.800 req/s,0 req/s
2023-06-12 14:23:15,1 req/s,0 req/s
2023-06-12 14:23:20,0.800 req/s,0 req/s
2023-06-12 14:23:25,1 req/s,0 req/s
2023-06-12 14:23:30,1 req/s,0 req/s
2023-06-12 14:23:35,0.800 req/s,0 req/s
2023-06-12 14:23:40,1 req/s,0 req/s
2023-06-12 14:23:45,1 req/s,0 req/s
2023-06-12 14:23:50,0.800 req/s,0 req/s
2023-06-12 14:23:55,0.800 req/s,0 req/s
2023-06-12 14:24:00,1 req/s,0 req/s
2023-06-12 14:24:05,0.800 req/s,0 req/s
2023-06-12 14:24:10,1 req/s,0 req/s
2023-06-12 14:24:15,1 req/s,0 req/s
2023-06-12 14:24:20,1 req/s,0 req/s
2023-06-12 14:24:25,0.800 req/s,0 req/s
2023-06-12 14:24:30,1 req/s,0 req/s
2023-06-12 14:24:35,0.600 req/s,0 req/s
2023-06-12 14:24:40,1.20 req/s,0 req/s
2023-06-12 14:24:45,1 req/s,0 req/s
2023-06-12 14:24:50,0.800 req/s,0 req/s
2023-06-12 14:24:55,1 req/s,0 req/s
2023-06-12 14:25:00,0.800 req/s,0 req/s
2023-06-12 14:25:05,0.800 req/s,0 req/s
2023-06-12 14:25:10,1 req/s,0 req/s
2023-06-12 14:25:15,0.800 req/s,0 req/s
2023-06-12 14:25:20,1.20 req/s,0 req/s
2023-06-12 14:25:25,0.800 req/s,0 req/s
2023-06-12 14:25:30,0.800 req/s,0 req/s
2023-06-12 14:25:35,1 req/s,0 req/s
2023-06-12 14:25:40,1 req/s,0 req/s
2023-06-12 14:25:45,1.20 req/s,0 req/s
2023-06-12 14:25:50,0.800 req/s,0 req/s
2023-06-12 14:25:55,1.40 req/s,0 req/s
2023-06-12 14:26:00,1 req/s,0 req/s
2023-06-12 14:26:05,1 req/s,0 req/s
2023-06-12 14:26:10,1.60 req/s,0 req/s
2023-06-12 14:26:15,1.20 req/s,0 req/s
2023-06-12 14:26:20,1.20 req/s,0 req/s
2023-06-12 14:26:25,1 req/s,0 req/s
2023-06-12 14:26:30,1.20 req/s,0 req/s
2023-06-12 14:26:35,1.20 req/s,0 req/s
2023-06-12 14:26:40,1.20 req/s,0 req/s
2023-06-12 14:26:45,0.799 req/s,0 req/s
2023-06-12 14:26:50,1.60 req/s,0 req/s
2023-06-12 14:26:55,1.00 req/s,0 req/s
2023-06-12 14:27:00,1 req/s,0 req/s
2023-06-12 14:27:05,1.20 req/s,0 req/s
2023-06-12 14:27:10,1.40 req/s,0 req/s
2023-06-12 14:27:15,1.20 req/s,0 req/s
2023-06-12 14:27:20,1.20 req/s,0 req/s
2023-06-12 14:27:25,1.20 req/s,0 req/s
2023-06-12 14:27:30,1.00 req/s,0 req/s
2023-06-12 14:27:35,1.000 req/s,0 req/s
2023-06-12 14:27:40,1.40 req/s,0 req/s
2023-06-12 14:27:45,1.20 req/s,0 req/s
2023-06-12 14:27:50,1.20 req/s,0 req/s
2023-06-12 14:27:55,0.799 req/s,0 req/s
2023-06-12 14:28:00,1.40 req/s,0 req/s
2023-06-12 14:28:05,0.999 req/s,0 req/s
2023-06-12 14:28:10,1.40 req/s,0 req/s
2023-06-12 14:28:15,1.20 req/s,0 req/s
2023-06-12 14:28:20,1.000 req/s,0 req/s
2023-06-12 14:28:25,1.40 req/s,0 req/s
2023-06-12 14:28:30,1.000 req/s,0 req/s
2023-06-12 14:28:35,1.20 req/s,0 req/s
2023-06-12 14:28:40,1.20 req/s,0 req/s
2023-06-12 14:28:45,0.999 req/s,0 req/s
2023-06-12 14:28:50,1.20 req/s,0 req/s
2023-06-12 14:28:55,3 req/s,0 req/s
2023-06-12 14:29:00,5.40 req/s,0 req/s
2023-06-12 14:29:05,2.40 req/s,0 req/s
2023-06-12 14:29:10,3.20 req/s,0 req/s
2023-06-12 14:29:15,3.60 req/s,0 req/s
2023-06-12 14:29:20,3.40 req/s,0.200 req/s
2023-06-12 14:29:25,4.19 req/s,0 req/s
2023-06-12 14:29:30,2.60 req/s,0 req/s
2023-06-12 14:29:35,3.40 req/s,1.40 req/s
2023-06-12 14:29:40,2.60 req/s,0.200 req/s
2023-06-12 14:29:45,3.81 req/s,2.00 req/s
2023-06-12 14:29:50,4.99 req/s,2.39 req/s
2023-06-12 14:29:55,2.40 req/s,0 req/s
2023-06-12 14:30:00,2.00 req/s,0 req/s
2023-06-12 14:30:05,1.40 req/s,0 req/s
2023-06-12 14:30:10,1.80 req/s,0 req/s
2023-06-12 14:30:15,1.40 req/s,0 req/s
2023-06-12 14:30:20,1.60 req/s,0 req/s
2023-06-12 14:30:25,1.00 req/s,0 req/s
2023-06-12 14:30:30,2.00 req/s,0 req/s
2023-06-12 14:30:35,1.80 req/s,0 req/s
2023-06-12 14:30:40,1.40 req/s,0 req/s
2023-06-12 14:30:45,1.60 req/s,0 req/s
2023-06-12 14:30:50,1.60 req/s,0 req/s
2023-06-12 14:30:55,1.60 req/s,0 req/s
2023-06-12 14:31:00,1.40 req/s,0 req/s
2023-06-12 14:31:05,1.60 req/s,0 req/s
2023-06-12 14:31:10,1.80 req/s,0 req/s
2023-06-12 14:31:15,1.40 req/s,0 req/s
2023-06-12 14:31:20,1.81 req/s,0 req/s
2023-06-12 14:31:25,1.60 req/s,0 req/s
2023-06-12 14:31:30,1.20 req/s,0 req/s
2023-06-12 14:31:35,1.61 req/s,0 req/s
2023-06-12 14:31:40,1.60 req/s,0 req/s
2023-06-12 14:31:45,1.80 req/s,0 req/s
2023-06-12 14:31:50,1.40 req/s,0 req/s
2023-06-12 14:31:55,1.80 req/s,0 req/s
2023-06-12 14:32:00,1.20 req/s,0 req/s
2023-06-12 14:32:05,1.40 req/s,0 req/s
2023-06-12 14:32:10,2.00 req/s,0 req/s
2023-06-12 14:32:15,1.20 req/s,0 req/s
2023-06-12 14:32:20,1.80 req/s,0 req/s
2023-06-12 14:32:25,1.80 req/s,0 req/s
2023-06-12 14:32:30,1.40 req/s,0 req/s
2023-06-12 14:32:35,1.60 req/s,0 req/s
2023-06-12 14:32:40,1.20 req/s,0 req/s
2023-06-12 14:32:45,1.40 req/s,0 req/s
2023-06-12 14:32:50,1.80 req/s,0 req/s
2023-06-12 14:32:55,1 req/s,0 req/s
2023-06-12 14:33:00,1.20 req/s,0 req/s
2023-06-12 14:33:05,1 req/s,0 req/s
2023-06-12 14:33:10,1 req/s,0 req/s

