"Time","bandwidth_inbound","bandwidth_outbound"
2023-05-25 18:13:15,5.63 MB/s,4.91 MB/s
2023-05-25 18:13:20,5.59 MB/s,4.85 MB/s
2023-05-25 18:13:25,5.60 MB/s,4.88 MB/s
2023-05-25 18:13:30,5.60 MB/s,4.88 MB/s
2023-05-25 18:13:35,10.5 GB/s,9.03 GB/s
2023-05-25 18:13:40,14.3 GB/s,12.2 GB/s
2023-05-25 18:13:45,3.80 GB/s,3.39 GB/s
2023-05-25 18:13:50,10.2 GB/s,8.72 GB/s
2023-05-25 18:13:55,3.26 GB/s,2.86 GB/s
2023-05-25 18:14:00,8.97 GB/s,7.82 GB/s
2023-05-25 18:14:05,5.02 GB/s,4.78 GB/s
2023-05-25 18:14:10,7.18 GB/s,5.86 GB/s
2023-05-25 18:14:15,3.05 GB/s,2.64 GB/s
2023-05-25 18:14:20,20.3 GB/s,17.5 GB/s
2023-05-25 18:14:25,8.02 GB/s,6.67 GB/s
2023-05-25 18:14:30,15.5 GB/s,13.4 GB/s
2023-05-25 18:14:35,8.46 GB/s,7.21 GB/s
2023-05-25 18:14:40,12.8 GB/s,11.0 GB/s
2023-05-25 18:14:45,8.35 GB/s,7.27 GB/s
2023-05-25 18:14:50,8.97 GB/s,7.70 GB/s
2023-05-25 18:14:55,7.90 GB/s,7.29 GB/s
2023-05-25 18:15:00,14.6 GB/s,12.0 GB/s
2023-05-25 18:15:05,12.0 GB/s,10.3 GB/s
2023-05-25 18:15:10,7.77 GB/s,6.75 GB/s
2023-05-25 18:15:15,9.23 GB/s,8.02 GB/s
2023-05-25 18:15:20,9.11 GB/s,8.55 GB/s
2023-05-25 18:15:25,12.7 GB/s,10.2 GB/s
2023-05-25 18:15:30,14.3 GB/s,12.2 GB/s
2023-05-25 18:15:35,5.45 GB/s,4.70 GB/s
2023-05-25 18:15:40,11.2 GB/s,9.63 GB/s
2023-05-25 18:15:45,3.56 GB/s,3.50 GB/s
2023-05-25 18:15:50,8.92 GB/s,7.48 GB/s
2023-05-25 18:15:55,8.08 GB/s,6.96 GB/s
2023-05-25 18:16:00,8.01 GB/s,6.92 GB/s
2023-05-25 18:16:05,13.7 GB/s,11.8 GB/s
2023-05-25 18:16:10,13.6 GB/s,11.6 GB/s
2023-05-25 18:16:15,8.68 GB/s,7.58 GB/s
2023-05-25 18:16:20,1.84 GB/s,1.78 GB/s
2023-05-25 18:16:25,3.38 GB/s,2.96 GB/s
2023-05-25 18:16:30,5.62 GB/s,4.90 GB/s
2023-05-25 18:16:35,3.85 GB/s,3.46 GB/s
2023-05-25 18:16:40,8.42 GB/s,7.33 GB/s
2023-05-25 18:16:45,5.63 GB/s,4.76 GB/s
2023-05-25 18:16:50,9.16 GB/s,7.97 GB/s
2023-05-25 18:16:55,3.01 GB/s,2.54 GB/s
2023-05-25 18:17:00,6.15 GB/s,5.99 GB/s
2023-05-25 18:17:05,12.1 GB/s,10.0 GB/s
2023-05-25 18:17:10,6.52 GB/s,5.23 GB/s
2023-05-25 18:17:15,3.30 GB/s,2.94 GB/s
2023-05-25 18:17:20,3.93 GB/s,4.20 GB/s
2023-05-25 18:17:25,9.94 GB/s,7.79 GB/s
2023-05-25 18:17:30,3.40 GB/s,3.02 GB/s
2023-05-25 18:17:35,1.14 GB/s,1.16 GB/s
2023-05-25 18:17:40,10.3 GB/s,8.73 GB/s
2023-05-25 18:17:45,1.19 GB/s,1.18 GB/s
2023-05-25 18:17:50,3.31 GB/s,2.85 GB/s
2023-05-25 18:17:55,3.48 GB/s,3.05 GB/s
2023-05-25 18:18:00,5.26 GB/s,4.51 GB/s
2023-05-25 18:18:05,4.95 GB/s,4.24 GB/s
2023-05-25 18:18:10,7.76 GB/s,6.93 GB/s
2023-05-25 18:18:15,4.03 GB/s,3.30 GB/s
2023-05-25 18:18:20,726 MB/s,739 MB/s
2023-05-25 18:18:25,6.80 GB/s,6.09 GB/s
2023-05-25 18:18:30,9.42 GB/s,8.41 GB/s
2023-05-25 18:18:35,4.37 GB/s,3.26 GB/s
2023-05-25 18:18:40,5.39 GB/s,4.60 GB/s
2023-05-25 18:18:45,5.84 GB/s,5.01 GB/s
2023-05-25 18:18:50,8.55 GB/s,7.36 GB/s
2023-05-25 18:18:55,7.35 GB/s,6.86 GB/s
2023-05-25 18:19:00,5.23 GB/s,4.05 GB/s
2023-05-25 18:19:05,6.36 GB/s,5.49 GB/s
2023-05-25 18:19:10,12.0 GB/s,10.3 GB/s
2023-05-25 18:19:15,9.96 GB/s,8.40 GB/s
2023-05-25 18:19:20,5.18 GB/s,4.43 GB/s
2023-05-25 18:19:25,7.23 GB/s,6.18 GB/s
2023-05-25 18:19:30,3.30 GB/s,2.90 GB/s
2023-05-25 18:19:35,7.53 GB/s,6.43 GB/s
2023-05-25 18:19:40,2.59 GB/s,2.22 GB/s
2023-05-25 18:19:45,5.99 GB/s,5.12 GB/s
2023-05-25 18:19:50,6.00 GB/s,5.25 GB/s
2023-05-25 18:19:55,5.29 GB/s,4.79 GB/s
2023-05-25 18:20:00,5.96 GB/s,4.82 GB/s
2023-05-25 18:20:05,7.89 GB/s,6.80 GB/s
2023-05-25 18:20:10,8.23 GB/s,7.07 GB/s
2023-05-25 18:20:15,5.63 GB/s,4.89 GB/s
2023-05-25 18:20:20,6.53 GB/s,5.69 GB/s
2023-05-25 18:20:25,9.12 GB/s,7.86 GB/s
2023-05-25 18:20:30,8.26 GB/s,7.07 GB/s
2023-05-25 18:20:35,5.36 GB/s,4.60 GB/s
2023-05-25 18:20:40,3.01 GB/s,2.69 GB/s
2023-05-25 18:20:45,6.33 GB/s,5.51 GB/s
2023-05-25 18:20:50,6.26 GB/s,5.41 GB/s
2023-05-25 18:20:55,5.69 GB/s,4.87 GB/s
2023-05-25 18:21:00,5.71 GB/s,4.94 GB/s
2023-05-25 18:21:05,5.14 GB/s,4.36 GB/s
2023-05-25 18:21:10,25.4 MB/s,21.9 MB/s
2023-05-25 18:21:15,2.90 GB/s,2.47 GB/s
2023-05-25 18:21:20,21.8 MB/s,19.0 MB/s
2023-05-25 18:21:25,2.35 GB/s,2.00 GB/s
2023-05-25 18:21:30,2.74 GB/s,2.35 GB/s
2023-05-25 18:21:35,5.18 GB/s,4.40 GB/s
2023-05-25 18:21:40,140 MB/s,135 MB/s
2023-05-25 18:21:45,418 MB/s,404 MB/s
2023-05-25 18:21:50,26.1 MB/s,22.6 MB/s
2023-05-25 18:21:55,219 MB/s,212 MB/s
2023-05-25 18:22:00,471 MB/s,455 MB/s
2023-05-25 18:22:05,20.2 MB/s,17.6 MB/s
2023-05-25 18:22:10,443 MB/s,427 MB/s
2023-05-25 18:22:15,433 MB/s,420 MB/s
2023-05-25 18:22:20,17.0 MB/s,14.9 MB/s
2023-05-25 18:22:25,96.9 MB/s,93.3 MB/s
2023-05-25 18:22:30,2.90 GB/s,2.50 GB/s
2023-05-25 18:22:35,2.20 GB/s,1.87 GB/s
2023-05-25 18:22:40,2.47 GB/s,2.12 GB/s
2023-05-25 18:22:45,56.0 MB/s,80.3 MB/s
2023-05-25 18:22:50,2.96 GB/s,2.54 GB/s
2023-05-25 18:22:55,20.9 MB/s,18.1 MB/s
2023-05-25 18:23:00,2.43 GB/s,2.07 GB/s
2023-05-25 18:23:05,2.46 GB/s,2.09 GB/s
2023-05-25 18:23:10,194 MB/s,221 MB/s
2023-05-25 18:23:15,341 MB/s,297 MB/s
2023-05-25 18:23:20,2.68 GB/s,2.28 GB/s
2023-05-25 18:23:25,701 MB/s,678 MB/s
2023-05-25 18:23:30,5.63 GB/s,4.79 GB/s
2023-05-25 18:23:35,2.99 GB/s,2.58 GB/s
2023-05-25 18:23:40,28.4 MB/s,24.6 MB/s
2023-05-25 18:23:45,10.2 MB/s,8.85 MB/s
2023-05-25 18:23:50,2.56 GB/s,2.18 GB/s
2023-05-25 18:23:55,237 MB/s,271 MB/s
2023-05-25 18:24:00,439 MB/s,421 MB/s
2023-05-25 18:24:05,4.39 GB/s,4.08 GB/s
2023-05-25 18:24:10,1.23 GB/s,717 MB/s
2023-05-25 18:24:15,1.44 GB/s,1.68 GB/s
2023-05-25 18:24:20,1.18 GB/s,594 MB/s
2023-05-25 18:24:25,292 MB/s,282 MB/s
2023-05-25 18:24:30,10.7 MB/s,9.26 MB/s
2023-05-25 18:24:35,2.73 GB/s,2.32 GB/s
2023-05-25 18:24:40,1.24 GB/s,1.60 GB/s
2023-05-25 18:24:45,1.58 GB/s,792 MB/s
2023-05-25 18:24:50,2.78 GB/s,2.37 GB/s
2023-05-25 18:24:55,2.55 GB/s,2.17 GB/s
2023-05-25 18:25:00,17.2 MB/s,14.8 MB/s
2023-05-25 18:25:05,19.5 MB/s,16.8 MB/s
2023-05-25 18:25:10,5.56 MB/s,4.83 MB/s
2023-05-25 18:25:15,143 MB/s,139 MB/s
2023-05-25 18:25:20,2.72 GB/s,2.31 GB/s
2023-05-25 18:25:25,2.65 GB/s,2.26 GB/s
2023-05-25 18:25:30,158 MB/s,155 MB/s
2023-05-25 18:25:35,181 MB/s,150 MB/s
2023-05-25 18:25:40,460 MB/s,447 MB/s
2023-05-25 18:25:45,436 MB/s,424 MB/s
2023-05-25 18:25:50,133 MB/s,129 MB/s
2023-05-25 18:25:55,144 MB/s,161 MB/s
2023-05-25 18:26:00,99.4 MB/s,73.8 MB/s
2023-05-25 18:26:05,8.13 MB/s,7.10 MB/s
2023-05-25 18:26:10,434 MB/s,423 MB/s
2023-05-25 18:26:15,2.79 GB/s,2.38 GB/s
2023-05-25 18:26:20,2.44 GB/s,2.07 GB/s
2023-05-25 18:26:25,6.04 MB/s,5.82 MB/s
2023-05-25 18:26:30,14.9 MB/s,12.8 MB/s
2023-05-25 18:26:35,213 MB/s,206 MB/s
2023-05-25 18:26:40,2.50 GB/s,2.12 GB/s
2023-05-25 18:26:45,199 MB/s,226 MB/s
2023-05-25 18:26:50,543 MB/s,883 MB/s
2023-05-25 18:26:55,2.41 GB/s,1.62 GB/s
2023-05-25 18:27:00,409 MB/s,396 MB/s
2023-05-25 18:27:05,2.49 GB/s,2.11 GB/s
2023-05-25 18:27:10,180 MB/s,174 MB/s
2023-05-25 18:27:15,1.52 GB/s,1.66 GB/s
2023-05-25 18:27:20,4.20 GB/s,3.30 GB/s
2023-05-25 18:27:25,7.86 GB/s,6.70 GB/s
2023-05-25 18:27:30,4.75 GB/s,4.06 GB/s
2023-05-25 18:27:35,8.19 GB/s,7.04 GB/s
2023-05-25 18:27:40,5.96 GB/s,5.11 GB/s
2023-05-25 18:27:45,136 MB/s,160 MB/s
2023-05-25 18:27:50,3.77 GB/s,3.34 GB/s
2023-05-25 18:27:55,5.98 GB/s,5.14 GB/s
2023-05-25 18:28:00,2.76 GB/s,2.39 GB/s
2023-05-25 18:28:05,5.02 GB/s,4.33 GB/s
2023-05-25 18:28:10,5.75 GB/s,4.98 GB/s
2023-05-25 18:28:15,2.49 GB/s,2.60 GB/s
2023-05-25 18:28:20,4.39 GB/s,3.50 GB/s
2023-05-25 18:28:25,5.52 GB/s,4.79 GB/s
2023-05-25 18:28:30,5.93 GB/s,5.06 GB/s
2023-05-25 18:28:35,3.42 GB/s,3.01 GB/s
2023-05-25 18:28:40,3.42 GB/s,2.99 GB/s
2023-05-25 18:28:45,5.84 GB/s,5.18 GB/s
2023-05-25 18:28:50,8.26 GB/s,7.08 GB/s
2023-05-25 18:28:55,8.87 GB/s,7.61 GB/s
2023-05-25 18:29:00,5.62 GB/s,4.79 GB/s
2023-05-25 18:29:05,5.72 GB/s,4.96 GB/s
2023-05-25 18:29:10,3.53 GB/s,3.09 GB/s
2023-05-25 18:29:15,2.72 GB/s,2.35 GB/s
2023-05-25 18:29:20,2.77 GB/s,2.42 GB/s
2023-05-25 18:29:25,13.6 GB/s,11.6 GB/s
2023-05-25 18:29:30,2.77 GB/s,2.37 GB/s
2023-05-25 18:29:35,7.05 GB/s,6.03 GB/s
2023-05-25 18:29:40,3.24 GB/s,2.85 GB/s
2023-05-25 18:29:45,2.80 GB/s,2.38 GB/s
2023-05-25 18:29:50,5.21 GB/s,4.50 GB/s
2023-05-25 18:29:55,6.21 GB/s,5.40 GB/s
2023-05-25 18:30:00,664 MB/s,684 MB/s
2023-05-25 18:30:05,5.15 GB/s,4.37 GB/s
2023-05-25 18:30:10,5.71 GB/s,4.96 GB/s
2023-05-25 18:30:15,6.14 GB/s,5.27 GB/s
2023-05-25 18:30:20,5.85 GB/s,5.05 GB/s
2023-05-25 18:30:25,7.92 GB/s,6.77 GB/s
2023-05-25 18:30:30,5.79 GB/s,5.04 GB/s
2023-05-25 18:30:35,5.73 GB/s,4.97 GB/s
2023-05-25 18:30:40,5.94 GB/s,5.14 GB/s
2023-05-25 18:30:45,3.34 GB/s,2.90 GB/s
2023-05-25 18:30:50,5.43 GB/s,4.62 GB/s
2023-05-25 18:30:55,7.68 GB/s,6.56 GB/s
2023-05-25 18:31:00,5.13 GB/s,4.36 GB/s
2023-05-25 18:31:05,11.0 GB/s,9.44 GB/s
2023-05-25 18:31:10,5.61 GB/s,5.04 GB/s
2023-05-25 18:31:15,7.04 GB/s,5.77 GB/s
2023-05-25 18:31:20,8.46 GB/s,7.73 GB/s
2023-05-25 18:31:25,6.60 GB/s,5.37 GB/s
2023-05-25 18:31:30,16.9 GB/s,14.5 GB/s
2023-05-25 18:31:35,9.47 GB/s,8.24 GB/s
2023-05-25 18:31:40,18.3 GB/s,16.4 GB/s
2023-05-25 18:31:45,14.8 GB/s,12.4 GB/s
2023-05-25 18:31:50,17.4 GB/s,14.7 GB/s
2023-05-25 18:31:55,23.6 GB/s,20.1 GB/s
2023-05-25 18:32:00,6.59 GB/s,5.94 GB/s
2023-05-25 18:32:05,9.25 GB/s,7.92 GB/s
2023-05-25 18:32:10,6.34 GB/s,5.66 GB/s
2023-05-25 18:32:15,9.20 GB/s,8.02 GB/s
2023-05-25 18:32:20,11.4 GB/s,9.85 GB/s
2023-05-25 18:32:25,11.5 GB/s,10.0 GB/s
2023-05-25 18:32:30,14.2 GB/s,12.3 GB/s
2023-05-25 18:32:35,16.9 GB/s,14.5 GB/s
2023-05-25 18:32:40,25.9 GB/s,22.4 GB/s
2023-05-25 18:32:45,14.6 GB/s,12.3 GB/s
2023-05-25 18:32:50,16.4 GB/s,14.1 GB/s
2023-05-25 18:32:55,23.5 GB/s,20.3 GB/s
2023-05-25 18:33:00,12.6 GB/s,11.1 GB/s
2023-05-25 18:33:05,14.4 GB/s,13.1 GB/s
2023-05-25 18:33:10,17.3 GB/s,14.0 GB/s
2023-05-25 18:33:15,19.8 GB/s,17.6 GB/s
2023-05-25 18:33:20,16.6 GB/s,13.6 GB/s
2023-05-25 18:33:25,14.6 GB/s,13.5 GB/s
2023-05-25 18:33:30,12.9 GB/s,11.2 GB/s
2023-05-25 18:33:35,18.9 GB/s,15.5 GB/s
2023-05-25 18:33:40,4.65 GB/s,4.13 GB/s
2023-05-25 18:33:45,13.2 GB/s,11.9 GB/s
2023-05-25 18:33:50,17.8 GB/s,14.9 GB/s
2023-05-25 18:33:55,18.3 GB/s,15.9 GB/s
2023-05-25 18:34:00,10.7 GB/s,8.91 GB/s
2023-05-25 18:34:05,1.33 GB/s,1.71 GB/s
2023-05-25 18:34:10,9.55 GB/s,7.61 GB/s
2023-05-25 18:34:15,1.38 GB/s,1.37 GB/s
2023-05-25 18:34:20,8.93 GB/s,7.74 GB/s
2023-05-25 18:34:25,1.17 GB/s,1.13 GB/s
2023-05-25 18:34:30,4.01 GB/s,3.62 GB/s
2023-05-25 18:34:35,7.97 GB/s,6.84 GB/s
2023-05-25 18:34:40,5.07 GB/s,4.34 GB/s
2023-05-25 18:34:45,14.8 GB/s,13.0 GB/s
2023-05-25 18:34:50,13.7 GB/s,11.7 GB/s
2023-05-25 18:34:55,6.43 GB/s,5.17 GB/s
2023-05-25 18:35:00,3.35 GB/s,2.93 GB/s
2023-05-25 18:35:05,10.6 GB/s,9.07 GB/s
2023-05-25 18:35:10,6.31 GB/s,5.44 GB/s
2023-05-25 18:35:15,5.33 GB/s,4.57 GB/s
2023-05-25 18:35:20,13.5 GB/s,11.5 GB/s
2023-05-25 18:35:25,11.0 GB/s,9.52 GB/s
2023-05-25 18:35:30,10.8 GB/s,9.10 GB/s
2023-05-25 18:35:35,3.50 GB/s,3.08 GB/s
2023-05-25 18:35:40,3.98 GB/s,3.63 GB/s
2023-05-25 18:35:45,5.97 GB/s,5.18 GB/s
2023-05-25 18:35:50,11.0 GB/s,9.53 GB/s
2023-05-25 18:35:55,6.81 GB/s,6.00 GB/s
2023-05-25 18:36:00,8.60 GB/s,7.43 GB/s
2023-05-25 18:36:05,5.86 GB/s,5.19 GB/s
2023-05-25 18:36:10,8.89 GB/s,7.63 GB/s
2023-05-25 18:36:15,9.64 GB/s,8.43 GB/s
2023-05-25 18:36:20,9.70 GB/s,8.86 GB/s
2023-05-25 18:36:25,13.1 GB/s,10.6 GB/s
2023-05-25 18:36:30,11.5 GB/s,9.88 GB/s
2023-05-25 18:36:35,13.6 GB/s,11.7 GB/s
2023-05-25 18:36:40,6.72 GB/s,5.85 GB/s
2023-05-25 18:36:45,8.81 GB/s,7.65 GB/s
2023-05-25 18:36:50,6.48 GB/s,5.56 GB/s
2023-05-25 18:36:55,8.50 GB/s,7.44 GB/s
2023-05-25 18:37:00,9.82 GB/s,8.49 GB/s
2023-05-25 18:37:05,8.95 GB/s,7.67 GB/s
2023-05-25 18:37:10,7.26 GB/s,6.94 GB/s
2023-05-25 18:37:15,9.10 GB/s,7.44 GB/s
2023-05-25 18:37:20,7.79 GB/s,7.04 GB/s
2023-05-25 18:37:25,13.4 GB/s,10.9 GB/s
2023-05-25 18:37:30,6.09 GB/s,5.26 GB/s
2023-05-25 18:37:35,11.8 GB/s,10.7 GB/s
2023-05-25 18:37:40,16.3 GB/s,14.1 GB/s
2023-05-25 18:37:45,14.7 GB/s,12.0 GB/s
2023-05-25 18:37:50,19.3 GB/s,16.6 GB/s
2023-05-25 18:37:55,18.8 GB/s,16.0 GB/s
2023-05-25 18:38:00,4.05 GB/s,3.68 GB/s
2023-05-25 18:38:05,14.1 GB/s,12.1 GB/s
2023-05-25 18:38:10,8.79 GB/s,7.62 GB/s
2023-05-25 18:38:15,11.2 GB/s,9.58 GB/s
2023-05-25 18:38:20,6.31 GB/s,5.55 GB/s
2023-05-25 18:38:25,9.42 GB/s,8.21 GB/s
2023-05-25 18:38:30,14.6 GB/s,12.6 GB/s
2023-05-25 18:38:35,13.2 GB/s,11.4 GB/s
2023-05-25 18:38:40,14.1 GB/s,12.2 GB/s
2023-05-25 18:38:45,18.9 GB/s,16.4 GB/s
2023-05-25 18:38:50,9.27 GB/s,7.85 GB/s
2023-05-25 18:38:55,15.9 GB/s,13.6 GB/s
2023-05-25 18:39:00,11.9 GB/s,10.2 GB/s
2023-05-25 18:39:05,15.3 GB/s,13.1 GB/s
2023-05-25 18:39:10,13.4 GB/s,11.5 GB/s
2023-05-25 18:39:15,4.23 GB/s,3.80 GB/s
2023-05-25 18:39:20,16.7 GB/s,14.3 GB/s
2023-05-25 18:39:25,7.02 GB/s,6.23 GB/s
2023-05-25 18:39:30,6.69 GB/s,5.81 GB/s
2023-05-25 18:39:35,16.0 GB/s,14.1 GB/s
2023-05-25 18:39:40,15.0 GB/s,12.5 GB/s
2023-05-25 18:39:45,8.31 GB/s,7.23 GB/s
2023-05-25 18:39:50,6.71 GB/s,6.45 GB/s
2023-05-25 18:39:55,18.3 GB/s,15.3 GB/s
2023-05-25 18:40:00,17.0 GB/s,15.1 GB/s
2023-05-25 18:40:05,16.3 GB/s,14.0 GB/s
2023-05-25 18:40:10,6.49 GB/s,5.92 GB/s
2023-05-25 18:40:15,5.28 GB/s,6.49 GB/s
2023-05-25 18:40:20,14.8 GB/s,12.6 GB/s
2023-05-25 18:40:25,2.47 GB/s,2.20 GB/s
2023-05-25 18:40:30,2.74 GB/s,3.86 GB/s
2023-05-25 18:40:35,1.55 GB/s,1.78 GB/s
2023-05-25 18:40:40,8.63 GB/s,10.5 GB/s
2023-05-25 18:40:45,6.00 GB/s,4.64 GB/s
2023-05-25 18:40:50,4.64 GB/s,5.22 GB/s
2023-05-25 18:40:55,2.44 GB/s,3.52 GB/s
2023-05-25 18:41:00,2.19 GB/s,2.75 GB/s
2023-05-25 18:41:05,13.1 GB/s,11.8 GB/s
2023-05-25 18:41:10,10.3 GB/s,8.49 GB/s
2023-05-25 18:41:15,6.23 GB/s,5.64 GB/s
2023-05-25 18:41:20,1.36 GB/s,1.23 GB/s
2023-05-25 18:41:25,7.86 GB/s,8.13 GB/s
2023-05-25 18:41:30,9.44 GB/s,8.39 GB/s
2023-05-25 18:41:35,2.38 GB/s,3.58 GB/s
2023-05-25 18:41:40,14.7 GB/s,14.3 GB/s
2023-05-25 18:41:45,796 MB/s,467 MB/s
2023-05-25 18:41:50,1.08 GB/s,1.02 GB/s
2023-05-25 18:41:55,370 MB/s,390 MB/s
2023-05-25 18:42:00,10.6 GB/s,9.05 GB/s
2023-05-25 18:42:05,3.57 GB/s,3.16 GB/s
2023-05-25 18:42:10,4.66 GB/s,3.96 GB/s
2023-05-25 18:42:15,43.7 MB/s,38.1 MB/s
2023-05-25 18:42:20,7.13 GB/s,6.21 GB/s
2023-05-25 18:42:25,3.87 GB/s,3.28 GB/s
2023-05-25 18:42:30,3.32 GB/s,2.87 GB/s
2023-05-25 18:42:35,6.76 GB/s,6.14 GB/s
2023-05-25 18:42:40,4.27 GB/s,3.39 GB/s
2023-05-25 18:42:45,10.2 GB/s,8.65 GB/s
2023-05-25 18:42:50,2.85 GB/s,2.51 GB/s
2023-05-25 18:42:55,623 MB/s,579 MB/s
2023-05-25 18:43:00,2.81 GB/s,2.46 GB/s
2023-05-25 18:43:05,5.06 GB/s,4.40 GB/s
2023-05-25 18:43:10,2.87 GB/s,2.45 GB/s
2023-05-25 18:43:15,731 MB/s,753 MB/s
2023-05-25 18:43:20,3.28 GB/s,2.86 GB/s
2023-05-25 18:43:25,6.19 GB/s,5.39 GB/s
2023-05-25 18:43:30,4.70 GB/s,3.99 GB/s
2023-05-25 18:43:35,5.58 GB/s,4.79 GB/s
2023-05-25 18:43:40,5.17 GB/s,4.46 GB/s
2023-05-25 18:43:45,3.63 GB/s,3.21 GB/s
2023-05-25 18:43:50,194 MB/s,158 MB/s
2023-05-25 18:43:55,8.29 GB/s,7.76 GB/s
2023-05-25 18:44:00,7.32 GB/s,5.57 GB/s
2023-05-25 18:44:05,5.57 GB/s,4.75 GB/s
2023-05-25 18:44:10,3.19 GB/s,2.79 GB/s
2023-05-25 18:44:15,430 MB/s,410 MB/s
2023-05-25 18:44:20,2.45 GB/s,2.15 GB/s
2023-05-25 18:44:25,1.35 GB/s,1.28 GB/s
2023-05-25 18:44:30,2.91 GB/s,2.55 GB/s
2023-05-25 18:44:35,394 MB/s,381 MB/s
2023-05-25 18:44:40,3.42 GB/s,3.02 GB/s
2023-05-25 18:44:45,5.84 GB/s,5.04 GB/s
2023-05-25 18:44:50,3.37 GB/s,2.98 GB/s
2023-05-25 18:44:55,2.75 GB/s,2.31 GB/s
2023-05-25 18:45:00,7.53 GB/s,6.41 GB/s
2023-05-25 18:45:05,595 MB/s,614 MB/s
2023-05-25 18:45:10,3.14 GB/s,2.67 GB/s
2023-05-25 18:45:15,5.15 GB/s,4.80 GB/s
2023-05-25 18:45:20,9.22 GB/s,7.71 GB/s
2023-05-25 18:45:25,17.1 GB/s,14.7 GB/s
2023-05-25 18:45:30,4.67 GB/s,5.18 GB/s
2023-05-25 18:45:35,15.7 GB/s,15.4 GB/s
2023-05-25 18:45:40,8.27 GB/s,6.68 GB/s
2023-05-25 18:45:45,10.1 GB/s,9.41 GB/s
2023-05-25 18:45:50,2.96 GB/s,2.08 GB/s
2023-05-25 18:45:55,3.79 GB/s,3.63 GB/s
2023-05-25 18:46:00,2.43 GB/s,3.96 GB/s
2023-05-25 18:46:05,4.41 GB/s,4.98 GB/s
2023-05-25 18:46:10,706 MB/s,649 MB/s
2023-05-25 18:46:15,4.27 GB/s,5.09 GB/s
2023-05-25 18:46:20,975 MB/s,969 MB/s
2023-05-25 18:46:25,4.71 GB/s,5.18 GB/s
2023-05-25 18:46:30,9.19 GB/s,8.63 GB/s
2023-05-25 18:46:35,2.39 GB/s,3.73 GB/s
2023-05-25 18:46:40,17.4 GB/s,15.9 GB/s
2023-05-25 18:46:45,1.72 GB/s,2.31 GB/s
2023-05-25 18:46:50,1.04 GB/s,977 MB/s
2023-05-25 18:46:55,16.1 GB/s,15.6 GB/s
2023-05-25 18:47:00,11.8 GB/s,9.36 GB/s
2023-05-25 18:47:05,16.7 GB/s,14.5 GB/s
2023-05-25 18:47:10,9.03 GB/s,8.14 GB/s
2023-05-25 18:47:15,3.95 GB/s,3.69 GB/s
2023-05-25 18:47:20,1.39 GB/s,1.32 GB/s
2023-05-25 18:47:25,2.63 GB/s,3.50 GB/s
2023-05-25 18:47:30,3.31 GB/s,3.02 GB/s
2023-05-25 18:47:35,10.0 GB/s,9.98 GB/s
2023-05-25 18:47:40,11.9 GB/s,11.0 GB/s
2023-05-25 18:47:45,2.77 GB/s,4.07 GB/s
2023-05-25 18:47:50,3.74 GB/s,5.27 GB/s
2023-05-25 18:47:55,4.29 GB/s,3.76 GB/s
2023-05-25 18:48:00,11.1 GB/s,9.55 GB/s
2023-05-25 18:48:05,6.73 GB/s,5.92 GB/s
2023-05-25 18:48:10,4.56 GB/s,4.04 GB/s
2023-05-25 18:48:15,8.74 GB/s,7.61 GB/s
2023-05-25 18:48:20,4.03 GB/s,3.63 GB/s
2023-05-25 18:48:25,18.2 GB/s,15.6 GB/s
2023-05-25 18:48:30,5.50 GB/s,4.74 GB/s
2023-05-25 18:48:35,13.7 GB/s,12.3 GB/s
2023-05-25 18:48:40,5.92 GB/s,4.77 GB/s
2023-05-25 18:48:45,6.16 GB/s,5.39 GB/s
2023-05-25 18:48:50,4.84 GB/s,4.97 GB/s
2023-05-25 18:48:55,14.6 GB/s,11.8 GB/s
2023-05-25 18:49:00,8.97 GB/s,7.75 GB/s
2023-05-25 18:49:05,9.04 GB/s,7.88 GB/s
2023-05-25 18:49:10,7.99 GB/s,6.92 GB/s
2023-05-25 18:49:15,6.87 GB/s,6.08 GB/s
2023-05-25 18:49:20,3.40 GB/s,2.93 GB/s
2023-05-25 18:49:25,12.9 GB/s,11.0 GB/s
2023-05-25 18:49:30,7.62 GB/s,6.62 GB/s
2023-05-25 18:49:35,8.87 GB/s,7.73 GB/s
2023-05-25 18:49:40,2.35 GB/s,2.77 GB/s
2023-05-25 18:49:45,7.63 GB/s,5.93 GB/s
2023-05-25 18:49:50,2.70 GB/s,2.30 GB/s
2023-05-25 18:49:55,344 MB/s,334 MB/s
2023-05-25 18:50:00,2.78 GB/s,2.37 GB/s
2023-05-25 18:50:05,2.57 GB/s,2.19 GB/s
2023-05-25 18:50:10,129 MB/s,157 MB/s
2023-05-25 18:50:15,3.12 GB/s,2.67 GB/s
2023-05-25 18:50:20,258 MB/s,282 MB/s
2023-05-25 18:50:25,402 MB/s,360 MB/s
2023-05-25 18:50:30,2.39 GB/s,2.09 GB/s
2023-05-25 18:50:35,297 MB/s,256 MB/s
2023-05-25 18:50:40,133 MB/s,144 MB/s
2023-05-25 18:50:45,2.36 GB/s,2.01 GB/s
2023-05-25 18:50:50,507 MB/s,511 MB/s
2023-05-25 18:50:55,2.36 GB/s,2.01 GB/s
2023-05-25 18:51:00,2.67 GB/s,2.31 GB/s
2023-05-25 18:51:05,177 MB/s,146 MB/s
2023-05-25 18:51:10,2.81 GB/s,2.40 GB/s
2023-05-25 18:51:15,2.53 GB/s,2.16 GB/s
2023-05-25 18:51:20,12.6 MB/s,11.0 MB/s
2023-05-25 18:51:25,2.21 GB/s,1.88 GB/s
2023-05-25 18:51:30,71.4 MB/s,68.1 MB/s
2023-05-25 18:51:35,2.78 GB/s,2.36 GB/s
2023-05-25 18:51:40,2.94 GB/s,2.51 GB/s
2023-05-25 18:51:45,1.61 GB/s,1.82 GB/s
2023-05-25 18:51:50,1.20 GB/s,645 MB/s
2023-05-25 18:51:55,398 MB/s,357 MB/s
2023-05-25 18:52:00,2.43 GB/s,2.07 GB/s
2023-05-25 18:52:05,280 MB/s,273 MB/s
2023-05-25 18:52:10,503 MB/s,488 MB/s
2023-05-25 18:52:15,2.21 GB/s,1.88 GB/s
2023-05-25 18:52:20,7.92 MB/s,6.93 MB/s
2023-05-25 18:52:25,2.76 GB/s,2.35 GB/s
2023-05-25 18:52:30,490 MB/s,475 MB/s
2023-05-25 18:52:35,2.66 GB/s,2.27 GB/s
2023-05-25 18:52:40,469 MB/s,455 MB/s
2023-05-25 18:52:45,2.70 GB/s,2.30 GB/s
2023-05-25 18:52:50,2.22 GB/s,1.89 GB/s
2023-05-25 18:52:55,2.23 GB/s,1.90 GB/s
2023-05-25 18:53:00,219 MB/s,214 MB/s
2023-05-25 18:53:05,161 MB/s,156 MB/s
2023-05-25 18:53:10,2.66 GB/s,2.27 GB/s
2023-05-25 18:53:15,11.2 MB/s,9.72 MB/s
2023-05-25 18:53:20,2.55 GB/s,2.17 GB/s
2023-05-25 18:53:25,355 MB/s,395 MB/s
2023-05-25 18:53:30,452 MB/s,390 MB/s
2023-05-25 18:53:35,14.7 MB/s,12.8 MB/s
2023-05-25 18:53:40,20.0 MB/s,17.3 MB/s
2023-05-25 18:53:45,9.82 MB/s,8.54 MB/s
2023-05-25 18:53:50,2.44 GB/s,2.08 GB/s
2023-05-25 18:53:55,16.4 MB/s,14.3 MB/s
2023-05-25 18:54:00,183 MB/s,212 MB/s
2023-05-25 18:54:05,350 MB/s,320 MB/s
2023-05-25 18:54:10,2.39 GB/s,2.03 GB/s
2023-05-25 18:54:15,7.84 MB/s,6.88 MB/s
2023-05-25 18:54:20,2.36 GB/s,2.01 GB/s
2023-05-25 18:54:25,1.27 GB/s,1.54 GB/s
2023-05-25 18:54:30,4.01 GB/s,3.02 GB/s
2023-05-25 18:54:35,2.93 GB/s,2.57 GB/s
2023-05-25 18:54:40,390 MB/s,345 MB/s
2023-05-25 18:54:45,181 MB/s,175 MB/s
2023-05-25 18:54:50,273 MB/s,276 MB/s
2023-05-25 18:54:55,3.04 GB/s,2.60 GB/s
2023-05-25 18:55:00,20.9 MB/s,18.2 MB/s
2023-05-25 18:55:05,619 MB/s,638 MB/s
2023-05-25 18:55:10,5.58 GB/s,4.73 GB/s
2023-05-25 18:55:15,272 MB/s,295 MB/s
2023-05-25 18:55:20,5.52 GB/s,4.68 GB/s
2023-05-25 18:55:25,47.1 MB/s,40.8 MB/s
2023-05-25 18:55:30,20.6 MB/s,17.9 MB/s
2023-05-25 18:55:35,269 MB/s,260 MB/s
2023-05-25 18:55:40,2.71 GB/s,2.34 GB/s
2023-05-25 18:55:45,2.86 GB/s,2.44 GB/s
2023-05-25 18:55:50,2.29 GB/s,1.95 GB/s
2023-05-25 18:55:55,2.54 GB/s,2.16 GB/s
2023-05-25 18:56:00,5.14 GB/s,4.37 GB/s
2023-05-25 18:56:05,18.9 MB/s,16.4 MB/s
2023-05-25 18:56:10,2.41 GB/s,2.06 GB/s
2023-05-25 18:56:15,3.29 GB/s,3.59 GB/s
2023-05-25 18:56:20,4.51 GB/s,3.06 GB/s
2023-05-25 18:56:25,2.75 GB/s,2.34 GB/s
2023-05-25 18:56:30,813 MB/s,787 MB/s
2023-05-25 18:56:35,4.47 GB/s,4.35 GB/s
2023-05-25 18:56:40,4.30 GB/s,3.16 GB/s
2023-05-25 18:56:45,2.47 GB/s,2.13 GB/s
2023-05-25 18:56:50,3.97 GB/s,3.80 GB/s
2023-05-25 18:56:55,1.53 GB/s,924 MB/s
2023-05-25 18:57:00,2.89 GB/s,2.53 GB/s
2023-05-25 18:57:05,2.95 GB/s,2.55 GB/s
2023-05-25 18:57:10,43.1 MB/s,37.2 MB/s
2023-05-25 18:57:15,2.30 GB/s,1.96 GB/s
2023-05-25 18:57:20,2.89 GB/s,2.47 GB/s
2023-05-25 18:57:25,2.77 GB/s,2.39 GB/s
2023-05-25 18:57:30,2.82 GB/s,2.46 GB/s
2023-05-25 18:57:35,2.71 GB/s,2.37 GB/s
2023-05-25 18:57:40,2.81 GB/s,2.40 GB/s
2023-05-25 18:57:45,442 MB/s,460 MB/s
2023-05-25 18:57:50,2.70 GB/s,2.30 GB/s
2023-05-25 18:57:55,72.5 MB/s,69.6 MB/s
2023-05-25 18:58:00,2.94 GB/s,2.54 GB/s
2023-05-25 18:58:05,85.8 MB/s,81.8 MB/s
2023-05-25 18:58:10,4.80 GB/s,4.09 GB/s
2023-05-25 18:58:15,3.20 GB/s,2.79 GB/s
2023-05-25 18:58:20,3.31 GB/s,2.88 GB/s
2023-05-25 18:58:25,455 MB/s,454 MB/s
2023-05-25 18:58:30,5.22 GB/s,4.46 GB/s
2023-05-25 18:58:35,3.11 GB/s,2.70 GB/s
2023-05-25 18:58:40,176 MB/s,145 MB/s
2023-05-25 18:58:45,242 MB/s,234 MB/s
2023-05-25 18:58:50,519 MB/s,545 MB/s
2023-05-25 18:58:55,410 MB/s,358 MB/s
2023-05-25 18:59:00,7.85 GB/s,6.74 GB/s
2023-05-25 18:59:05,20.0 GB/s,17.4 GB/s
2023-05-25 18:59:10,11.1 GB/s,9.59 GB/s
2023-05-25 18:59:15,8.06 GB/s,6.79 GB/s
2023-05-25 18:59:20,14.0 GB/s,12.0 GB/s
2023-05-25 18:59:25,14.0 GB/s,12.1 GB/s
2023-05-25 18:59:30,15.2 GB/s,14.0 GB/s
2023-05-25 18:59:35,11.8 GB/s,9.40 GB/s
2023-05-25 18:59:40,20.1 GB/s,17.3 GB/s
2023-05-25 18:59:45,4.50 GB/s,4.50 GB/s
2023-05-25 18:59:50,8.28 GB/s,9.42 GB/s
2023-05-25 18:59:55,22.6 GB/s,18.5 GB/s
2023-05-25 19:00:00,15.9 GB/s,14.2 GB/s
2023-05-25 19:00:05,16.6 GB/s,14.3 GB/s
2023-05-25 19:00:10,2.94 GB/s,3.50 GB/s
2023-05-25 19:00:15,3.50 GB/s,3.08 GB/s
2023-05-25 19:00:20,5.32 GB/s,4.06 GB/s
2023-05-25 19:00:25,11.7 GB/s,10.2 GB/s
2023-05-25 19:00:30,4.90 GB/s,5.24 GB/s
2023-05-25 19:00:35,4.45 GB/s,4.38 GB/s
2023-05-25 19:00:40,3.14 GB/s,2.69 GB/s
2023-05-25 19:00:45,303 MB/s,309 MB/s
2023-05-25 19:00:50,2.43 GB/s,2.07 GB/s
2023-05-25 19:00:55,3.28 GB/s,2.87 GB/s
2023-05-25 19:01:00,251 MB/s,228 MB/s
2023-05-25 19:01:05,4.52 GB/s,3.85 GB/s
2023-05-25 19:01:10,4.97 GB/s,4.24 GB/s
2023-05-25 19:01:15,3.11 GB/s,2.67 GB/s
2023-05-25 19:01:20,261 MB/s,253 MB/s
2023-05-25 19:01:25,344 MB/s,331 MB/s
2023-05-25 19:01:30,3.31 GB/s,2.87 GB/s
2023-05-25 19:01:35,769 MB/s,743 MB/s
2023-05-25 19:01:40,2.43 GB/s,2.07 GB/s
2023-05-25 19:01:45,5.56 GB/s,5.07 GB/s
2023-05-25 19:01:50,5.28 GB/s,4.93 GB/s
2023-05-25 19:01:55,6.96 GB/s,5.21 GB/s
2023-05-25 19:02:00,393 MB/s,396 MB/s
2023-05-25 19:02:05,4.66 GB/s,3.96 GB/s
2023-05-25 19:02:10,691 MB/s,698 MB/s
2023-05-25 19:02:15,686 MB/s,656 MB/s
2023-05-25 19:02:20,5.66 GB/s,4.81 GB/s
2023-05-25 19:02:25,5.70 GB/s,4.92 GB/s
2023-05-25 19:02:30,2.79 GB/s,2.37 GB/s
2023-05-25 19:02:35,272 MB/s,303 MB/s
2023-05-25 19:02:40,712 MB/s,652 MB/s
2023-05-25 19:02:45,407 MB/s,393 MB/s
2023-05-25 19:02:50,2.60 GB/s,2.26 GB/s
2023-05-25 19:02:55,363 MB/s,350 MB/s
2023-05-25 19:03:00,5.45 GB/s,5.26 GB/s
2023-05-25 19:03:05,4.36 GB/s,3.11 GB/s
2023-05-25 19:03:10,362 MB/s,417 MB/s
2023-05-25 19:03:15,3.33 GB/s,2.81 GB/s
2023-05-25 19:03:20,3.21 GB/s,2.83 GB/s
2023-05-25 19:03:25,277 MB/s,261 MB/s
2023-05-25 19:03:30,3.45 GB/s,3.02 GB/s
2023-05-25 19:03:35,2.96 GB/s,2.55 GB/s
2023-05-25 19:03:40,818 MB/s,822 MB/s
2023-05-25 19:03:45,2.96 GB/s,2.54 GB/s
2023-05-25 19:03:50,3.30 GB/s,2.87 GB/s
2023-05-25 19:03:55,3.32 GB/s,2.88 GB/s
2023-05-25 19:04:00,3.12 GB/s,2.69 GB/s
2023-05-25 19:04:05,5.59 GB/s,4.79 GB/s
2023-05-25 19:04:10,403 MB/s,390 MB/s
2023-05-25 19:04:15,6.33 GB/s,6.18 GB/s
2023-05-25 19:04:20,7.00 GB/s,5.23 GB/s
2023-05-25 19:04:25,3.28 GB/s,3.49 GB/s
2023-05-25 19:04:30,8.40 GB/s,6.92 GB/s
2023-05-25 19:04:35,24.1 GB/s,20.4 GB/s
2023-05-25 19:04:40,8.71 GB/s,7.67 GB/s
2023-05-25 19:04:45,13.7 GB/s,11.9 GB/s
2023-05-25 19:04:50,20.2 GB/s,17.3 GB/s
2023-05-25 19:04:55,21.4 GB/s,18.3 GB/s
2023-05-25 19:05:00,11.7 GB/s,10.2 GB/s
2023-05-25 19:05:05,13.9 GB/s,12.0 GB/s
2023-05-25 19:05:10,5.38 GB/s,7.03 GB/s
2023-05-25 19:05:15,8.68 GB/s,9.98 GB/s
2023-05-25 19:05:20,10.1 GB/s,8.89 GB/s
2023-05-25 19:05:25,10.1 GB/s,10.0 GB/s
2023-05-25 19:05:30,7.73 GB/s,8.46 GB/s
2023-05-25 19:05:35,6.36 GB/s,8.11 GB/s
2023-05-25 19:05:40,10.7 GB/s,11.3 GB/s
2023-05-25 19:05:45,4.06 GB/s,3.85 GB/s
2023-05-25 19:05:50,16.0 GB/s,14.1 GB/s
2023-05-25 19:05:55,16.0 GB/s,13.5 GB/s
2023-05-25 19:06:00,28.1 GB/s,23.8 GB/s
2023-05-25 19:06:05,12.2 GB/s,10.6 GB/s
2023-05-25 19:06:10,25.0 GB/s,22.0 GB/s
2023-05-25 19:06:15,11.8 GB/s,10.3 GB/s
2023-05-25 19:06:20,7.64 GB/s,7.70 GB/s
2023-05-25 19:06:25,1.92 GB/s,2.15 GB/s
2023-05-25 19:06:30,11.7 GB/s,11.0 GB/s
2023-05-25 19:06:35,22.0 GB/s,18.1 GB/s
2023-05-25 19:06:40,21.1 GB/s,18.2 GB/s
2023-05-25 19:06:45,22.7 GB/s,19.4 GB/s
2023-05-25 19:06:50,390 MB/s,328 MB/s
2023-05-25 19:06:55,11.4 GB/s,9.86 GB/s
2023-05-25 19:07:00,19.4 GB/s,16.5 GB/s
2023-05-25 19:07:05,8.48 GB/s,7.35 GB/s
2023-05-25 19:07:10,11.1 GB/s,9.52 GB/s
2023-05-25 19:07:15,8.98 GB/s,7.90 GB/s
2023-05-25 19:07:20,11.0 GB/s,9.48 GB/s
2023-05-25 19:07:25,5.69 GB/s,4.96 GB/s
2023-05-25 19:07:30,9.20 GB/s,8.70 GB/s
2023-05-25 19:07:35,8.57 GB/s,6.73 GB/s
2023-05-25 19:07:40,6.77 GB/s,5.90 GB/s
2023-05-25 19:07:45,11.3 GB/s,9.63 GB/s
2023-05-25 19:07:50,17.5 GB/s,15.3 GB/s
2023-05-25 19:07:55,9.01 GB/s,7.44 GB/s
2023-05-25 19:08:00,8.10 GB/s,6.98 GB/s
2023-05-25 19:08:05,10.5 GB/s,9.01 GB/s
2023-05-25 19:08:10,4.05 GB/s,3.62 GB/s
2023-05-25 19:08:15,5.59 GB/s,4.83 GB/s
2023-05-25 19:08:20,11.8 GB/s,10.9 GB/s
2023-05-25 19:08:25,5.53 GB/s,4.07 GB/s
2023-05-25 19:08:30,8.58 GB/s,7.33 GB/s
2023-05-25 19:08:35,10.5 GB/s,9.01 GB/s
2023-05-25 19:08:40,3.53 GB/s,3.15 GB/s
2023-05-25 19:08:45,11.7 GB/s,10.00 GB/s
2023-05-25 19:08:50,10.9 GB/s,9.45 GB/s
2023-05-25 19:08:55,3.41 GB/s,2.93 GB/s
2023-05-25 19:09:00,3.23 GB/s,2.85 GB/s
2023-05-25 19:09:05,8.43 GB/s,7.87 GB/s
2023-05-25 19:09:10,7.47 GB/s,5.83 GB/s
2023-05-25 19:09:15,2.88 GB/s,2.44 GB/s
2023-05-25 19:09:20,6.16 GB/s,5.40 GB/s
2023-05-25 19:09:25,8.59 GB/s,8.12 GB/s
2023-05-25 19:09:30,9.74 GB/s,7.61 GB/s
2023-05-25 19:09:35,3.90 GB/s,3.49 GB/s
2023-05-25 19:09:40,2.82 GB/s,2.45 GB/s
2023-05-25 19:09:45,6.98 GB/s,6.18 GB/s
2023-05-25 19:09:50,8.77 GB/s,7.61 GB/s
2023-05-25 19:09:55,6.35 GB/s,5.54 GB/s
2023-05-25 19:10:00,8.94 GB/s,8.05 GB/s
2023-05-25 19:10:05,11.0 GB/s,9.17 GB/s
2023-05-25 19:10:10,10.6 GB/s,9.16 GB/s
2023-05-25 19:10:15,4.11 GB/s,3.71 GB/s
2023-05-25 19:10:20,10.4 GB/s,8.89 GB/s
2023-05-25 19:10:25,7.31 GB/s,7.02 GB/s
2023-05-25 19:10:30,9.29 GB/s,7.81 GB/s
2023-05-25 19:10:35,4.86 GB/s,3.91 GB/s
2023-05-25 19:10:40,6.08 GB/s,5.31 GB/s
2023-05-25 19:10:45,5.44 GB/s,5.16 GB/s
2023-05-25 19:10:50,12.3 GB/s,10.2 GB/s
2023-05-25 19:10:55,9.89 GB/s,8.91 GB/s
2023-05-25 19:11:00,11.1 GB/s,9.44 GB/s
2023-05-25 19:11:05,11.7 GB/s,9.95 GB/s
2023-05-25 19:11:10,23.6 GB/s,20.0 GB/s
2023-05-25 19:11:15,16.8 GB/s,14.5 GB/s
2023-05-25 19:11:20,15.5 GB/s,13.9 GB/s
2023-05-25 19:11:25,16.6 GB/s,13.8 GB/s
2023-05-25 19:11:30,18.6 GB/s,16.3 GB/s
2023-05-25 19:11:35,14.9 GB/s,12.5 GB/s
2023-05-25 19:11:40,9.07 GB/s,7.86 GB/s
2023-05-25 19:11:45,15.8 GB/s,13.4 GB/s
2023-05-25 19:11:50,11.9 GB/s,11.0 GB/s
2023-05-25 19:11:55,17.3 GB/s,14.0 GB/s
2023-05-25 19:12:00,3.53 GB/s,3.16 GB/s
2023-05-25 19:12:05,16.5 GB/s,14.9 GB/s
2023-05-25 19:12:10,14.2 GB/s,11.5 GB/s
2023-05-25 19:12:15,11.7 GB/s,10.1 GB/s
2023-05-25 19:12:20,11.8 GB/s,10.3 GB/s
2023-05-25 19:12:25,7.35 GB/s,6.49 GB/s
2023-05-25 19:12:30,16.0 GB/s,13.7 GB/s
2023-05-25 19:12:35,11.0 GB/s,9.46 GB/s
2023-05-25 19:12:40,15.6 GB/s,13.9 GB/s
2023-05-25 19:12:45,10.9 GB/s,8.84 GB/s
2023-05-25 19:12:50,12.3 GB/s,10.6 GB/s
2023-05-25 19:12:55,5.87 GB/s,5.16 GB/s
2023-05-25 19:13:00,7.11 GB/s,6.32 GB/s
2023-05-25 19:13:05,12.6 GB/s,10.8 GB/s
2023-05-25 19:13:10,19.1 GB/s,16.3 GB/s
2023-05-25 19:13:15,6.00 GB/s,5.24 GB/s
2023-05-25 19:13:20,16.3 GB/s,14.0 GB/s
2023-05-25 19:13:25,4.61 GB/s,4.87 GB/s
2023-05-25 19:13:30,16.7 GB/s,13.6 GB/s
2023-05-25 19:13:35,9.09 GB/s,7.91 GB/s
2023-05-25 19:13:40,6.93 GB/s,6.17 GB/s
2023-05-25 19:13:45,12.6 GB/s,11.3 GB/s
2023-05-25 19:13:50,14.6 GB/s,12.0 GB/s
2023-05-25 19:13:55,20.4 GB/s,18.1 GB/s
2023-05-25 19:14:00,5.80 GB/s,4.44 GB/s
2023-05-25 19:14:05,14.6 GB/s,12.6 GB/s
2023-05-25 19:14:10,4.38 GB/s,3.99 GB/s
2023-05-25 19:14:15,16.4 GB/s,14.0 GB/s
2023-05-25 19:14:20,8.96 GB/s,7.77 GB/s
2023-05-25 19:14:25,13.5 GB/s,12.0 GB/s
2023-05-25 19:14:30,2.59 GB/s,1.79 GB/s
2023-05-25 19:14:35,312 MB/s,302 MB/s
2023-05-25 19:14:40,4.07 GB/s,3.87 GB/s
2023-05-25 19:14:45,3.38 GB/s,2.49 GB/s
2023-05-25 19:14:50,294 MB/s,282 MB/s
2023-05-25 19:14:55,769 MB/s,766 MB/s
2023-05-25 19:15:00,444 MB/s,459 MB/s
2023-05-25 19:15:05,424 MB/s,385 MB/s
2023-05-25 19:15:10,87.7 MB/s,59.7 MB/s
2023-05-25 19:15:15,266 MB/s,258 MB/s
2023-05-25 19:15:20,318 MB/s,351 MB/s
2023-05-25 19:15:25,3.15 GB/s,2.68 GB/s
2023-05-25 19:15:30,680 MB/s,660 MB/s
2023-05-25 19:15:35,2.71 GB/s,2.37 GB/s
2023-05-25 19:15:40,2.95 GB/s,2.51 GB/s
2023-05-25 19:15:45,127 MB/s,122 MB/s
2023-05-25 19:15:50,7.75 GB/s,6.60 GB/s
2023-05-25 19:15:55,2.69 GB/s,2.30 GB/s
2023-05-25 19:16:00,5.27 GB/s,4.48 GB/s
2023-05-25 19:16:05,2.76 GB/s,2.41 GB/s
2023-05-25 19:16:10,325 MB/s,301 MB/s
2023-05-25 19:16:15,3.00 GB/s,2.55 GB/s
2023-05-25 19:16:20,2.66 GB/s,2.28 GB/s
2023-05-25 19:16:25,2.86 GB/s,2.44 GB/s
2023-05-25 19:16:30,3.24 GB/s,2.83 GB/s
2023-05-25 19:16:35,2.52 GB/s,2.21 GB/s
2023-05-25 19:16:40,431 MB/s,379 MB/s
2023-05-25 19:16:45,501 MB/s,486 MB/s
2023-05-25 19:16:50,4.99 GB/s,4.25 GB/s
2023-05-25 19:16:55,2.52 GB/s,2.15 GB/s
2023-05-25 19:17:00,5.40 GB/s,4.64 GB/s
2023-05-25 19:17:05,2.47 GB/s,2.11 GB/s
2023-05-25 19:17:10,2.87 GB/s,3.12 GB/s
2023-05-25 19:17:15,4.63 GB/s,3.31 GB/s
2023-05-25 19:17:20,2.46 GB/s,2.09 GB/s
2023-05-25 19:17:25,441 MB/s,427 MB/s
2023-05-25 19:17:30,27.5 MB/s,23.9 MB/s
2023-05-25 19:17:35,5.02 GB/s,4.27 GB/s
2023-05-25 19:17:40,2.77 GB/s,2.38 GB/s
2023-05-25 19:17:45,192 MB/s,203 MB/s
2023-05-25 19:17:50,2.81 GB/s,2.39 GB/s
2023-05-25 19:17:55,2.75 GB/s,2.38 GB/s
2023-05-25 19:18:00,2.54 GB/s,2.18 GB/s
2023-05-25 19:18:05,374 MB/s,349 MB/s
2023-05-25 19:18:10,2.83 GB/s,2.40 GB/s
2023-05-25 19:18:15,469 MB/s,452 MB/s
2023-05-25 19:18:20,320 MB/s,331 MB/s
2023-05-25 19:18:25,3.26 GB/s,2.82 GB/s
2023-05-25 19:18:30,2.74 GB/s,2.43 GB/s
2023-05-25 19:18:35,5.02 GB/s,4.28 GB/s
2023-05-25 19:18:40,5.49 GB/s,4.67 GB/s
2023-05-25 19:18:45,3.22 GB/s,2.84 GB/s
2023-05-25 19:18:50,435 MB/s,421 MB/s
2023-05-25 19:18:55,2.89 GB/s,2.44 GB/s
2023-05-25 19:19:00,2.38 GB/s,2.03 GB/s
2023-05-25 19:19:05,4.62 GB/s,3.93 GB/s
2023-05-25 19:19:10,379 MB/s,367 MB/s
2023-05-25 19:19:15,3.45 GB/s,3.04 GB/s
2023-05-25 19:19:20,2.96 GB/s,2.63 GB/s
2023-05-25 19:19:25,3.03 GB/s,2.67 GB/s
2023-05-25 19:19:30,5.46 GB/s,4.63 GB/s
2023-05-25 19:19:35,2.46 GB/s,2.12 GB/s
2023-05-25 19:19:40,489 MB/s,474 MB/s
2023-05-25 19:19:45,3.22 GB/s,2.79 GB/s
2023-05-25 19:19:50,83.5 MB/s,95.9 MB/s
2023-05-25 19:19:55,2.54 GB/s,2.18 GB/s
2023-05-25 19:20:00,2.89 GB/s,2.48 GB/s
2023-05-25 19:20:05,1.32 GB/s,1.68 GB/s
2023-05-25 19:20:10,5.50 GB/s,4.60 GB/s
2023-05-25 19:20:15,3.74 GB/s,2.75 GB/s
2023-05-25 19:20:20,534 MB/s,520 MB/s
2023-05-25 19:20:25,34.0 MB/s,29.9 MB/s
2023-05-25 19:20:30,619 MB/s,684 MB/s
2023-05-25 19:20:35,2.90 GB/s,2.46 GB/s
2023-05-25 19:20:40,8.50 GB/s,7.24 GB/s
2023-05-25 19:20:45,623 MB/s,605 MB/s
2023-05-25 19:20:50,418 MB/s,406 MB/s
2023-05-25 19:20:55,2.75 GB/s,2.39 GB/s
2023-05-25 19:21:00,2.66 GB/s,2.32 GB/s
2023-05-25 19:21:05,2.88 GB/s,2.52 GB/s
2023-05-25 19:21:10,5.68 GB/s,4.93 GB/s
2023-05-25 19:21:15,5.34 GB/s,4.52 GB/s
2023-05-25 19:21:20,3.01 GB/s,2.62 GB/s
2023-05-25 19:21:25,5.11 GB/s,4.36 GB/s
2023-05-25 19:21:30,3.02 GB/s,2.70 GB/s
2023-05-25 19:21:35,14.2 GB/s,12.2 GB/s
2023-05-25 19:21:40,7.32 GB/s,6.83 GB/s
2023-05-25 19:21:45,14.9 GB/s,13.0 GB/s
2023-05-25 19:21:50,15.6 GB/s,12.8 GB/s
2023-05-25 19:21:55,16.1 GB/s,13.8 GB/s
2023-05-25 19:22:00,4.40 GB/s,3.98 GB/s
2023-05-25 19:22:05,14.1 GB/s,12.6 GB/s
2023-05-25 19:22:10,17.7 GB/s,14.6 GB/s
2023-05-25 19:22:15,10.6 GB/s,9.43 GB/s
2023-05-25 19:22:20,4.74 GB/s,3.91 GB/s
2023-05-25 19:22:25,9.70 GB/s,8.43 GB/s
2023-05-25 19:22:30,8.79 GB/s,7.65 GB/s
2023-05-25 19:22:35,8.69 GB/s,7.77 GB/s
2023-05-25 19:22:40,16.9 GB/s,14.7 GB/s
2023-05-25 19:22:45,14.3 GB/s,12.3 GB/s
2023-05-25 19:22:50,12.6 GB/s,10.3 GB/s
2023-05-25 19:22:55,13.4 GB/s,11.5 GB/s
2023-05-25 19:23:00,8.85 GB/s,7.67 GB/s
2023-05-25 19:23:05,12.2 GB/s,10.6 GB/s
2023-05-25 19:23:10,10.6 GB/s,9.28 GB/s
2023-05-25 19:23:15,6.76 GB/s,5.70 GB/s
2023-05-25 19:23:20,11.9 GB/s,10.4 GB/s
2023-05-25 19:23:25,21.9 GB/s,18.8 GB/s
2023-05-25 19:23:30,1.76 GB/s,1.74 GB/s
2023-05-25 19:23:35,5.71 GB/s,5.00 GB/s
2023-05-25 19:23:40,20.5 GB/s,17.5 GB/s
2023-05-25 19:23:45,8.02 GB/s,6.98 GB/s
2023-05-25 19:23:50,10.7 GB/s,9.56 GB/s
2023-05-25 19:23:55,7.96 GB/s,6.72 GB/s
2023-05-25 19:24:00,18.1 GB/s,15.5 GB/s
2023-05-25 19:24:05,17.8 GB/s,15.8 GB/s
2023-05-25 19:24:10,8.06 GB/s,6.42 GB/s
2023-05-25 19:24:15,7.87 GB/s,6.76 GB/s
2023-05-25 19:24:20,6.12 GB/s,5.34 GB/s
2023-05-25 19:24:25,5.87 GB/s,5.12 GB/s
2023-05-25 19:24:30,5.93 GB/s,5.10 GB/s
2023-05-25 19:24:35,8.59 GB/s,7.30 GB/s
2023-05-25 19:24:40,5.88 GB/s,5.11 GB/s
2023-05-25 19:24:45,9.85 GB/s,8.87 GB/s
2023-05-25 19:24:50,11.9 GB/s,9.87 GB/s
2023-05-25 19:24:55,4.11 GB/s,4.36 GB/s
2023-05-25 19:25:00,15.3 GB/s,12.2 GB/s
2023-05-25 19:25:05,8.22 GB/s,7.15 GB/s
2023-05-25 19:25:10,7.89 GB/s,6.80 GB/s
2023-05-25 19:25:15,3.33 GB/s,2.94 GB/s
2023-05-25 19:25:20,4.10 GB/s,4.27 GB/s
2023-05-25 19:25:25,7.75 GB/s,6.04 GB/s
2023-05-25 19:25:30,3.44 GB/s,3.03 GB/s
2023-05-25 19:25:35,1.27 GB/s,1.22 GB/s
2023-05-25 19:25:40,11.3 GB/s,9.73 GB/s
2023-05-25 19:25:45,3.73 GB/s,3.29 GB/s
2023-05-25 19:25:50,15.5 GB/s,13.2 GB/s
2023-05-25 19:25:55,7.61 GB/s,6.57 GB/s
2023-05-25 19:26:00,10.6 GB/s,9.03 GB/s
2023-05-25 19:26:05,1.05 GB/s,1.10 GB/s
2023-05-25 19:26:10,8.84 GB/s,7.59 GB/s
2023-05-25 19:26:15,5.69 GB/s,4.98 GB/s
2023-05-25 19:26:20,899 MB/s,826 MB/s
2023-05-25 19:26:25,8.35 GB/s,7.18 GB/s
2023-05-25 19:26:30,1.50 GB/s,1.43 GB/s
2023-05-25 19:26:35,6.13 GB/s,5.42 GB/s
2023-05-25 19:26:40,8.91 GB/s,7.88 GB/s
2023-05-25 19:26:45,7.82 GB/s,6.49 GB/s
2023-05-25 19:26:50,8.09 GB/s,6.89 GB/s
2023-05-25 19:26:55,8.64 GB/s,7.44 GB/s
2023-05-25 19:27:00,6.07 GB/s,5.27 GB/s
2023-05-25 19:27:05,4.08 GB/s,4.12 GB/s
2023-05-25 19:27:10,7.34 GB/s,5.69 GB/s
2023-05-25 19:27:15,6.53 GB/s,5.91 GB/s
2023-05-25 19:27:20,6.22 GB/s,5.19 GB/s
2023-05-25 19:27:25,10.9 GB/s,9.37 GB/s
2023-05-25 19:27:30,9.57 GB/s,8.62 GB/s
2023-05-25 19:27:35,6.27 GB/s,4.97 GB/s
2023-05-25 19:27:40,2.82 GB/s,2.40 GB/s
2023-05-25 19:27:45,2.44 GB/s,2.08 GB/s
2023-05-25 19:27:50,622 MB/s,793 MB/s
2023-05-25 19:27:55,4.80 GB/s,3.87 GB/s
2023-05-25 19:28:00,2.50 GB/s,2.16 GB/s
2023-05-25 19:28:05,221 MB/s,193 MB/s
2023-05-25 19:28:10,527 MB/s,526 MB/s
2023-05-25 19:28:15,77.3 MB/s,59.4 MB/s
2023-05-25 19:28:20,2.60 GB/s,2.26 GB/s
2023-05-25 19:28:25,357 MB/s,306 MB/s
2023-05-25 19:28:30,2.62 GB/s,2.23 GB/s
2023-05-25 19:28:35,2.82 GB/s,2.49 GB/s
2023-05-25 19:28:40,3.03 GB/s,2.61 GB/s
2023-05-25 19:28:45,3.07 GB/s,2.68 GB/s
2023-05-25 19:28:50,3.02 GB/s,2.63 GB/s
2023-05-25 19:28:55,5.48 GB/s,4.64 GB/s
2023-05-25 19:29:00,5.35 GB/s,4.55 GB/s
2023-05-25 19:29:05,383 MB/s,371 MB/s
2023-05-25 19:29:10,3.03 GB/s,2.68 GB/s
2023-05-25 19:29:15,2.12 GB/s,1.70 GB/s
2023-05-25 19:29:20,3.04 GB/s,2.63 GB/s
2023-05-25 19:29:25,3.26 GB/s,2.84 GB/s
2023-05-25 19:29:30,161 MB/s,153 MB/s
2023-05-25 19:29:35,581 MB/s,564 MB/s
2023-05-25 19:29:40,2.72 GB/s,2.37 GB/s
2023-05-25 19:29:45,333 MB/s,322 MB/s
2023-05-25 19:29:50,5.51 GB/s,4.71 GB/s
2023-05-25 19:29:55,2.94 GB/s,3.28 GB/s
2023-05-25 19:30:00,5.02 GB/s,3.50 GB/s
2023-05-25 19:30:05,286 MB/s,313 MB/s
2023-05-25 19:30:10,4.99 GB/s,4.27 GB/s
2023-05-25 19:30:15,2.24 GB/s,1.91 GB/s
2023-05-25 19:30:20,2.44 GB/s,2.08 GB/s
2023-05-25 19:30:25,443 MB/s,430 MB/s
2023-05-25 19:30:30,3.00 GB/s,2.62 GB/s
2023-05-25 19:30:35,3.38 GB/s,2.92 GB/s
2023-05-25 19:30:40,344 MB/s,333 MB/s
2023-05-25 19:30:45,12.5 MB/s,10.9 MB/s
2023-05-25 19:30:50,2.61 GB/s,2.23 GB/s
2023-05-25 19:30:55,20.7 MB/s,18.0 MB/s
2023-05-25 19:31:00,538 MB/s,517 MB/s
2023-05-25 19:31:05,2.32 GB/s,1.98 GB/s
2023-05-25 19:31:10,4.69 GB/s,3.99 GB/s
2023-05-25 19:31:15,1.04 GB/s,1.68 GB/s
2023-05-25 19:31:20,2.29 GB/s,1.20 GB/s
2023-05-25 19:31:25,3.02 GB/s,2.59 GB/s
2023-05-25 19:31:30,2.33 GB/s,1.98 GB/s
2023-05-25 19:31:35,2.35 GB/s,2.01 GB/s
2023-05-25 19:31:40,666 MB/s,688 MB/s
2023-05-25 19:31:45,5.52 GB/s,4.69 GB/s
2023-05-25 19:31:50,1.48 GB/s,1.75 GB/s
2023-05-25 19:31:55,1.91 GB/s,1.19 GB/s
2023-05-25 19:32:00,2.54 GB/s,2.17 GB/s
2023-05-25 19:32:05,298 MB/s,288 MB/s
2023-05-25 19:32:10,2.67 GB/s,2.27 GB/s
2023-05-25 19:32:15,2.27 GB/s,2.25 GB/s
2023-05-25 19:32:20,1.25 GB/s,856 MB/s
2023-05-25 19:32:25,420 MB/s,409 MB/s
2023-05-25 19:32:30,2.62 GB/s,2.25 GB/s
2023-05-25 19:32:35,484 MB/s,505 MB/s
2023-05-25 19:32:40,793 MB/s,766 MB/s
2023-05-25 19:32:45,2.59 GB/s,2.22 GB/s
2023-05-25 19:32:50,2.89 GB/s,2.54 GB/s
2023-05-25 19:32:55,2.68 GB/s,2.25 GB/s
2023-05-25 19:33:00,487 MB/s,470 MB/s
2023-05-25 19:33:05,246 MB/s,250 MB/s
2023-05-25 19:33:10,475 MB/s,451 MB/s
2023-05-25 19:33:15,3.21 GB/s,2.77 GB/s
2023-05-25 19:33:20,2.83 GB/s,2.41 GB/s
2023-05-25 19:33:25,2.52 GB/s,2.15 GB/s
2023-05-25 19:33:30,1.78 GB/s,2.04 GB/s
2023-05-25 19:33:35,1.50 GB/s,831 MB/s
2023-05-25 19:33:40,17.4 MB/s,15.1 MB/s
2023-05-25 19:33:45,130 MB/s,124 MB/s
2023-05-25 19:33:50,2.40 GB/s,2.07 GB/s
2023-05-25 19:33:55,3.90 GB/s,3.74 GB/s
2023-05-25 19:34:00,3.98 GB/s,2.96 GB/s
2023-05-25 19:34:05,280 MB/s,281 MB/s
2023-05-25 19:34:10,5.49 GB/s,4.67 GB/s
2023-05-25 19:34:15,218 MB/s,210 MB/s
2023-05-25 19:34:20,144 MB/s,175 MB/s
2023-05-25 19:34:25,2.77 GB/s,2.39 GB/s
2023-05-25 19:34:30,4.30 GB/s,4.14 GB/s
2023-05-25 19:34:35,1.49 GB/s,844 MB/s
2023-05-25 19:34:40,524 MB/s,552 MB/s
2023-05-25 19:34:45,3.11 GB/s,2.62 GB/s
2023-05-25 19:34:50,288 MB/s,324 MB/s
2023-05-25 19:34:55,5.63 GB/s,4.78 GB/s
2023-05-25 19:35:00,243 MB/s,226 MB/s
2023-05-25 19:35:05,3.04 GB/s,2.65 GB/s
2023-05-25 19:35:10,3.08 GB/s,2.60 GB/s
2023-05-25 19:35:15,11.1 MB/s,9.75 MB/s
2023-05-25 19:35:20,291 MB/s,281 MB/s
2023-05-25 19:35:25,173 MB/s,166 MB/s
2023-05-25 19:35:30,20.1 MB/s,17.6 MB/s
2023-05-25 19:35:35,5.40 GB/s,4.62 GB/s
2023-05-25 19:35:40,2.24 GB/s,1.90 GB/s
2023-05-25 19:35:45,2.76 GB/s,2.36 GB/s
2023-05-25 19:35:50,25.4 MB/s,21.9 MB/s
2023-05-25 19:35:55,23.7 MB/s,20.7 MB/s
2023-05-25 19:36:00,2.66 GB/s,2.29 GB/s
2023-05-25 19:36:05,2.29 GB/s,1.95 GB/s
2023-05-25 19:36:10,2.93 GB/s,2.50 GB/s
2023-05-25 19:36:15,193 MB/s,213 MB/s
2023-05-25 19:36:20,359 MB/s,317 MB/s
2023-05-25 19:36:25,21.3 MB/s,19.0 MB/s
2023-05-25 19:36:30,2.57 GB/s,2.23 GB/s
2023-05-25 19:36:35,2.46 GB/s,2.12 GB/s
2023-05-25 19:36:40,3.08 GB/s,2.66 GB/s
2023-05-25 19:36:45,5.01 GB/s,4.26 GB/s
2023-05-25 19:36:50,2.88 GB/s,2.50 GB/s
2023-05-25 19:36:55,272 MB/s,263 MB/s
2023-05-25 19:37:00,3.21 GB/s,2.78 GB/s
2023-05-25 19:37:05,216 MB/s,244 MB/s
2023-05-25 19:37:10,3.58 GB/s,3.70 GB/s
2023-05-25 19:37:15,2.12 GB/s,1.16 GB/s
2023-05-25 19:37:20,704 MB/s,726 MB/s
2023-05-25 19:37:25,5.37 GB/s,4.54 GB/s
2023-05-25 19:37:30,31.4 MB/s,27.2 MB/s
2023-05-25 19:37:35,472 MB/s,455 MB/s
2023-05-25 19:37:40,5.66 GB/s,5.29 GB/s
2023-05-25 19:37:45,7.43 GB/s,5.91 GB/s
2023-05-25 19:37:50,2.36 GB/s,2.01 GB/s
2023-05-25 19:37:55,2.33 GB/s,1.99 GB/s
2023-05-25 19:38:00,7.41 GB/s,6.34 GB/s
2023-05-25 19:38:05,5.68 GB/s,4.84 GB/s
2023-05-25 19:38:10,468 MB/s,436 MB/s
2023-05-25 19:38:15,3.46 GB/s,3.05 GB/s
2023-05-25 19:38:20,2.63 GB/s,2.22 GB/s
2023-05-25 19:38:25,5.21 GB/s,4.49 GB/s
2023-05-25 19:38:30,2.85 GB/s,2.45 GB/s
2023-05-25 19:38:35,9.81 GB/s,8.34 GB/s
2023-05-25 19:38:40,3.36 GB/s,2.94 GB/s
2023-05-25 19:38:45,5.44 GB/s,4.71 GB/s
2023-05-25 19:38:50,5.37 GB/s,4.75 GB/s
2023-05-25 19:38:55,7.73 GB/s,6.49 GB/s
2023-05-25 19:39:00,2.68 GB/s,2.29 GB/s
2023-05-25 19:39:05,5.62 GB/s,4.86 GB/s
2023-05-25 19:39:10,393 MB/s,352 MB/s
2023-05-25 19:39:15,2.75 GB/s,2.35 GB/s
2023-05-25 19:39:20,5.00 GB/s,4.28 GB/s
2023-05-25 19:39:25,3.16 GB/s,2.79 GB/s
2023-05-25 19:39:30,11.0 GB/s,9.33 GB/s
2023-05-25 19:39:35,5.40 GB/s,5.28 GB/s
2023-05-25 19:39:40,4.64 GB/s,3.26 GB/s
2023-05-25 19:39:45,3.44 GB/s,3.00 GB/s
2023-05-25 19:39:50,3.05 GB/s,2.70 GB/s
2023-05-25 19:39:55,5.39 GB/s,4.72 GB/s
2023-05-25 19:40:00,3.02 GB/s,2.55 GB/s
2023-05-25 19:40:05,7.46 GB/s,6.35 GB/s
2023-05-25 19:40:10,356 MB/s,342 MB/s
2023-05-25 19:40:15,5.74 GB/s,5.01 GB/s
2023-05-25 19:40:20,1.58 GB/s,2.03 GB/s
2023-05-25 19:40:25,5.14 GB/s,3.81 GB/s
2023-05-25 19:40:30,2.69 GB/s,2.29 GB/s
2023-05-25 19:40:35,2.60 GB/s,2.21 GB/s
2023-05-25 19:40:40,4.79 GB/s,4.09 GB/s
2023-05-25 19:40:45,3.23 GB/s,2.80 GB/s
2023-05-25 19:40:50,2.23 GB/s,1.90 GB/s
2023-05-25 19:40:55,5.40 GB/s,4.59 GB/s
2023-05-25 19:41:00,5.33 GB/s,4.55 GB/s
2023-05-25 19:41:05,3.10 GB/s,2.70 GB/s
2023-05-25 19:41:10,8.36 GB/s,7.14 GB/s
2023-05-25 19:41:15,7.68 GB/s,6.59 GB/s
2023-05-25 19:41:20,2.85 GB/s,2.50 GB/s
2023-05-25 19:41:25,8.51 GB/s,7.25 GB/s
2023-05-25 19:41:30,439 MB/s,436 MB/s
2023-05-25 19:41:35,5.41 GB/s,4.66 GB/s
2023-05-25 19:41:40,3.54 GB/s,3.13 GB/s
2023-05-25 19:41:45,7.91 GB/s,6.70 GB/s
2023-05-25 19:41:50,8.84 GB/s,7.64 GB/s
2023-05-25 19:41:55,7.78 GB/s,7.36 GB/s
2023-05-25 19:42:00,19.0 GB/s,15.7 GB/s
2023-05-25 19:42:05,16.1 GB/s,13.7 GB/s
2023-05-25 19:42:10,24.6 GB/s,21.0 GB/s
2023-05-25 19:42:15,16.7 GB/s,14.3 GB/s
2023-05-25 19:42:20,9.54 GB/s,8.35 GB/s
2023-05-25 19:42:25,12.1 GB/s,10.6 GB/s
2023-05-25 19:42:30,14.6 GB/s,12.5 GB/s
2023-05-25 19:42:35,11.3 GB/s,9.80 GB/s
2023-05-25 19:42:40,8.96 GB/s,7.77 GB/s
2023-05-25 19:42:45,11.2 GB/s,9.79 GB/s
2023-05-25 19:42:50,20.3 GB/s,17.6 GB/s
2023-05-25 19:42:55,7.56 GB/s,6.57 GB/s
2023-05-25 19:43:00,16.9 GB/s,14.2 GB/s
2023-05-25 19:43:05,11.2 GB/s,9.71 GB/s
2023-05-25 19:43:10,13.6 GB/s,11.9 GB/s
2023-05-25 19:43:15,14.9 GB/s,13.1 GB/s
2023-05-25 19:43:20,15.4 GB/s,12.8 GB/s
2023-05-25 19:43:25,9.55 GB/s,8.91 GB/s
2023-05-25 19:43:30,24.1 GB/s,20.6 GB/s
2023-05-25 19:43:35,17.8 GB/s,15.2 GB/s
2023-05-25 19:43:40,12.8 GB/s,10.3 GB/s
2023-05-25 19:43:45,3.86 GB/s,3.46 GB/s
2023-05-25 19:43:50,19.6 GB/s,17.2 GB/s
2023-05-25 19:43:55,24.4 GB/s,20.5 GB/s
2023-05-25 19:44:00,6.43 GB/s,5.60 GB/s
2023-05-25 19:44:05,15.3 GB/s,13.1 GB/s
2023-05-25 19:44:10,17.4 GB/s,15.0 GB/s
2023-05-25 19:44:15,6.81 GB/s,6.08 GB/s
2023-05-25 19:44:20,16.8 GB/s,14.5 GB/s
2023-05-25 19:44:25,8.97 GB/s,8.21 GB/s
2023-05-25 19:44:30,19.2 GB/s,18.1 GB/s
2023-05-25 19:44:35,17.6 GB/s,15.0 GB/s
2023-05-25 19:44:40,16.4 GB/s,13.3 GB/s
2023-05-25 19:44:45,21.6 GB/s,18.5 GB/s
2023-05-25 19:44:50,11.8 GB/s,10.2 GB/s
2023-05-25 19:44:55,16.2 GB/s,14.0 GB/s
2023-05-25 19:45:00,18.6 GB/s,16.1 GB/s
2023-05-25 19:45:05,19.2 GB/s,16.3 GB/s
2023-05-25 19:45:10,8.25 GB/s,7.18 GB/s
2023-05-25 19:45:15,11.9 GB/s,10.3 GB/s
2023-05-25 19:45:20,9.98 GB/s,9.87 GB/s
2023-05-25 19:45:25,16.1 GB/s,14.9 GB/s
2023-05-25 19:45:30,12.3 GB/s,10.7 GB/s
2023-05-25 19:45:35,12.3 GB/s,11.1 GB/s
2023-05-25 19:45:40,15.7 GB/s,13.1 GB/s
2023-05-25 19:45:45,18.8 GB/s,16.3 GB/s
2023-05-25 19:45:50,7.89 GB/s,8.01 GB/s
2023-05-25 19:45:55,4.98 GB/s,4.99 GB/s
2023-05-25 19:46:00,4.75 GB/s,5.11 GB/s
2023-05-25 19:46:05,14.4 GB/s,12.7 GB/s
2023-05-25 19:46:10,10.4 GB/s,10.6 GB/s
2023-05-25 19:46:15,6.08 GB/s,7.89 GB/s
2023-05-25 19:46:20,1.85 GB/s,2.37 GB/s
2023-05-25 19:46:25,2.05 GB/s,2.54 GB/s
2023-05-25 19:46:30,13.2 GB/s,12.5 GB/s
2023-05-25 19:46:35,3.83 GB/s,5.78 GB/s
2023-05-25 19:46:40,3.93 GB/s,2.88 GB/s
2023-05-25 19:46:45,14.9 GB/s,13.6 GB/s
2023-05-25 19:46:50,16.0 GB/s,13.6 GB/s
2023-05-25 19:46:55,11.6 GB/s,10.2 GB/s
2023-05-25 19:47:00,9.63 GB/s,8.51 GB/s
2023-05-25 19:47:05,3.41 GB/s,5.19 GB/s
2023-05-25 19:47:10,22.7 GB/s,20.7 GB/s
2023-05-25 19:47:15,12.6 GB/s,10.3 GB/s
2023-05-25 19:47:20,15.9 MB/s,13.8 MB/s
2023-05-25 19:47:25,18.4 MB/s,16.0 MB/s
2023-05-25 19:47:30,12.3 MB/s,10.6 MB/s
2023-05-25 19:47:35,423 MB/s,430 MB/s
2023-05-25 19:47:40,182 MB/s,158 MB/s
2023-05-25 19:47:45,573 MB/s,597 MB/s
2023-05-25 19:47:50,413 MB/s,359 MB/s
2023-05-25 19:47:55,404 MB/s,392 MB/s
2023-05-25 19:48:00,2.68 GB/s,2.28 GB/s
2023-05-25 19:48:05,423 MB/s,410 MB/s
2023-05-25 19:48:10,12.0 MB/s,10.4 MB/s
2023-05-25 19:48:15,5.16 GB/s,4.39 GB/s
2023-05-25 19:48:20,20.0 MB/s,17.4 MB/s
2023-05-25 19:48:25,158 MB/s,151 MB/s
2023-05-25 19:48:30,28.7 MB/s,24.8 MB/s
2023-05-25 19:48:35,2.63 GB/s,2.24 GB/s
2023-05-25 19:48:40,2.70 GB/s,2.30 GB/s
2023-05-25 19:48:45,101 MB/s,98.0 MB/s
2023-05-25 19:48:50,2.81 GB/s,2.41 GB/s
2023-05-25 19:48:55,2.29 GB/s,1.95 GB/s
2023-05-25 19:49:00,2.88 GB/s,2.48 GB/s
2023-05-25 19:49:05,20.5 MB/s,17.9 MB/s
2023-05-25 19:49:10,334 MB/s,323 MB/s
2023-05-25 19:49:15,18.9 MB/s,16.8 MB/s
2023-05-25 19:49:20,2.46 GB/s,2.11 GB/s
2023-05-25 19:49:25,62.3 MB/s,93.6 MB/s
2023-05-25 19:49:30,462 MB/s,411 MB/s
2023-05-25 19:49:35,2.38 GB/s,2.03 GB/s
2023-05-25 19:49:40,2.61 GB/s,2.22 GB/s
2023-05-25 19:49:45,510 MB/s,510 MB/s
2023-05-25 19:49:50,2.40 GB/s,2.03 GB/s
2023-05-25 19:49:55,198 MB/s,190 MB/s
2023-05-25 19:50:00,11.3 MB/s,9.78 MB/s
2023-05-25 19:50:05,5.24 GB/s,4.46 GB/s
2023-05-25 19:50:10,2.21 GB/s,1.88 GB/s
2023-05-25 19:50:15,2.86 GB/s,2.43 GB/s
2023-05-25 19:50:20,2.30 GB/s,1.99 GB/s
2023-05-25 19:50:25,525 MB/s,481 MB/s
2023-05-25 19:50:30,329 MB/s,330 MB/s
2023-05-25 19:50:35,75.7 MB/s,62.3 MB/s
2023-05-25 19:50:40,3.03 GB/s,2.63 GB/s
2023-05-25 19:50:45,16.5 MB/s,14.3 MB/s
2023-05-25 19:50:50,14.5 MB/s,12.7 MB/s
2023-05-25 19:50:55,15.2 MB/s,13.1 MB/s
2023-05-25 19:51:00,2.68 GB/s,2.29 GB/s
2023-05-25 19:51:05,2.31 GB/s,1.96 GB/s
2023-05-25 19:51:10,16.9 GB/s,15.6 GB/s
2023-05-25 19:51:15,18.6 GB/s,15.0 GB/s
2023-05-25 19:51:20,908 MB/s,897 MB/s
2023-05-25 19:51:25,1.42 GB/s,1.81 GB/s
2023-05-25 19:51:30,2.76 GB/s,2.08 GB/s
2023-05-25 19:51:35,3.85 GB/s,3.60 GB/s
2023-05-25 19:51:40,2.19 GB/s,3.58 GB/s
2023-05-25 19:51:45,778 MB/s,794 MB/s
2023-05-25 19:51:50,1.01 GB/s,1.10 GB/s
2023-05-25 19:51:55,2.31 GB/s,4.03 GB/s
2023-05-25 19:52:00,4.96 GB/s,6.49 GB/s
2023-05-25 19:52:05,3.29 GB/s,2.88 GB/s
2023-05-25 19:52:10,669 MB/s,570 MB/s
2023-05-25 19:52:15,801 MB/s,981 MB/s
2023-05-25 19:52:20,1.02 GB/s,1.03 GB/s
2023-05-25 19:52:25,946 MB/s,1.23 GB/s
2023-05-25 19:52:30,3.34 GB/s,3.13 GB/s
2023-05-25 19:52:35,975 MB/s,960 MB/s
2023-05-25 19:52:40,4.69 GB/s,4.66 GB/s
2023-05-25 19:52:45,4.58 GB/s,4.71 GB/s
2023-05-25 19:52:50,9.43 GB/s,7.92 GB/s
2023-05-25 19:52:55,8.22 GB/s,6.81 GB/s
2023-05-25 19:53:00,9.64 GB/s,8.32 GB/s
2023-05-25 19:53:05,14.2 GB/s,12.2 GB/s
2023-05-25 19:53:10,9.67 GB/s,8.61 GB/s
2023-05-25 19:53:15,14.2 GB/s,11.9 GB/s
2023-05-25 19:53:20,15.2 GB/s,12.9 GB/s
2023-05-25 19:53:25,11.7 GB/s,9.97 GB/s
2023-05-25 19:53:30,7.03 GB/s,6.56 GB/s
2023-05-25 19:53:35,15.3 GB/s,12.7 GB/s
2023-05-25 19:53:40,8.72 GB/s,8.08 GB/s
2023-05-25 19:53:45,8.42 GB/s,7.19 GB/s
2023-05-25 19:53:50,5.55 GB/s,4.36 GB/s
2023-05-25 19:53:55,9.87 GB/s,8.89 GB/s
2023-05-25 19:54:00,7.47 GB/s,6.71 GB/s
2023-05-25 19:54:05,13.5 GB/s,10.9 GB/s
2023-05-25 19:54:10,10.3 GB/s,8.82 GB/s
2023-05-25 19:54:15,11.1 GB/s,9.54 GB/s
2023-05-25 19:54:20,5.84 GB/s,5.05 GB/s
2023-05-25 19:54:25,14.1 GB/s,12.1 GB/s
2023-05-25 19:54:30,6.71 GB/s,6.46 GB/s
2023-05-25 19:54:35,10.7 GB/s,8.63 GB/s
2023-05-25 19:54:40,8.17 GB/s,7.12 GB/s
2023-05-25 19:54:45,6.97 GB/s,6.04 GB/s
2023-05-25 19:54:50,16.1 GB/s,13.7 GB/s
2023-05-25 19:54:55,7.85 GB/s,6.79 GB/s
2023-05-25 19:55:00,13.6 GB/s,11.6 GB/s
2023-05-25 19:55:05,3.02 GB/s,2.72 GB/s
2023-05-25 19:55:10,5.78 GB/s,5.38 GB/s
2023-05-25 19:55:15,950 MB/s,956 MB/s
2023-05-25 19:55:20,986 MB/s,952 MB/s
2023-05-25 19:55:25,833 MB/s,791 MB/s
2023-05-25 19:55:30,884 MB/s,768 MB/s
2023-05-25 19:55:35,2.48 GB/s,4.22 GB/s
2023-05-25 19:55:40,5.19 GB/s,6.59 GB/s
2023-05-25 19:55:45,2.16 GB/s,3.50 GB/s
2023-05-25 19:55:50,1.12 GB/s,1.37 GB/s
2023-05-25 19:55:55,2.16 GB/s,2.69 GB/s
2023-05-25 19:56:00,926 MB/s,844 MB/s
2023-05-25 19:56:05,1.97 GB/s,3.11 GB/s
2023-05-25 19:56:10,681 MB/s,658 MB/s
2023-05-25 19:56:15,7.39 GB/s,6.98 GB/s
2023-05-25 19:56:20,4.57 GB/s,3.42 GB/s
2023-05-25 19:56:25,473 MB/s,457 MB/s
2023-05-25 19:56:30,1.41 GB/s,1.70 GB/s
2023-05-25 19:56:35,6.53 GB/s,5.11 GB/s
2023-05-25 19:56:40,5.45 GB/s,4.65 GB/s
2023-05-25 19:56:45,5.26 GB/s,4.54 GB/s
2023-05-25 19:56:50,5.03 GB/s,4.28 GB/s
2023-05-25 19:56:55,3.22 GB/s,2.78 GB/s
2023-05-25 19:57:00,370 MB/s,400 MB/s
2023-05-25 19:57:05,731 MB/s,693 MB/s
2023-05-25 19:57:10,578 MB/s,533 MB/s
2023-05-25 19:57:15,2.62 GB/s,2.25 GB/s
2023-05-25 19:57:20,864 MB/s,816 MB/s
2023-05-25 19:57:25,1.06 GB/s,1.06 GB/s
2023-05-25 19:57:30,819 MB/s,762 MB/s
2023-05-25 19:57:35,5.53 GB/s,4.71 GB/s
2023-05-25 19:57:40,3.35 GB/s,2.91 GB/s
2023-05-25 19:57:45,5.61 GB/s,4.84 GB/s
2023-05-25 19:57:50,3.06 GB/s,2.68 GB/s
2023-05-25 19:57:55,2.73 GB/s,2.33 GB/s
2023-05-25 19:58:00,5.41 GB/s,5.23 GB/s
2023-05-25 19:58:05,2.59 GB/s,1.72 GB/s
2023-05-25 19:58:10,165 MB/s,112 MB/s
2023-05-25 19:58:15,510 MB/s,516 MB/s
2023-05-25 19:58:20,665 MB/s,619 MB/s
2023-05-25 19:58:25,2.97 GB/s,2.56 GB/s
2023-05-25 19:58:30,2.99 GB/s,2.59 GB/s
2023-05-25 19:58:35,2.81 GB/s,2.41 GB/s
2023-05-25 19:58:40,2.66 GB/s,2.34 GB/s
2023-05-25 19:58:45,5.25 GB/s,4.47 GB/s
2023-05-25 19:58:50,249 MB/s,262 MB/s
2023-05-25 19:58:55,126 MB/s,95.4 MB/s
2023-05-25 19:59:00,2.89 GB/s,2.52 GB/s
2023-05-25 19:59:05,2.69 GB/s,2.29 GB/s
2023-05-25 19:59:10,2.75 GB/s,2.40 GB/s
2023-05-25 19:59:15,1.68 GB/s,2.15 GB/s
2023-05-25 19:59:20,4.91 GB/s,3.64 GB/s
2023-05-25 19:59:25,13.5 GB/s,11.5 GB/s
2023-05-25 19:59:30,16.2 GB/s,14.0 GB/s
2023-05-25 19:59:35,12.5 GB/s,11.4 GB/s
2023-05-25 19:59:40,8.77 GB/s,7.20 GB/s
2023-05-25 19:59:45,7.36 GB/s,5.88 GB/s
2023-05-25 19:59:50,5.67 GB/s,4.88 GB/s
2023-05-25 19:59:55,14.4 GB/s,12.4 GB/s
2023-05-25 20:00:00,3.55 GB/s,3.17 GB/s
2023-05-25 20:00:05,6.15 GB/s,5.42 GB/s
2023-05-25 20:00:10,6.53 GB/s,5.65 GB/s
2023-05-25 20:00:15,13.6 GB/s,11.9 GB/s
2023-05-25 20:00:20,6.90 GB/s,5.83 GB/s
2023-05-25 20:00:25,6.03 GB/s,5.24 GB/s
2023-05-25 20:00:30,9.19 GB/s,7.98 GB/s
2023-05-25 20:00:35,8.67 GB/s,7.42 GB/s
2023-05-25 20:00:40,7.88 GB/s,6.86 GB/s
2023-05-25 20:00:45,8.57 GB/s,7.45 GB/s
2023-05-25 20:00:50,8.79 GB/s,8.30 GB/s
2023-05-25 20:00:55,13.1 GB/s,10.5 GB/s
2023-05-25 20:01:00,3.24 GB/s,2.88 GB/s
2023-05-25 20:01:05,8.60 GB/s,7.42 GB/s
2023-05-25 20:01:10,9.13 GB/s,7.91 GB/s
2023-05-25 20:01:15,8.88 GB/s,7.69 GB/s
2023-05-25 20:01:20,4.32 GB/s,3.88 GB/s
2023-05-25 20:01:25,11.9 GB/s,10.8 GB/s
2023-05-25 20:01:30,5.44 GB/s,4.13 GB/s
2023-05-25 20:01:35,975 MB/s,940 MB/s
2023-05-25 20:01:40,10.5 GB/s,8.98 GB/s
2023-05-25 20:01:45,3.02 GB/s,2.64 GB/s
2023-05-25 20:01:50,7.19 GB/s,6.66 GB/s
2023-05-25 20:01:55,7.16 GB/s,5.83 GB/s
2023-05-25 20:02:00,3.21 GB/s,2.62 GB/s
2023-05-25 20:02:05,5.08 GB/s,4.33 GB/s
2023-05-25 20:02:10,3.51 GB/s,3.07 GB/s
2023-05-25 20:02:15,11.0 GB/s,9.78 GB/s
2023-05-25 20:02:20,4.95 GB/s,3.94 GB/s
2023-05-25 20:02:25,3.54 GB/s,3.14 GB/s
2023-05-25 20:02:30,1.46 GB/s,1.48 GB/s
2023-05-25 20:02:35,6.53 GB/s,5.62 GB/s
2023-05-25 20:02:40,5.92 GB/s,5.75 GB/s
2023-05-25 20:02:45,4.98 GB/s,3.71 GB/s
2023-05-25 20:02:50,3.87 GB/s,3.41 GB/s
2023-05-25 20:02:55,5.92 GB/s,5.14 GB/s
2023-05-25 20:03:00,602 MB/s,529 MB/s
2023-05-25 20:03:05,2.81 GB/s,2.49 GB/s
2023-05-25 20:03:10,3.58 GB/s,3.18 GB/s
2023-05-25 20:03:15,5.69 GB/s,4.89 GB/s
2023-05-25 20:03:20,2.58 GB/s,2.26 GB/s
2023-05-25 20:03:25,5.57 GB/s,4.78 GB/s
2023-05-25 20:03:30,8.37 GB/s,7.14 GB/s
2023-05-25 20:03:35,4.89 GB/s,4.17 GB/s
2023-05-25 20:03:40,6.13 GB/s,5.32 GB/s
2023-05-25 20:03:45,9.16 GB/s,8.34 GB/s
2023-05-25 20:03:50,10.1 GB/s,8.22 GB/s
2023-05-25 20:03:55,13.8 GB/s,11.7 GB/s
2023-05-25 20:04:00,5.82 GB/s,5.02 GB/s
2023-05-25 20:04:05,7.64 GB/s,6.55 GB/s
2023-05-25 20:04:10,5.20 GB/s,4.50 GB/s
2023-05-25 20:04:15,8.66 GB/s,7.41 GB/s
2023-05-25 20:04:20,5.68 GB/s,4.89 GB/s
2023-05-25 20:04:25,10.0 GB/s,8.55 GB/s
2023-05-25 20:04:30,8.37 GB/s,7.19 GB/s
2023-05-25 20:04:35,11.7 GB/s,10.5 GB/s
2023-05-25 20:04:40,5.99 GB/s,5.19 GB/s
2023-05-25 20:04:45,4.25 GB/s,3.15 GB/s
2023-05-25 20:04:50,757 MB/s,679 MB/s
2023-05-25 20:04:55,5.34 GB/s,4.60 GB/s
2023-05-25 20:05:00,11.3 GB/s,9.75 GB/s
2023-05-25 20:05:05,8.19 GB/s,7.11 GB/s
2023-05-25 20:05:10,3.13 GB/s,2.67 GB/s
2023-05-25 20:05:15,652 MB/s,628 MB/s
2023-05-25 20:05:20,8.67 GB/s,7.43 GB/s
2023-05-25 20:05:25,10.7 GB/s,9.23 GB/s
2023-05-25 20:05:30,9.45 GB/s,7.98 GB/s
2023-05-25 20:05:35,5.98 GB/s,5.16 GB/s
2023-05-25 20:05:40,7.58 GB/s,6.52 GB/s
2023-05-25 20:05:45,9.00 GB/s,7.71 GB/s
2023-05-25 20:05:50,8.26 GB/s,7.10 GB/s
2023-05-25 20:05:55,3.07 GB/s,2.68 GB/s
2023-05-25 20:06:00,3.00 GB/s,2.70 GB/s
2023-05-25 20:06:05,11.5 GB/s,9.78 GB/s
2023-05-25 20:06:10,8.73 GB/s,7.50 GB/s
2023-05-25 20:06:15,758 MB/s,743 MB/s
2023-05-25 20:06:20,1.08 GB/s,1.07 GB/s
2023-05-25 20:06:25,5.55 GB/s,4.83 GB/s
2023-05-25 20:06:30,1.09 GB/s,1.56 GB/s
2023-05-25 20:06:35,3.71 GB/s,2.86 GB/s
2023-05-25 20:06:40,6.38 GB/s,5.09 GB/s
2023-05-25 20:06:45,8.13 GB/s,6.94 GB/s
2023-05-25 20:06:50,4.76 GB/s,4.08 GB/s
2023-05-25 20:06:55,2.38 GB/s,2.07 GB/s
2023-05-25 20:07:00,6.01 GB/s,5.16 GB/s
2023-05-25 20:07:05,7.84 GB/s,6.74 GB/s
2023-05-25 20:07:10,5.78 GB/s,5.05 GB/s
2023-05-25 20:07:15,6.38 GB/s,5.49 GB/s
2023-05-25 20:07:20,5.63 GB/s,4.87 GB/s
2023-05-25 20:07:25,3.10 GB/s,2.72 GB/s
2023-05-25 20:07:30,3.55 GB/s,3.17 GB/s
2023-05-25 20:07:35,5.26 GB/s,4.56 GB/s
2023-05-25 20:07:40,3.68 GB/s,3.98 GB/s
2023-05-25 20:07:45,10.5 GB/s,8.20 GB/s
2023-05-25 20:07:50,5.58 GB/s,4.82 GB/s
2023-05-25 20:07:55,696 MB/s,635 MB/s
2023-05-25 20:08:00,6.13 GB/s,5.36 GB/s
2023-05-25 20:08:05,9.90 GB/s,8.41 GB/s
2023-05-25 20:08:10,8.66 GB/s,7.44 GB/s
2023-05-25 20:08:15,747 MB/s,752 MB/s
2023-05-25 20:08:20,8.14 GB/s,6.95 GB/s
2023-05-25 20:08:25,5.75 GB/s,4.96 GB/s
2023-05-25 20:08:30,8.41 GB/s,7.18 GB/s
2023-05-25 20:08:35,4.98 GB/s,4.23 GB/s
2023-05-25 20:08:40,3.04 GB/s,2.73 GB/s
2023-05-25 20:08:45,6.04 GB/s,5.27 GB/s
2023-05-25 20:08:50,7.71 GB/s,6.54 GB/s
2023-05-25 20:08:55,4.90 GB/s,4.20 GB/s
2023-05-25 20:09:00,4.05 GB/s,3.59 GB/s
2023-05-25 20:09:05,8.21 GB/s,7.06 GB/s
2023-05-25 20:09:10,5.23 GB/s,4.48 GB/s
2023-05-25 20:09:15,2.49 GB/s,2.15 GB/s
2023-05-25 20:09:20,3.54 GB/s,3.13 GB/s
2023-05-25 20:09:25,5.75 GB/s,4.92 GB/s
2023-05-25 20:09:30,5.98 GB/s,5.18 GB/s
2023-05-25 20:09:35,2.83 GB/s,2.45 GB/s
2023-05-25 20:09:40,3.50 GB/s,3.13 GB/s
2023-05-25 20:09:45,7.58 GB/s,6.48 GB/s
2023-05-25 20:09:50,3.41 GB/s,3.03 GB/s
2023-05-25 20:09:55,5.09 GB/s,4.32 GB/s
2023-05-25 20:10:00,3.51 GB/s,3.08 GB/s
2023-05-25 20:10:05,7.88 GB/s,6.70 GB/s
2023-05-25 20:10:10,2.88 GB/s,2.50 GB/s
2023-05-25 20:10:15,5.55 GB/s,4.79 GB/s
2023-05-25 20:10:20,3.96 GB/s,3.51 GB/s
2023-05-25 20:10:25,8.22 GB/s,7.07 GB/s
2023-05-25 20:10:30,3.25 GB/s,2.84 GB/s
2023-05-25 20:10:35,5.83 GB/s,5.01 GB/s
2023-05-25 20:10:40,8.53 GB/s,7.37 GB/s
2023-05-25 20:10:45,8.13 GB/s,6.93 GB/s
2023-05-25 20:10:50,3.08 GB/s,2.68 GB/s
2023-05-25 20:10:55,6.64 GB/s,6.03 GB/s
2023-05-25 20:11:00,3.70 GB/s,2.86 GB/s
2023-05-25 20:11:05,3.63 GB/s,3.21 GB/s
2023-05-25 20:11:10,5.40 GB/s,4.67 GB/s
2023-05-25 20:11:15,3.92 GB/s,3.43 GB/s
2023-05-25 20:11:20,3.39 GB/s,3.02 GB/s
2023-05-25 20:11:25,297 MB/s,262 MB/s
2023-05-25 20:11:30,2.95 GB/s,2.51 GB/s
2023-05-25 20:11:35,6.13 GB/s,5.35 GB/s
2023-05-25 20:11:40,4.95 GB/s,4.21 GB/s
2023-05-25 20:11:45,5.36 GB/s,4.63 GB/s
2023-05-25 20:11:50,1.08 GB/s,1.07 GB/s
2023-05-25 20:11:55,7.31 GB/s,6.22 GB/s
2023-05-25 20:12:00,3.17 GB/s,2.76 GB/s
2023-05-25 20:12:05,8.03 GB/s,6.84 GB/s
2023-05-25 20:12:10,4.60 GB/s,3.91 GB/s
2023-05-25 20:12:15,5.02 GB/s,4.27 GB/s
2023-05-25 20:12:20,3.28 GB/s,2.88 GB/s
2023-05-25 20:12:25,3.45 GB/s,3.05 GB/s
2023-05-25 20:12:30,362 MB/s,320 MB/s
2023-05-25 20:12:35,7.95 GB/s,6.76 GB/s
2023-05-25 20:12:40,8.23 GB/s,7.08 GB/s
2023-05-25 20:12:45,3.88 GB/s,3.43 GB/s
2023-05-25 20:12:50,7.82 GB/s,6.67 GB/s
2023-05-25 20:12:55,10.0 GB/s,8.55 GB/s
2023-05-25 20:13:00,12.5 GB/s,10.6 GB/s
2023-05-25 20:13:05,10.2 GB/s,8.73 GB/s
2023-05-25 20:13:10,330 MB/s,336 MB/s
2023-05-25 20:13:15,9.55 GB/s,8.12 GB/s
2023-05-25 20:13:20,5.34 GB/s,4.61 GB/s
2023-05-25 20:13:25,4.84 GB/s,4.12 GB/s
2023-05-25 20:13:30,5.02 GB/s,4.28 GB/s
2023-05-25 20:13:35,5.74 GB/s,5.44 GB/s
2023-05-25 20:13:40,10.2 GB/s,8.20 GB/s
2023-05-25 20:13:45,8.09 GB/s,6.95 GB/s
2023-05-25 20:13:50,11.2 GB/s,9.60 GB/s
2023-05-25 20:13:55,1.10 GB/s,1.24 GB/s
2023-05-25 20:14:00,7.89 GB/s,6.59 GB/s
2023-05-25 20:14:05,10.6 GB/s,9.03 GB/s
2023-05-25 20:14:10,5.34 GB/s,4.55 GB/s
2023-05-25 20:14:15,5.41 GB/s,4.71 GB/s
2023-05-25 20:14:20,3.57 GB/s,3.13 GB/s
2023-05-25 20:14:25,6.14 GB/s,5.31 GB/s
2023-05-25 20:14:30,7.70 GB/s,6.56 GB/s
2023-05-25 20:14:35,10.5 GB/s,8.99 GB/s
2023-05-25 20:14:40,3.28 GB/s,2.87 GB/s
2023-05-25 20:14:45,5.26 GB/s,4.51 GB/s
2023-05-25 20:14:50,14.3 GB/s,12.1 GB/s
2023-05-25 20:14:55,5.33 GB/s,4.58 GB/s
2023-05-25 20:15:00,3.73 GB/s,3.39 GB/s
2023-05-25 20:15:05,5.59 GB/s,4.81 GB/s
2023-05-25 20:15:10,8.17 GB/s,7.00 GB/s
2023-05-25 20:15:15,17.0 GB/s,14.5 GB/s
2023-05-25 20:15:20,13.1 GB/s,11.2 GB/s
2023-05-25 20:15:25,16.9 GB/s,14.5 GB/s
2023-05-25 20:15:30,10.2 GB/s,8.70 GB/s
2023-05-25 20:15:35,11.6 GB/s,10.6 GB/s
2023-05-25 20:15:40,8.74 GB/s,7.67 GB/s
2023-05-25 20:15:45,13.2 GB/s,11.3 GB/s
2023-05-25 20:15:50,7.79 GB/s,6.04 GB/s
2023-05-25 20:15:55,8.93 GB/s,7.70 GB/s
2023-05-25 20:16:00,8.17 GB/s,7.08 GB/s
2023-05-25 20:16:05,7.69 GB/s,6.78 GB/s
2023-05-25 20:16:10,9.23 GB/s,7.93 GB/s
2023-05-25 20:16:15,2.94 GB/s,2.43 GB/s
2023-05-25 20:16:20,10.8 GB/s,9.31 GB/s
2023-05-25 20:16:25,10.8 GB/s,9.35 GB/s
2023-05-25 20:16:30,8.77 GB/s,7.60 GB/s
2023-05-25 20:16:35,12.6 GB/s,10.7 GB/s
2023-05-25 20:16:40,12.8 GB/s,11.6 GB/s
2023-05-25 20:16:45,8.93 GB/s,7.09 GB/s
2023-05-25 20:16:50,3.75 GB/s,3.45 GB/s
2023-05-25 20:16:55,15.0 GB/s,12.8 GB/s
2023-05-25 20:17:00,13.9 GB/s,11.9 GB/s
2023-05-25 20:17:05,10.6 GB/s,8.98 GB/s
2023-05-25 20:17:10,7.26 GB/s,6.86 GB/s
2023-05-25 20:17:15,14.3 GB/s,11.6 GB/s
2023-05-25 20:17:20,842 MB/s,839 MB/s
2023-05-25 20:17:25,7.83 GB/s,7.21 GB/s
2023-05-25 20:17:30,12.1 GB/s,9.89 GB/s
2023-05-25 20:17:35,6.05 GB/s,5.17 GB/s
2023-05-25 20:17:40,8.75 GB/s,7.60 GB/s
2023-05-25 20:17:45,4.57 GB/s,4.13 GB/s
2023-05-25 20:17:50,7.98 GB/s,6.93 GB/s
2023-05-25 20:17:55,5.48 GB/s,4.50 GB/s
2023-05-25 20:18:00,13.3 GB/s,11.3 GB/s
2023-05-25 20:18:05,3.33 GB/s,2.91 GB/s
2023-05-25 20:18:10,3.13 GB/s,2.73 GB/s
2023-05-25 20:18:15,10.1 GB/s,8.69 GB/s
2023-05-25 20:18:20,8.29 GB/s,7.12 GB/s
2023-05-25 20:18:25,3.13 GB/s,2.74 GB/s
2023-05-25 20:18:30,6.19 GB/s,5.38 GB/s
2023-05-25 20:18:35,8.47 GB/s,7.26 GB/s
2023-05-25 20:18:40,1.31 GB/s,1.29 GB/s
2023-05-25 20:18:45,5.40 GB/s,4.65 GB/s
2023-05-25 20:18:50,8.22 GB/s,7.07 GB/s
2023-05-25 20:18:55,10.5 GB/s,8.94 GB/s
2023-05-25 20:19:00,5.74 GB/s,4.99 GB/s
2023-05-25 20:19:05,7.59 GB/s,6.62 GB/s
2023-05-25 20:19:10,5.95 GB/s,5.12 GB/s
2023-05-25 20:19:15,3.43 GB/s,3.03 GB/s
2023-05-25 20:19:20,7.87 GB/s,6.78 GB/s
2023-05-25 20:19:25,3.97 GB/s,3.54 GB/s
2023-05-25 20:19:30,8.81 GB/s,7.60 GB/s
2023-05-25 20:19:35,5.83 GB/s,5.01 GB/s
2023-05-25 20:19:40,3.34 GB/s,2.90 GB/s
2023-05-25 20:19:45,3.32 GB/s,2.91 GB/s
2023-05-25 20:19:50,6.37 GB/s,5.93 GB/s
2023-05-25 20:19:55,7.97 GB/s,6.53 GB/s
2023-05-25 20:20:00,5.77 GB/s,5.01 GB/s
2023-05-25 20:20:05,8.13 GB/s,7.00 GB/s
2023-05-25 20:20:10,3.73 GB/s,3.38 GB/s
2023-05-25 20:20:15,8.66 GB/s,7.44 GB/s
2023-05-25 20:20:20,5.55 GB/s,4.82 GB/s
2023-05-25 20:20:25,10.6 GB/s,9.08 GB/s
2023-05-25 20:20:30,2.96 GB/s,2.55 GB/s
2023-05-25 20:20:35,8.43 GB/s,7.27 GB/s
2023-05-25 20:20:40,5.75 GB/s,5.00 GB/s
2023-05-25 20:20:45,6.40 GB/s,5.50 GB/s
2023-05-25 20:20:50,10.7 GB/s,9.35 GB/s
2023-05-25 20:20:55,6.42 GB/s,5.38 GB/s
2023-05-25 20:21:00,1.49 GB/s,1.46 GB/s
2023-05-25 20:21:05,1.35 GB/s,1.29 GB/s
2023-05-25 20:21:10,2.99 GB/s,2.58 GB/s
2023-05-25 20:21:15,1.07 GB/s,1.08 GB/s
2023-05-25 20:21:20,10.4 GB/s,8.85 GB/s
2023-05-25 20:21:25,7.70 GB/s,6.56 GB/s
2023-05-25 20:21:30,8.42 GB/s,7.21 GB/s
2023-05-25 20:21:35,6.91 GB/s,6.71 GB/s
2023-05-25 20:21:40,5.51 GB/s,4.10 GB/s
2023-05-25 20:21:45,19.9 GB/s,17.8 GB/s
2023-05-25 20:21:50,11.1 GB/s,8.96 GB/s
2023-05-25 20:21:55,7.37 GB/s,7.06 GB/s
2023-05-25 20:22:00,8.05 GB/s,7.70 GB/s
2023-05-25 20:22:05,18.6 GB/s,16.3 GB/s
2023-05-25 20:22:10,6.57 GB/s,8.87 GB/s
2023-05-25 20:22:15,23.5 GB/s,18.7 GB/s
2023-05-25 20:22:20,1.89 GB/s,1.80 GB/s
2023-05-25 20:22:25,7.95 GB/s,8.14 GB/s
2023-05-25 20:22:30,11.7 GB/s,11.1 GB/s
2023-05-25 20:22:35,14.5 GB/s,13.0 GB/s
2023-05-25 20:22:40,6.98 GB/s,6.89 GB/s
2023-05-25 20:22:45,19.0 GB/s,15.5 GB/s
2023-05-25 20:22:50,22.6 GB/s,19.9 GB/s
2023-05-25 20:22:55,8.49 GB/s,6.84 GB/s
2023-05-25 20:23:00,15.5 GB/s,13.8 GB/s
2023-05-25 20:23:05,10.2 GB/s,8.50 GB/s
2023-05-25 20:23:10,7.54 GB/s,7.80 GB/s
2023-05-25 20:23:15,3.29 GB/s,2.75 GB/s
2023-05-25 20:23:20,2.62 GB/s,2.27 GB/s
2023-05-25 20:23:25,5.25 GB/s,4.48 GB/s
2023-05-25 20:23:30,2.23 GB/s,1.90 GB/s
2023-05-25 20:23:35,2.72 GB/s,2.31 GB/s
2023-05-25 20:23:40,3.32 GB/s,3.27 GB/s
2023-05-25 20:23:45,7.30 GB/s,5.77 GB/s
2023-05-25 20:23:50,423 MB/s,419 MB/s
2023-05-25 20:23:55,5.31 GB/s,4.61 GB/s
2023-05-25 20:24:00,537 MB/s,498 MB/s
2023-05-25 20:24:05,662 MB/s,682 MB/s
2023-05-25 20:24:10,2.95 GB/s,2.56 GB/s
2023-05-25 20:24:15,477 MB/s,441 MB/s
2023-05-25 20:24:20,787 MB/s,763 MB/s
2023-05-25 20:24:25,2.75 GB/s,2.40 GB/s
2023-05-25 20:24:30,2.86 GB/s,2.48 GB/s
2023-05-25 20:24:35,5.48 GB/s,4.68 GB/s
2023-05-25 20:24:40,7.35 GB/s,6.26 GB/s
2023-05-25 20:24:45,314 MB/s,304 MB/s
2023-05-25 20:24:50,347 MB/s,372 MB/s
2023-05-25 20:24:55,3.20 GB/s,2.76 GB/s
2023-05-25 20:25:00,3.52 GB/s,3.08 GB/s
2023-05-25 20:25:05,2.78 GB/s,2.38 GB/s
2023-05-25 20:25:10,2.61 GB/s,2.23 GB/s
2023-05-25 20:25:15,3.74 GB/s,3.74 GB/s
2023-05-25 20:25:20,4.33 GB/s,3.13 GB/s
2023-05-25 20:25:25,2.67 GB/s,2.28 GB/s
2023-05-25 20:25:30,2.84 GB/s,2.47 GB/s
2023-05-25 20:25:35,891 MB/s,849 MB/s
2023-05-25 20:25:40,3.23 GB/s,2.78 GB/s
2023-05-25 20:25:45,248 MB/s,238 MB/s
2023-05-25 20:25:50,222 MB/s,213 MB/s
2023-05-25 20:25:55,3.17 GB/s,2.77 GB/s
2023-05-25 20:26:00,2.65 GB/s,2.26 GB/s
2023-05-25 20:26:05,4.82 GB/s,4.10 GB/s
2023-05-25 20:26:10,5.45 GB/s,4.64 GB/s
2023-05-25 20:26:15,5.42 GB/s,4.66 GB/s
2023-05-25 20:26:20,5.34 GB/s,4.55 GB/s
2023-05-25 20:26:25,643 MB/s,658 MB/s
2023-05-25 20:26:30,5.26 GB/s,4.49 GB/s
2023-05-25 20:26:35,721 MB/s,732 MB/s
2023-05-25 20:26:40,3.25 GB/s,2.80 GB/s
2023-05-25 20:26:45,2.86 GB/s,2.49 GB/s
2023-05-25 20:26:50,1.01 GB/s,1.66 GB/s
2023-05-25 20:26:55,7.30 GB/s,5.44 GB/s
2023-05-25 20:27:00,2.66 GB/s,2.27 GB/s
2023-05-25 20:27:05,327 MB/s,315 MB/s
2023-05-25 20:27:10,32.7 MB/s,28.2 MB/s
2023-05-25 20:27:15,7.80 GB/s,6.64 GB/s
2023-05-25 20:27:20,2.37 GB/s,2.02 GB/s
2023-05-25 20:27:25,5.36 GB/s,4.56 GB/s
2023-05-25 20:27:30,2.91 GB/s,2.51 GB/s
2023-05-25 20:27:35,1.46 GB/s,1.90 GB/s
2023-05-25 20:27:40,6.98 GB/s,5.33 GB/s
2023-05-25 20:27:45,3.23 GB/s,2.83 GB/s
2023-05-25 20:27:50,761 MB/s,727 MB/s
2023-05-25 20:27:55,444 MB/s,424 MB/s
2023-05-25 20:28:00,745 MB/s,716 MB/s
2023-05-25 20:28:05,129 MB/s,97.8 MB/s
2023-05-25 20:28:10,4.98 GB/s,4.31 GB/s
2023-05-25 20:28:15,3.45 GB/s,2.97 GB/s
2023-05-25 20:28:20,2.84 GB/s,2.47 GB/s
2023-05-25 20:28:25,2.89 GB/s,2.55 GB/s
2023-05-25 20:28:30,534 MB/s,548 MB/s
2023-05-25 20:28:35,10.1 GB/s,8.57 GB/s
2023-05-25 20:28:40,6.43 GB/s,5.66 GB/s
2023-05-25 20:28:45,3.08 GB/s,2.68 GB/s
2023-05-25 20:28:50,8.27 GB/s,7.15 GB/s
2023-05-25 20:28:55,2.80 GB/s,2.71 GB/s
2023-05-25 20:29:00,3.73 GB/s,2.94 GB/s
2023-05-25 20:29:05,2.87 GB/s,2.46 GB/s
2023-05-25 20:29:10,5.50 GB/s,4.71 GB/s
2023-05-25 20:29:15,7.16 GB/s,6.32 GB/s
2023-05-25 20:29:20,6.07 GB/s,5.09 GB/s
2023-05-25 20:29:25,6.72 GB/s,5.87 GB/s
2023-05-25 20:29:30,5.29 GB/s,4.56 GB/s
2023-05-25 20:29:35,6.41 GB/s,5.59 GB/s
2023-05-25 20:29:40,5.86 GB/s,5.08 GB/s
2023-05-25 20:29:45,6.38 GB/s,5.51 GB/s
2023-05-25 20:29:50,4.58 GB/s,4.67 GB/s
2023-05-25 20:29:55,4.15 GB/s,2.95 GB/s
2023-05-25 20:30:00,5.66 GB/s,4.88 GB/s
2023-05-25 20:30:05,10.7 GB/s,9.14 GB/s
2023-05-25 20:30:10,1.26 GB/s,1.89 GB/s
2023-05-25 20:30:15,4.79 GB/s,3.38 GB/s
2023-05-25 20:30:20,6.06 GB/s,5.26 GB/s
2023-05-25 20:30:25,11.2 GB/s,9.64 GB/s
2023-05-25 20:30:30,10.4 GB/s,8.85 GB/s
2023-05-25 20:30:35,5.66 GB/s,4.89 GB/s
2023-05-25 20:30:40,3.18 GB/s,2.75 GB/s
2023-05-25 20:30:45,5.81 GB/s,4.97 GB/s
2023-05-25 20:30:50,5.77 GB/s,5.09 GB/s
2023-05-25 20:30:55,7.20 GB/s,6.80 GB/s
2023-05-25 20:31:00,7.81 GB/s,6.11 GB/s
2023-05-25 20:31:05,3.44 GB/s,3.10 GB/s
2023-05-25 20:31:10,947 MB/s,1.08 GB/s
2023-05-25 20:31:15,917 MB/s,1.02 GB/s
2023-05-25 20:31:20,689 MB/s,641 MB/s
2023-05-25 20:31:25,1.27 GB/s,1.58 GB/s
2023-05-25 20:31:30,1.00 GB/s,1.49 GB/s
2023-05-25 20:31:35,3.08 GB/s,2.77 GB/s
2023-05-25 20:31:40,6.07 GB/s,5.21 GB/s
2023-05-25 20:31:45,6.17 GB/s,5.30 GB/s
2023-05-25 20:31:50,2.85 GB/s,2.47 GB/s
2023-05-25 20:31:55,5.88 GB/s,5.03 GB/s
2023-05-25 20:32:00,5.39 GB/s,4.59 GB/s
2023-05-25 20:32:05,5.26 GB/s,4.48 GB/s
2023-05-25 20:32:10,5.06 GB/s,4.31 GB/s
2023-05-25 20:32:15,2.64 GB/s,2.34 GB/s
2023-05-25 20:32:20,3.32 GB/s,2.86 GB/s
2023-05-25 20:32:25,4.71 GB/s,4.02 GB/s
2023-05-25 20:32:30,555 MB/s,537 MB/s
2023-05-25 20:32:35,5.31 GB/s,4.58 GB/s
2023-05-25 20:32:40,3.18 GB/s,2.82 GB/s
2023-05-25 20:32:45,5.28 GB/s,4.47 GB/s
2023-05-25 20:32:50,496 MB/s,520 MB/s
2023-05-25 20:32:55,1.01 GB/s,1.38 GB/s
2023-05-25 20:33:00,2.84 GB/s,2.06 GB/s
2023-05-25 20:33:05,2.94 GB/s,2.55 GB/s
2023-05-25 20:33:10,2.30 GB/s,1.95 GB/s
2023-05-25 20:33:15,2.24 GB/s,1.91 GB/s
2023-05-25 20:33:20,5.09 GB/s,4.42 GB/s
2023-05-25 20:33:25,2.44 GB/s,2.06 GB/s
2023-05-25 20:33:30,2.35 GB/s,2.01 GB/s
2023-05-25 20:33:35,3.16 GB/s,2.74 GB/s
2023-05-25 20:33:40,2.00 GB/s,2.30 GB/s
2023-05-25 20:33:45,4.40 GB/s,3.31 GB/s
2023-05-25 20:33:50,589 MB/s,563 MB/s
2023-05-25 20:33:55,5.91 GB/s,5.05 GB/s
2023-05-25 20:34:00,3.27 GB/s,2.82 GB/s
2023-05-25 20:34:05,123 MB/s,141 MB/s
2023-05-25 20:34:10,627 MB/s,582 MB/s
2023-05-25 20:34:15,326 MB/s,316 MB/s
2023-05-25 20:34:20,95.3 MB/s,114 MB/s
2023-05-25 20:34:25,2.55 GB/s,2.17 GB/s
2023-05-25 20:34:30,7.87 GB/s,6.70 GB/s
2023-05-25 20:34:35,168 MB/s,160 MB/s
2023-05-25 20:34:40,5.37 GB/s,4.57 GB/s
2023-05-25 20:34:45,5.15 GB/s,4.38 GB/s
2023-05-25 20:34:50,293 MB/s,284 MB/s
2023-05-25 20:34:55,5.81 GB/s,5.01 GB/s
2023-05-25 20:35:00,2.66 GB/s,2.26 GB/s
2023-05-25 20:35:05,2.72 GB/s,2.36 GB/s
2023-05-25 20:35:10,2.45 GB/s,2.10 GB/s
2023-05-25 20:35:15,2.63 GB/s,2.30 GB/s
2023-05-25 20:35:20,7.03 GB/s,6.29 GB/s
2023-05-25 20:35:25,3.35 GB/s,2.57 GB/s
2023-05-25 20:35:30,3.07 GB/s,2.63 GB/s
2023-05-25 20:35:35,2.92 GB/s,2.53 GB/s
2023-05-25 20:35:40,719 MB/s,752 MB/s
2023-05-25 20:35:45,5.37 GB/s,4.64 GB/s
2023-05-25 20:35:50,632 MB/s,563 MB/s
2023-05-25 20:35:55,4.91 GB/s,4.22 GB/s
2023-05-25 20:36:00,3.06 GB/s,2.64 GB/s
2023-05-25 20:36:05,7.20 GB/s,6.12 GB/s
2023-05-25 20:36:10,2.71 GB/s,2.36 GB/s
2023-05-25 20:36:15,3.42 GB/s,3.00 GB/s
2023-05-25 20:36:20,3.63 GB/s,3.19 GB/s
2023-05-25 20:36:25,970 MB/s,931 MB/s
2023-05-25 20:36:30,3.51 GB/s,3.67 GB/s
2023-05-25 20:36:35,6.64 GB/s,4.96 GB/s
2023-05-25 20:36:40,466 MB/s,497 MB/s
2023-05-25 20:36:45,5.31 GB/s,4.51 GB/s
2023-05-25 20:36:50,4.79 GB/s,4.07 GB/s
2023-05-25 20:36:55,5.38 GB/s,4.63 GB/s
2023-05-25 20:37:00,3.52 GB/s,3.05 GB/s
2023-05-25 20:37:05,42.2 MB/s,36.5 MB/s
2023-05-25 20:37:10,5.54 GB/s,4.72 GB/s
2023-05-25 20:37:15,2.83 GB/s,2.44 GB/s
2023-05-25 20:37:20,2.83 GB/s,2.47 GB/s
2023-05-25 20:37:25,338 MB/s,288 MB/s
2023-05-25 20:37:30,609 MB/s,642 MB/s
2023-05-25 20:37:35,12.4 GB/s,11.5 GB/s
2023-05-25 20:37:40,25.5 GB/s,21.9 GB/s
2023-05-25 20:37:45,18.7 GB/s,15.3 GB/s
2023-05-25 20:37:50,1.61 GB/s,2.15 GB/s
2023-05-25 20:37:55,1.64 GB/s,1.86 GB/s
2023-05-25 20:38:00,2.29 GB/s,3.36 GB/s
2023-05-25 20:38:05,969 MB/s,985 MB/s
2023-05-25 20:38:10,2.07 GB/s,2.81 GB/s
2023-05-25 20:38:15,7.40 GB/s,8.08 GB/s
2023-05-25 20:38:20,1.25 GB/s,1.20 GB/s
2023-05-25 20:38:25,2.00 GB/s,3.02 GB/s
2023-05-25 20:38:30,3.05 GB/s,4.89 GB/s
2023-05-25 20:38:35,1.76 GB/s,2.50 GB/s
2023-05-25 20:38:40,4.38 GB/s,4.66 GB/s
2023-05-25 20:38:45,2.57 GB/s,4.02 GB/s
2023-05-25 20:38:50,2.09 GB/s,2.99 GB/s
2023-05-25 20:38:55,1.41 GB/s,1.68 GB/s
2023-05-25 20:39:00,1.85 GB/s,2.33 GB/s
2023-05-25 20:39:05,9.28 GB/s,8.72 GB/s
2023-05-25 20:39:10,1.09 GB/s,1.56 GB/s
2023-05-25 20:39:15,8.08 GB/s,9.44 GB/s
2023-05-25 20:39:20,6.11 GB/s,4.96 GB/s
2023-05-25 20:39:25,6.59 GB/s,5.64 GB/s
2023-05-25 20:39:30,3.93 GB/s,3.50 GB/s
2023-05-25 20:39:35,8.60 GB/s,7.32 GB/s
2023-05-25 20:39:40,6.02 GB/s,5.24 GB/s
2023-05-25 20:39:45,12.9 GB/s,11.0 GB/s
2023-05-25 20:39:50,5.68 GB/s,4.94 GB/s
2023-05-25 20:39:55,6.76 GB/s,5.87 GB/s
2023-05-25 20:40:00,10.7 GB/s,9.12 GB/s
2023-05-25 20:40:05,3.80 GB/s,3.83 GB/s
2023-05-25 20:40:10,7.00 GB/s,5.46 GB/s
2023-05-25 20:40:15,5.82 GB/s,5.06 GB/s
2023-05-25 20:40:20,12.7 GB/s,10.9 GB/s
2023-05-25 20:40:25,1.01 GB/s,989 MB/s
2023-05-25 20:40:30,3.84 GB/s,3.48 GB/s
2023-05-25 20:40:35,6.19 GB/s,5.37 GB/s
2023-05-25 20:40:40,3.99 GB/s,3.54 GB/s
2023-05-25 20:40:45,2.96 GB/s,2.58 GB/s
2023-05-25 20:40:50,10.4 GB/s,8.93 GB/s
2023-05-25 20:40:55,6.52 GB/s,6.16 GB/s
2023-05-25 20:41:00,7.15 GB/s,5.53 GB/s
2023-05-25 20:41:05,7.83 GB/s,6.73 GB/s
2023-05-25 20:41:10,11.1 GB/s,9.46 GB/s
2023-05-25 20:41:15,5.72 GB/s,4.88 GB/s
2023-05-25 20:41:20,10.2 GB/s,8.72 GB/s
2023-05-25 20:41:25,6.34 GB/s,5.53 GB/s
2023-05-25 20:41:30,7.77 GB/s,6.74 GB/s
2023-05-25 20:41:35,3.43 GB/s,2.88 GB/s
2023-05-25 20:41:40,9.05 GB/s,7.80 GB/s
2023-05-25 20:41:45,6.76 GB/s,5.92 GB/s
2023-05-25 20:41:50,8.86 GB/s,7.67 GB/s
2023-05-25 20:41:55,3.52 GB/s,3.16 GB/s
2023-05-25 20:42:00,8.67 GB/s,7.51 GB/s
2023-05-25 20:42:05,12.2 GB/s,10.7 GB/s
2023-05-25 20:42:10,7.17 GB/s,6.51 GB/s
2023-05-25 20:42:15,9.96 GB/s,8.07 GB/s
2023-05-25 20:42:20,6.66 GB/s,5.84 GB/s
2023-05-25 20:42:25,13.0 GB/s,11.1 GB/s
2023-05-25 20:42:30,5.83 GB/s,5.03 GB/s
2023-05-25 20:42:35,8.14 GB/s,6.92 GB/s
2023-05-25 20:42:40,8.07 GB/s,6.87 GB/s
2023-05-25 20:42:45,3.72 GB/s,3.30 GB/s
2023-05-25 20:42:50,5.49 GB/s,4.75 GB/s
2023-05-25 20:42:55,8.14 GB/s,6.93 GB/s
2023-05-25 20:43:00,10.4 GB/s,8.95 GB/s
2023-05-25 20:43:05,5.76 GB/s,4.96 GB/s
2023-05-25 20:43:10,13.2 GB/s,11.3 GB/s
2023-05-25 20:43:15,6.21 GB/s,5.43 GB/s
2023-05-25 20:43:20,7.15 GB/s,6.11 GB/s
2023-05-25 20:43:25,6.48 GB/s,5.69 GB/s
2023-05-25 20:43:30,7.60 GB/s,6.48 GB/s
2023-05-25 20:43:35,12.2 GB/s,10.3 GB/s
2023-05-25 20:43:40,4.87 GB/s,4.32 GB/s
2023-05-25 20:43:45,6.37 GB/s,5.51 GB/s
2023-05-25 20:43:50,1.38 GB/s,1.32 GB/s
2023-05-25 20:43:55,4.46 GB/s,4.06 GB/s
2023-05-25 20:44:00,6.44 GB/s,5.56 GB/s
2023-05-25 20:44:05,8.34 GB/s,7.15 GB/s
2023-05-25 20:44:10,5.23 GB/s,4.45 GB/s
2023-05-25 20:44:15,5.71 GB/s,5.01 GB/s
2023-05-25 20:44:20,8.71 GB/s,7.41 GB/s
2023-05-25 20:44:25,7.05 GB/s,6.53 GB/s
2023-05-25 20:44:30,4.50 GB/s,4.89 GB/s
2023-05-25 20:44:35,2.61 GB/s,4.02 GB/s
2023-05-25 20:44:40,1.12 GB/s,1.28 GB/s
2023-05-25 20:44:45,7.34 GB/s,7.27 GB/s
2023-05-25 20:44:50,2.71 GB/s,3.46 GB/s
2023-05-25 20:44:55,11.3 GB/s,9.62 GB/s
2023-05-25 20:45:00,8.90 GB/s,7.70 GB/s
2023-05-25 20:45:05,11.6 GB/s,10.1 GB/s
2023-05-25 20:45:10,5.75 GB/s,5.12 GB/s
2023-05-25 20:45:15,15.0 GB/s,12.8 GB/s
2023-05-25 20:45:20,6.87 GB/s,6.05 GB/s
2023-05-25 20:45:25,11.0 GB/s,9.52 GB/s
2023-05-25 20:45:30,8.91 GB/s,8.34 GB/s
2023-05-25 20:45:35,16.3 GB/s,13.8 GB/s
2023-05-25 20:45:40,12.7 GB/s,10.3 GB/s
2023-05-25 20:45:45,7.19 GB/s,7.01 GB/s
2023-05-25 20:45:50,10.8 GB/s,8.90 GB/s
2023-05-25 20:45:55,10.2 GB/s,8.41 GB/s
2023-05-25 20:46:00,13.1 GB/s,11.8 GB/s
2023-05-25 20:46:05,9.88 GB/s,7.99 GB/s
2023-05-25 20:46:10,14.6 GB/s,12.9 GB/s
2023-05-25 20:46:15,10.7 GB/s,8.80 GB/s
2023-05-25 20:46:20,14.0 GB/s,12.0 GB/s
2023-05-25 20:46:25,8.71 GB/s,7.49 GB/s
2023-05-25 20:46:30,9.97 GB/s,8.52 GB/s
2023-05-25 20:46:35,12.9 GB/s,11.0 GB/s
2023-05-25 20:46:40,3.84 GB/s,3.45 GB/s
2023-05-25 20:46:45,15.0 GB/s,12.7 GB/s
2023-05-25 20:46:50,11.6 GB/s,10.1 GB/s
2023-05-25 20:46:55,6.36 GB/s,5.60 GB/s
2023-05-25 20:47:00,6.80 GB/s,6.34 GB/s
2023-05-25 20:47:05,12.7 GB/s,10.8 GB/s
2023-05-25 20:47:10,10.8 GB/s,8.97 GB/s
2023-05-25 20:47:15,6.17 GB/s,5.29 GB/s
2023-05-25 20:47:20,205 MB/s,224 MB/s
2023-05-25 20:47:25,4.28 GB/s,3.86 GB/s
2023-05-25 20:47:30,4.09 GB/s,3.58 GB/s
2023-05-25 20:47:35,488 MB/s,470 MB/s
2023-05-25 20:47:40,3.62 GB/s,3.21 GB/s
2023-05-25 20:47:45,5.69 GB/s,4.90 GB/s
2023-05-25 20:47:50,10.1 GB/s,8.64 GB/s
2023-05-25 20:47:55,6.70 GB/s,5.84 GB/s
2023-05-25 20:48:00,6.62 GB/s,5.55 GB/s
2023-05-25 20:48:05,3.03 GB/s,2.64 GB/s
2023-05-25 20:48:10,244 MB/s,203 MB/s
2023-05-25 20:48:15,7.65 GB/s,6.58 GB/s
2023-05-25 20:48:20,6.15 GB/s,5.34 GB/s
2023-05-25 20:48:25,3.31 GB/s,2.88 GB/s
2023-05-25 20:48:30,10.1 GB/s,8.65 GB/s
2023-05-25 20:48:35,3.59 GB/s,3.11 GB/s
2023-05-25 20:48:40,1.15 GB/s,1.15 GB/s
2023-05-25 20:48:45,971 MB/s,909 MB/s
2023-05-25 20:48:50,5.86 GB/s,5.09 GB/s
2023-05-25 20:48:55,7.89 GB/s,6.72 GB/s
2023-05-25 20:49:00,3.66 GB/s,3.24 GB/s
2023-05-25 20:49:05,5.65 GB/s,4.86 GB/s
2023-05-25 20:49:10,1.01 GB/s,982 MB/s
2023-05-25 20:49:15,5.47 GB/s,4.73 GB/s
2023-05-25 20:49:20,11.0 GB/s,9.38 GB/s
2023-05-25 20:49:25,5.45 GB/s,4.67 GB/s
2023-05-25 20:49:30,7.93 GB/s,6.85 GB/s
2023-05-25 20:49:35,3.42 GB/s,3.00 GB/s
2023-05-25 20:49:40,8.13 GB/s,6.95 GB/s
2023-05-25 20:49:45,8.21 GB/s,7.02 GB/s
2023-05-25 20:49:50,3.43 GB/s,3.02 GB/s
2023-05-25 20:49:55,5.73 GB/s,4.91 GB/s
2023-05-25 20:50:00,3.35 GB/s,2.96 GB/s
2023-05-25 20:50:05,4.48 GB/s,4.20 GB/s
2023-05-25 20:50:10,3.43 GB/s,2.59 GB/s
2023-05-25 20:50:15,850 MB/s,822 MB/s
2023-05-25 20:50:20,11.0 GB/s,9.33 GB/s
2023-05-25 20:50:25,2.44 GB/s,2.12 GB/s
2023-05-25 20:50:30,3.94 GB/s,3.50 GB/s
2023-05-25 20:50:35,7.38 GB/s,7.15 GB/s
2023-05-25 20:50:40,7.97 GB/s,6.07 GB/s
2023-05-25 20:50:45,5.38 GB/s,4.60 GB/s
2023-05-25 20:50:50,7.22 GB/s,6.18 GB/s
2023-05-25 20:50:55,5.73 GB/s,4.91 GB/s
2023-05-25 20:51:00,3.33 GB/s,2.89 GB/s
2023-05-25 20:51:05,356 MB/s,332 MB/s
2023-05-25 20:51:10,5.70 GB/s,4.89 GB/s
2023-05-25 20:51:15,2.63 GB/s,2.29 GB/s
2023-05-25 20:51:20,5.68 GB/s,4.90 GB/s
2023-05-25 20:51:25,5.24 GB/s,4.49 GB/s
2023-05-25 20:51:30,3.64 GB/s,3.87 GB/s
2023-05-25 20:51:35,5.13 GB/s,3.66 GB/s
2023-05-25 20:51:40,3.16 GB/s,2.79 GB/s
2023-05-25 20:51:45,492 MB/s,476 MB/s
2023-05-25 20:51:50,5.26 GB/s,4.52 GB/s
2023-05-25 20:51:55,10.5 GB/s,8.90 GB/s
2023-05-25 20:52:00,2.85 GB/s,2.45 GB/s
2023-05-25 20:52:05,3.82 GB/s,3.92 GB/s
2023-05-25 20:52:10,7.14 GB/s,5.53 GB/s
2023-05-25 20:52:15,3.79 GB/s,3.36 GB/s
2023-05-25 20:52:20,3.32 GB/s,2.84 GB/s
2023-05-25 20:52:25,2.84 GB/s,2.43 GB/s
2023-05-25 20:52:30,773 MB/s,783 MB/s
2023-05-25 20:52:35,3.40 GB/s,2.97 GB/s
2023-05-25 20:52:40,787 MB/s,732 MB/s
2023-05-25 20:52:45,757 MB/s,738 MB/s
2023-05-25 20:52:50,7.85 GB/s,6.68 GB/s
2023-05-25 20:52:55,3.11 GB/s,2.74 GB/s
2023-05-25 20:53:00,5.33 GB/s,4.56 GB/s
2023-05-25 20:53:05,5.71 GB/s,4.99 GB/s
2023-05-25 20:53:10,10.2 GB/s,8.66 GB/s
2023-05-25 20:53:15,2.45 GB/s,2.08 GB/s
2023-05-25 20:53:20,3.15 GB/s,2.73 GB/s
2023-05-25 20:53:25,10.1 GB/s,8.59 GB/s
2023-05-25 20:53:30,8.43 GB/s,7.23 GB/s
2023-05-25 20:53:35,2.82 GB/s,2.45 GB/s
2023-05-25 20:53:40,543 MB/s,525 MB/s
2023-05-25 20:53:45,5.06 GB/s,4.36 GB/s
2023-05-25 20:53:50,2.51 GB/s,2.14 GB/s
2023-05-25 20:53:55,3.17 GB/s,2.78 GB/s
2023-05-25 20:54:00,3.57 GB/s,3.16 GB/s
2023-05-25 20:54:05,2.65 GB/s,2.23 GB/s
2023-05-25 20:54:10,6.16 GB/s,5.64 GB/s
2023-05-25 20:54:15,7.65 GB/s,6.16 GB/s
2023-05-25 20:54:20,3.28 GB/s,2.86 GB/s
2023-05-25 20:54:25,5.67 GB/s,4.85 GB/s
2023-05-25 20:54:30,3.15 GB/s,2.75 GB/s
2023-05-25 20:54:35,3.08 GB/s,2.66 GB/s
2023-05-25 20:54:40,2.55 GB/s,2.19 GB/s
2023-05-25 20:54:45,9.80 GB/s,8.33 GB/s
2023-05-25 20:54:50,3.19 GB/s,2.85 GB/s
2023-05-25 20:54:55,3.57 GB/s,3.15 GB/s
2023-05-25 20:55:00,4.80 GB/s,4.42 GB/s
2023-05-25 20:55:05,1.05 GB/s,639 MB/s
2023-05-25 20:55:10,7.67 GB/s,6.52 GB/s
2023-05-25 20:55:15,5.25 GB/s,4.48 GB/s
2023-05-25 20:55:20,6.00 GB/s,5.15 GB/s
2023-05-25 20:55:25,2.35 GB/s,2.00 GB/s
2023-05-25 20:55:30,5.64 GB/s,4.87 GB/s
2023-05-25 20:55:35,3.34 GB/s,2.96 GB/s
2023-05-25 20:55:40,1.15 GB/s,1.05 GB/s
2023-05-25 20:55:45,4.60 GB/s,3.96 GB/s
2023-05-25 20:55:50,3.27 GB/s,2.91 GB/s
2023-05-25 20:55:55,4.03 GB/s,3.96 GB/s
2023-05-25 20:56:00,2.01 GB/s,1.26 GB/s
2023-05-25 20:56:05,5.18 GB/s,4.41 GB/s
2023-05-25 20:56:10,2.94 GB/s,2.55 GB/s
2023-05-25 20:56:15,234 MB/s,243 MB/s
2023-05-25 20:56:20,2.07 GB/s,2.30 GB/s
2023-05-25 20:56:25,1.95 GB/s,1.31 GB/s
2023-05-25 20:56:30,5.64 GB/s,4.80 GB/s
2023-05-25 20:56:35,654 MB/s,670 MB/s
2023-05-25 20:56:40,5.43 GB/s,4.71 GB/s
2023-05-25 20:56:45,4.58 GB/s,4.46 GB/s
2023-05-25 20:56:50,4.82 GB/s,3.62 GB/s
2023-05-25 20:56:55,282 MB/s,308 MB/s
2023-05-25 20:57:00,3.30 GB/s,2.83 GB/s
2023-05-25 20:57:05,4.95 GB/s,4.21 GB/s
2023-05-25 20:57:10,2.64 GB/s,2.30 GB/s
2023-05-25 20:57:15,5.56 GB/s,4.77 GB/s
2023-05-25 20:57:20,304 MB/s,295 MB/s
2023-05-25 20:57:25,3.36 GB/s,2.97 GB/s
2023-05-25 20:57:30,307 MB/s,257 MB/s
2023-05-25 20:57:35,5.78 GB/s,4.92 GB/s
2023-05-25 20:57:40,2.94 GB/s,2.60 GB/s
2023-05-25 20:57:45,3.21 GB/s,2.75 GB/s
2023-05-25 20:57:50,3.05 GB/s,2.67 GB/s
2023-05-25 20:57:55,3.07 GB/s,2.63 GB/s
2023-05-25 20:58:00,87.2 MB/s,58.8 MB/s
2023-05-25 20:58:05,594 MB/s,597 MB/s
2023-05-25 20:58:10,7.94 GB/s,6.85 GB/s
2023-05-25 20:58:15,2.69 GB/s,2.21 GB/s
2023-05-25 20:58:20,902 MB/s,894 MB/s
2023-05-25 20:58:25,5.27 GB/s,4.46 GB/s
2023-05-25 20:58:30,260 MB/s,273 MB/s
2023-05-25 20:58:35,2.41 GB/s,2.04 GB/s
2023-05-25 20:58:40,2.80 GB/s,2.45 GB/s
2023-05-25 20:58:45,5.51 GB/s,4.70 GB/s
2023-05-25 20:58:50,766 MB/s,775 MB/s
2023-05-25 20:58:55,3.68 GB/s,3.21 GB/s
2023-05-25 20:59:00,39.0 MB/s,33.8 MB/s
2023-05-25 20:59:05,92.4 MB/s,105 MB/s
2023-05-25 20:59:10,759 MB/s,715 MB/s
2023-05-25 20:59:15,98.0 MB/s,94.4 MB/s
2023-05-25 20:59:20,5.80 GB/s,4.95 GB/s
2023-05-25 20:59:25,906 MB/s,877 MB/s
2023-05-25 20:59:30,2.41 GB/s,2.07 GB/s
2023-05-25 20:59:35,2.21 GB/s,1.88 GB/s
2023-05-25 20:59:40,265 MB/s,257 MB/s
2023-05-25 20:59:45,2.75 GB/s,2.34 GB/s
2023-05-25 20:59:50,457 MB/s,444 MB/s
2023-05-25 20:59:55,2.90 GB/s,2.47 GB/s
2023-05-25 21:00:00,434 MB/s,457 MB/s
2023-05-25 21:00:05,484 MB/s,479 MB/s
2023-05-25 21:00:10,598 MB/s,532 MB/s
2023-05-25 21:00:15,2.37 GB/s,2.02 GB/s
2023-05-25 21:00:20,246 MB/s,262 MB/s
2023-05-25 21:00:25,151 MB/s,121 MB/s
2023-05-25 21:00:30,486 MB/s,488 MB/s
2023-05-25 21:00:35,62.0 MB/s,41.3 MB/s
2023-05-25 21:00:40,2.72 GB/s,2.36 GB/s
2023-05-25 21:00:45,2.68 GB/s,2.28 GB/s
2023-05-25 21:00:50,331 MB/s,319 MB/s
2023-05-25 21:00:55,70.0 MB/s,67.5 MB/s
2023-05-25 21:01:00,483 MB/s,467 MB/s
2023-05-25 21:01:05,195 MB/s,189 MB/s
2023-05-25 21:01:10,83.2 MB/s,108 MB/s
2023-05-25 21:01:15,333 MB/s,292 MB/s
2023-05-25 21:01:20,2.26 GB/s,2.06 GB/s
2023-05-25 21:01:25,2.83 GB/s,2.27 GB/s
2023-05-25 21:01:30,25.3 MB/s,21.8 MB/s
2023-05-25 21:01:35,188 MB/s,182 MB/s
2023-05-25 21:01:40,2.84 GB/s,2.43 GB/s
2023-05-25 21:01:45,224 MB/s,207 MB/s
2023-05-25 21:01:50,2.84 GB/s,2.42 GB/s
2023-05-25 21:01:55,2.66 GB/s,2.28 GB/s
2023-05-25 21:02:00,11.6 MB/s,10.2 MB/s
2023-05-25 21:02:05,16.2 MB/s,14.0 MB/s
2023-05-25 21:02:10,2.40 GB/s,2.04 GB/s
2023-05-25 21:02:15,2.60 GB/s,2.21 GB/s
2023-05-25 21:02:20,2.82 GB/s,2.42 GB/s
2023-05-25 21:02:25,3.82 GB/s,3.41 GB/s
2023-05-25 21:02:30,5.04 GB/s,4.27 GB/s
2023-05-25 21:02:35,7.48 GB/s,6.37 GB/s
2023-05-25 21:02:40,5.40 GB/s,4.60 GB/s
2023-05-25 21:02:45,101 MB/s,96.0 MB/s
2023-05-25 21:02:50,2.91 GB/s,2.49 GB/s
2023-05-25 21:02:55,2.36 GB/s,2.01 GB/s
2023-05-25 21:03:00,2.96 GB/s,2.57 GB/s
2023-05-25 21:03:05,3.34 GB/s,3.33 GB/s
2023-05-25 21:03:10,7.51 GB/s,5.99 GB/s
2023-05-25 21:03:15,721 MB/s,697 MB/s
2023-05-25 21:03:20,221 MB/s,249 MB/s
2023-05-25 21:03:25,445 MB/s,391 MB/s
2023-05-25 21:03:30,5.27 GB/s,4.49 GB/s
2023-05-25 21:03:35,5.93 GB/s,5.07 GB/s
2023-05-25 21:03:40,5.47 GB/s,4.65 GB/s
2023-05-25 21:03:45,2.35 GB/s,2.00 GB/s
2023-05-25 21:03:50,3.23 GB/s,2.84 GB/s
2023-05-25 21:03:55,6.51 GB/s,5.61 GB/s
2023-05-25 21:04:00,2.68 GB/s,2.36 GB/s
2023-05-25 21:04:05,2.71 GB/s,2.30 GB/s
2023-05-25 21:04:10,5.64 GB/s,4.87 GB/s
2023-05-25 21:04:15,457 MB/s,476 MB/s
2023-05-25 21:04:20,3.50 GB/s,3.02 GB/s
2023-05-25 21:04:25,210 MB/s,235 MB/s
2023-05-25 21:04:30,3.69 GB/s,3.22 GB/s
2023-05-25 21:04:35,2.74 GB/s,2.35 GB/s
2023-05-25 21:04:40,2.44 GB/s,2.07 GB/s
2023-05-25 21:04:45,777 MB/s,773 MB/s
2023-05-25 21:04:50,4.16 GB/s,4.28 GB/s
2023-05-25 21:04:55,2.21 GB/s,1.25 GB/s
2023-05-25 21:05:00,417 MB/s,386 MB/s
2023-05-25 21:05:05,5.20 GB/s,4.43 GB/s
2023-05-25 21:05:10,2.71 GB/s,2.35 GB/s
2023-05-25 21:05:15,443 MB/s,435 MB/s
2023-05-25 21:05:20,2.79 GB/s,2.40 GB/s
2023-05-25 21:05:25,2.67 GB/s,2.28 GB/s
2023-05-25 21:05:30,451 MB/s,438 MB/s
2023-05-25 21:05:35,5.30 GB/s,4.52 GB/s
2023-05-25 21:05:40,8.18 GB/s,6.98 GB/s
2023-05-25 21:05:45,8.43 GB/s,7.17 GB/s
2023-05-25 21:05:50,8.21 GB/s,6.99 GB/s
2023-05-25 21:05:55,3.12 GB/s,2.76 GB/s
2023-05-25 21:06:00,2.97 GB/s,2.62 GB/s
2023-05-25 21:06:05,5.18 GB/s,4.41 GB/s
2023-05-25 21:06:10,554 MB/s,1.08 GB/s
2023-05-25 21:06:15,4.90 GB/s,3.80 GB/s
2023-05-25 21:06:20,11.9 GB/s,9.91 GB/s
2023-05-25 21:06:25,275 MB/s,264 MB/s
2023-05-25 21:06:30,8.28 GB/s,7.13 GB/s
2023-05-25 21:06:35,5.22 GB/s,4.45 GB/s
2023-05-25 21:06:40,4.00 GB/s,3.80 GB/s
2023-05-25 21:06:45,1.94 GB/s,1.44 GB/s
2023-05-25 21:06:50,8.22 GB/s,6.99 GB/s
2023-05-25 21:06:55,5.36 GB/s,4.66 GB/s
2023-05-25 21:07:00,8.18 GB/s,7.00 GB/s
2023-05-25 21:07:05,1.43 GB/s,1.79 GB/s
2023-05-25 21:07:10,2.24 GB/s,2.13 GB/s
2023-05-25 21:07:15,2.05 GB/s,1.05 GB/s
2023-05-25 21:07:20,3.24 GB/s,2.84 GB/s
2023-05-25 21:07:25,8.28 GB/s,7.08 GB/s
2023-05-25 21:07:30,2.36 GB/s,2.05 GB/s
2023-05-25 21:07:35,6.47 GB/s,5.58 GB/s
2023-05-25 21:07:40,3.03 GB/s,2.67 GB/s
2023-05-25 21:07:45,4.12 GB/s,4.30 GB/s
2023-05-25 21:07:50,7.58 GB/s,5.71 GB/s
2023-05-25 21:07:55,3.15 GB/s,2.77 GB/s
2023-05-25 21:08:00,5.75 GB/s,4.97 GB/s
2023-05-25 21:08:05,5.36 GB/s,4.58 GB/s
2023-05-25 21:08:10,907 MB/s,906 MB/s
2023-05-25 21:08:15,3.60 GB/s,3.12 GB/s
2023-05-25 21:08:20,7.89 GB/s,6.72 GB/s
2023-05-25 21:08:25,3.20 GB/s,2.81 GB/s
2023-05-25 21:08:30,3.36 GB/s,2.92 GB/s
2023-05-25 21:08:35,7.92 GB/s,6.76 GB/s
2023-05-25 21:08:40,5.13 GB/s,4.83 GB/s
2023-05-25 21:08:45,2.44 GB/s,2.05 GB/s
2023-05-25 21:08:50,3.62 GB/s,2.75 GB/s
2023-05-25 21:08:55,5.41 GB/s,4.65 GB/s
2023-05-25 21:09:00,6.00 GB/s,5.20 GB/s
2023-05-25 21:09:05,5.35 GB/s,4.60 GB/s
2023-05-25 21:09:10,8.69 GB/s,7.48 GB/s
2023-05-25 21:09:15,11.4 GB/s,10.0 GB/s
2023-05-25 21:09:20,25.4 GB/s,22.0 GB/s
2023-05-25 21:09:25,18.9 GB/s,15.7 GB/s
2023-05-25 21:09:30,9.80 GB/s,8.63 GB/s
2023-05-25 21:09:35,12.9 GB/s,12.0 GB/s
2023-05-25 21:09:40,20.4 GB/s,16.7 GB/s
2023-05-25 21:09:45,12.5 GB/s,11.8 GB/s
2023-05-25 21:09:50,6.75 GB/s,8.74 GB/s
2023-05-25 21:09:55,3.00 GB/s,4.69 GB/s
2023-05-25 21:10:00,20.8 GB/s,18.4 GB/s
2023-05-25 21:10:05,7.76 GB/s,7.14 GB/s
2023-05-25 21:10:10,1.60 GB/s,2.07 GB/s
2023-05-25 21:10:15,6.89 GB/s,6.31 GB/s
2023-05-25 21:10:20,7.73 GB/s,6.58 GB/s
2023-05-25 21:10:25,3.17 GB/s,2.83 GB/s
2023-05-25 21:10:30,4.41 GB/s,4.46 GB/s
2023-05-25 21:10:35,15.1 GB/s,13.0 GB/s
2023-05-25 21:10:40,10.2 GB/s,7.97 GB/s
2023-05-25 21:10:45,7.53 GB/s,6.42 GB/s
2023-05-25 21:10:50,5.23 GB/s,4.50 GB/s
2023-05-25 21:10:55,7.82 GB/s,6.66 GB/s
2023-05-25 21:11:00,1.09 GB/s,1.61 GB/s
2023-05-25 21:11:05,4.14 GB/s,2.94 GB/s
2023-05-25 21:11:10,11.1 GB/s,9.40 GB/s
2023-05-25 21:11:15,11.5 GB/s,9.80 GB/s
2023-05-25 21:11:20,3.06 GB/s,2.70 GB/s
2023-05-25 21:11:25,6.72 GB/s,5.90 GB/s
2023-05-25 21:11:30,3.42 GB/s,3.03 GB/s
2023-05-25 21:11:35,3.89 GB/s,3.44 GB/s
2023-05-25 21:11:40,8.06 GB/s,6.87 GB/s
2023-05-25 21:11:45,3.21 GB/s,3.08 GB/s
2023-05-25 21:11:50,11.6 GB/s,10.3 GB/s
2023-05-25 21:11:55,8.47 GB/s,7.47 GB/s
2023-05-25 21:12:00,10.1 GB/s,7.84 GB/s
2023-05-25 21:12:05,3.59 GB/s,3.25 GB/s
2023-05-25 21:12:10,11.7 GB/s,9.96 GB/s
2023-05-25 21:12:15,9.79 GB/s,8.51 GB/s
2023-05-25 21:12:20,14.0 GB/s,11.8 GB/s
2023-05-25 21:12:25,8.46 GB/s,7.32 GB/s
2023-05-25 21:12:30,8.25 GB/s,7.17 GB/s
2023-05-25 21:12:35,945 MB/s,832 MB/s
2023-05-25 21:12:40,8.23 GB/s,7.07 GB/s
2023-05-25 21:12:45,5.72 GB/s,4.90 GB/s
2023-05-25 21:12:50,10.5 GB/s,8.97 GB/s
2023-05-25 21:12:55,7.80 GB/s,6.65 GB/s
2023-05-25 21:13:00,7.63 GB/s,6.49 GB/s
2023-05-25 21:13:05,6.20 GB/s,5.44 GB/s
2023-05-25 21:13:10,8.30 GB/s,7.12 GB/s
2023-05-25 21:13:15,7.20 GB/s,6.28 GB/s

