"Time","latency-50-percentile","latency-95-percentile","latency-99-percentile"
2023-04-18 13:59:10,2.50 ms,4.75 ms,4.95 ms
2023-04-18 13:59:15,2.50 ms,4.75 ms,4.95 ms
2023-04-18 13:59:20,2.50 ms,4.75 ms,4.95 ms
2023-04-18 13:59:25,2.50 ms,4.75 ms,4.95 ms
2023-04-18 13:59:30,2.50 ms,4.75 ms,4.95 ms
2023-04-18 13:59:35,2.50 ms,4.75 ms,4.95 ms
2023-04-18 13:59:40,2.50 ms,4.75 ms,4.95 ms
2023-04-18 13:59:45,2.50 ms,4.75 ms,4.95 ms
2023-04-18 13:59:50,587 ms,2.28 s,2.46 s
2023-04-18 13:59:55,1.21 s,8.17 s,9.63 s
2023-04-18 14:00:00,960 ms,7.56 s,9.51 s
2023-04-18 14:00:05,951 ms,7.10 s,9.42 s
2023-04-18 14:00:10,853 ms,5.83 s,9.17 s
2023-04-18 14:00:15,841 ms,6.19 s,9.24 s
2023-04-18 14:00:20,807 ms,6.40 s,9.28 s
2023-04-18 14:00:25,767 ms,5.93 s,9.19 s
2023-04-18 14:00:30,756 ms,5.54 s,9.11 s
2023-04-18 14:00:35,755 ms,5.08 s,9.02 s
2023-04-18 14:00:40,706 ms,5.87 s,9.17 s
2023-04-18 14:00:45,636 ms,4.85 s,8.82 s
2023-04-18 14:00:50,583 ms,4.51 s,8.08 s
2023-04-18 14:00:55,500 ms,4.42 s,8.07 s
2023-04-18 14:01:00,473 ms,4.35 s,8.05 s
2023-04-18 14:01:05,431 ms,4.05 s,7.10 s
2023-04-18 14:01:10,427 ms,3.68 s,4.96 s
2023-04-18 14:01:15,438 ms,3.30 s,4.95 s
2023-04-18 14:01:20,441 ms,3.32 s,4.95 s
2023-04-18 14:01:25,434 ms,2.57 s,4.92 s
2023-04-18 14:01:30,399 ms,2.62 s,4.92 s
2023-04-18 14:01:35,420 ms,2.67 s,4.94 s
2023-04-18 14:01:40,424 ms,2.60 s,4.92 s
2023-04-18 14:01:45,419 ms,2.44 s,4.92 s
2023-04-18 14:01:50,446 ms,3.36 s,4.96 s
2023-04-18 14:01:55,493 ms,3.93 s,4.97 s
2023-04-18 14:02:00,625 ms,4.02 s,4.97 s
2023-04-18 14:02:05,538 ms,4.02 s,4.97 s
2023-04-18 14:02:10,538 ms,3.98 s,4.80 s
2023-04-18 14:02:15,510 ms,3.97 s,4.79 s
2023-04-18 14:02:20,583 ms,4.07 s,4.81 s
2023-04-18 14:02:25,673 ms,4.18 s,4.84 s
2023-04-18 14:02:30,696 ms,4.16 s,4.83 s
2023-04-18 14:02:35,679 ms,4.13 s,4.83 s
2023-04-18 14:02:40,667 ms,4.10 s,4.82 s
2023-04-18 14:02:45,625 ms,4.06 s,4.81 s
2023-04-18 14:02:50,554 ms,3.87 s,4.78 s
2023-04-18 14:02:55,495 ms,3.99 s,4.80 s
2023-04-18 14:03:00,571 ms,4.02 s,4.80 s
2023-04-18 14:03:05,571 ms,3.98 s,4.80 s
2023-04-18 14:03:10,625 ms,4.07 s,4.81 s
2023-04-18 14:03:15,553 ms,4.02 s,4.80 s
2023-04-18 14:03:20,495 ms,3.96 s,4.79 s
2023-04-18 14:03:25,445 ms,4.08 s,4.82 s
2023-04-18 14:03:30,477 ms,4.19 s,4.84 s
2023-04-18 14:03:35,515 ms,4.28 s,4.86 s
2023-04-18 14:03:40,484 ms,4.22 s,4.84 s
2023-04-18 14:03:45,467 ms,4.15 s,4.83 s
2023-04-18 14:03:50,458 ms,4.11 s,4.82 s
2023-04-18 14:03:55,489 ms,4.21 s,4.84 s
2023-04-18 14:04:00,467 ms,4.17 s,4.83 s
2023-04-18 14:04:05,435 ms,4.08 s,4.82 s
2023-04-18 14:04:10,430 ms,4 s,4.80 s
2023-04-18 14:04:15,443 ms,4 s,4.80 s
2023-04-18 14:04:20,482 ms,4.04 s,4.81 s
2023-04-18 14:04:25,462 ms,4.08 s,4.82 s
2023-04-18 14:04:30,458 ms,4 s,4.80 s
2023-04-18 14:04:35,442 ms,3.89 s,4.78 s
2023-04-18 14:04:40,433 ms,4.01 s,4.80 s
2023-04-18 14:04:45,435 ms,4 s,4.80 s
2023-04-18 14:04:50,406 ms,3.90 s,4.78 s
2023-04-18 14:04:55,401 ms,3.99 s,4.80 s
2023-04-18 14:05:00,406 ms,4.04 s,4.81 s
2023-04-18 14:05:05,443 ms,4.10 s,4.82 s
2023-04-18 14:05:10,435 ms,4.10 s,4.82 s
2023-04-18 14:05:15,437 ms,4.00 s,4.80 s
2023-04-18 14:05:20,453 ms,3.90 s,4.78 s
2023-04-18 14:05:25,435 ms,3.75 s,4.75 s
2023-04-18 14:05:30,451 ms,3.77 s,4.75 s
2023-04-18 14:05:35,447 ms,3.75 s,4.75 s
2023-04-18 14:05:40,435 ms,3.55 s,4.71 s
2023-04-18 14:05:45,409 ms,3.57 s,4.71 s
2023-04-18 14:05:50,400 ms,3.33 s,4.67 s
2023-04-18 14:05:55,401 ms,3.31 s,4.66 s
2023-04-18 14:06:00,375 ms,3.00 s,4.60 s
2023-04-18 14:06:05,380 ms,3.03 s,4.61 s
2023-04-18 14:06:10,384 ms,3.55 s,4.71 s
2023-04-18 14:06:15,338 ms,3.31 s,4.66 s
2023-04-18 14:06:20,344 ms,3.35 s,4.67 s
2023-04-18 14:06:25,353 ms,3.57 s,4.71 s
2023-04-18 14:06:30,352 ms,3.33 s,4.67 s
2023-04-18 14:06:35,365 ms,3.33 s,4.67 s
2023-04-18 14:06:40,365 ms,3.02 s,4.61 s
2023-04-18 14:06:45,380 ms,3.00 s,4.60 s
2023-04-18 14:06:50,375 ms,2.53 s,4.51 s
2023-04-18 14:06:55,389 ms,3.00 s,4.60 s
2023-04-18 14:07:00,361 ms,2.49 s,4.49 s
2023-04-18 14:07:05,337 ms,2.27 s,4.00 s
2023-04-18 14:07:10,355 ms,2.39 s,4.34 s
2023-04-18 14:07:15,339 ms,2.39 s,4.36 s
2023-04-18 14:07:20,333 ms,2.28 s,4.10 s
2023-04-18 14:07:25,337 ms,2.27 s,4.15 s
2023-04-18 14:07:30,307 ms,2.24 s,4.20 s
2023-04-18 14:07:35,310 ms,2.25 s,4.25 s
2023-04-18 14:07:40,287 ms,2.31 s,4.31 s
2023-04-18 14:07:45,260 ms,2.33 s,4.36 s
2023-04-18 14:07:50,223 ms,1.56 s,3.87 s
2023-04-18 14:07:55,230 ms,2.42 s,4.49 s
2023-04-18 14:08:00,231 ms,2.75 s,4.55 s
2023-04-18 14:08:05,218 ms,2.94 s,4.59 s
2023-04-18 14:08:10,235 ms,3.71 s,4.74 s
2023-04-18 14:08:15,212 ms,3.71 s,4.74 s
2023-04-18 14:08:20,212 ms,3.71 s,4.74 s
2023-04-18 14:08:25,212 ms,3.71 s,4.74 s
2023-04-18 14:08:30,235 ms,3.71 s,4.74 s
2023-04-18 14:08:35,235 ms,3.71 s,4.74 s
2023-04-18 14:08:40,212 ms,3.71 s,4.74 s
2023-04-18 14:08:45,194 ms,3.67 s,4.73 s
2023-04-18 14:08:50,196 ms,3.06 s,4.61 s
2023-04-18 14:08:55,194 ms,3.00 s,4.60 s
2023-04-18 14:09:00,212 ms,2.29 s,4.22 s
2023-04-18 14:09:05,212 ms,1.92 s,2.38 s
2023-04-18 14:09:10,220 ms,2.05 s,2.41 s
2023-04-18 14:09:15,212 ms,2.34 s,4.22 s
2023-04-18 14:09:20,212 ms,2.36 s,4.22 s
2023-04-18 14:09:25,212 ms,2.34 s,4.22 s
2023-04-18 14:09:30,196 ms,2.34 s,4.22 s
2023-04-18 14:09:35,212 ms,2.36 s,4.22 s
2023-04-18 14:09:40,235 ms,2.36 s,4.22 s
2023-04-18 14:09:45,235 ms,2.34 s,4.22 s
2023-04-18 14:09:50,235 ms,2.34 s,4.22 s
2023-04-18 14:09:55,235 ms,2.34 s,4.22 s
2023-04-18 14:10:00,205 ms,2.34 s,4.22 s
2023-04-18 14:10:05,220 ms,2.27 s,4.20 s
2023-04-18 14:10:10,190 ms,1.94 s,2.39 s
2023-04-18 14:10:15,231 ms,2.29 s,4.22 s
2023-04-18 14:10:20,231 ms,3.06 s,4.61 s
2023-04-18 14:10:25,250 ms,3.75 s,4.75 s
2023-04-18 14:10:30,250 ms,3.75 s,4.75 s
2023-04-18 14:10:35,225 ms,3.79 s,4.76 s
2023-04-18 14:10:40,200 ms,3.83 s,4.77 s
2023-04-18 14:10:45,212 ms,3.87 s,4.77 s
2023-04-18 14:10:50,138 ms,3.96 s,4.79 s
2023-04-18 14:10:55,212 ms,3.96 s,4.79 s
2023-04-18 14:11:00,150 ms,4.00 s,4.80 s
2023-04-18 14:11:05,150 ms,4.00 s,4.80 s
2023-04-18 14:11:10,5 ms,3.62 s,4.72 s
2023-04-18 14:11:15,4.55 ms,2.50 s,4.50 s
2023-04-18 14:11:20,4.55 ms,1 s,2.20 s
2023-04-18 14:11:25,4.55 ms,1 s,2.20 s
2023-04-18 14:11:30,4.55 ms,2.50 s,4.50 s
2023-04-18 14:11:35,4.55 ms,2.50 s,4.50 s
2023-04-18 14:11:40,4.32 ms,2.63 s,4.53 s
2023-04-18 14:11:45,4.55 ms,2.50 s,4.50 s
2023-04-18 14:11:50,4.55 ms,2.50 s,4.50 s
2023-04-18 14:11:55,4.55 ms,2.50 s,4.50 s
2023-04-18 14:12:00,4.32 ms,2.63 s,4.53 s
2023-04-18 14:12:05,4.55 ms,3.75 s,4.75 s
2023-04-18 14:12:10,4.55 ms,3.75 s,4.75 s
2023-04-18 14:12:15,4.55 ms,3.75 s,4.75 s
2023-04-18 14:12:20,4.55 ms,3.75 s,4.75 s
2023-04-18 14:12:25,4.55 ms,2.50 s,4.50 s
2023-04-18 14:12:30,4.32 ms,2.63 s,4.53 s
2023-04-18 14:12:35,4.55 ms,2.50 s,4.50 s
2023-04-18 14:12:40,4.55 ms,2.50 s,4.50 s
2023-04-18 14:12:45,4.55 ms,2.50 s,4.50 s
2023-04-18 14:12:50,4.55 ms,2.50 s,4.50 s
2023-04-18 14:12:55,4.77 ms,2.46 s,4.47 s
2023-04-18 14:13:00,4.32 ms,1.79 s,2.36 s
2023-04-18 14:13:05,4.55 ms,1.75 s,2.35 s
2023-04-18 14:13:10,4.55 ms,1.75 s,2.35 s
2023-04-18 14:13:15,4.32 ms,1.79 s,2.36 s
2023-04-18 14:13:20,4.32 ms,2.63 s,4.53 s
2023-04-18 14:13:25,4.55 ms,3.75 s,4.75 s
2023-04-18 14:13:30,62.5 ms,3.56 s,4.71 s
2023-04-18 14:13:35,150 ms,3.83 s,4.77 s
2023-04-18 14:13:40,250 ms,3.75 s,4.75 s
2023-04-18 14:13:45,339 ms,4.23 s,4.85 s
2023-04-18 14:13:50,389 ms,4.12 s,4.82 s
2023-04-18 14:13:55,347 ms,4.02 s,4.80 s
2023-04-18 14:14:00,422 ms,4.09 s,4.82 s
2023-04-18 14:14:05,469 ms,4.13 s,4.82 s
2023-04-18 14:14:10,472 ms,4.03 s,4.81 s
2023-04-18 14:14:15,455 ms,3.82 s,4.76 s
2023-04-18 14:14:20,452 ms,3.52 s,4.70 s
2023-04-18 14:14:25,425 ms,3.48 s,4.70 s
2023-04-18 14:14:30,452 ms,3.22 s,4.64 s
2023-04-18 14:14:35,500 ms,3.15 s,4.63 s
2023-04-18 14:14:40,442 ms,2.33 s,4.10 s
2023-04-18 14:14:45,420 ms,2.33 s,4.11 s
2023-04-18 14:14:50,456 ms,2.33 s,4.10 s
2023-04-18 14:14:55,408 ms,2.20 s,3.20 s
2023-04-18 14:15:00,368 ms,2.05 s,2.41 s
2023-04-18 14:15:05,356 ms,2.02 s,2.40 s
2023-04-18 14:15:10,357 ms,1.96 s,2.39 s
2023-04-18 14:15:15,322 ms,1.91 s,2.38 s
2023-04-18 14:15:20,326 ms,1.97 s,2.39 s
2023-04-18 14:15:25,303 ms,2.07 s,3.20 s
2023-04-18 14:15:30,274 ms,1.94 s,3.20 s
2023-04-18 14:15:35,287 ms,2.20 s,4.10 s
2023-04-18 14:15:40,287 ms,2.20 s,4.10 s
2023-04-18 14:15:45,276 ms,2.39 s,4.42 s
2023-04-18 14:15:50,285 ms,2.42 s,4.41 s
2023-04-18 14:15:55,306 ms,2.42 s,4.41 s
2023-04-18 14:16:00,318 ms,2.40 s,4.40 s
2023-04-18 14:16:05,298 ms,2.41 s,4.42 s
2023-04-18 14:16:10,330 ms,2.75 s,4.55 s
2023-04-18 14:16:15,342 ms,2.78 s,4.56 s
2023-04-18 14:16:20,370 ms,2.75 s,4.55 s
2023-04-18 14:16:25,375 ms,2.78 s,4.56 s
2023-04-18 14:16:30,361 ms,2.43 s,4.42 s
2023-04-18 14:16:35,364 ms,3.22 s,4.64 s
2023-04-18 14:16:40,370 ms,3.20 s,4.64 s
2023-04-18 14:16:45,365 ms,3.17 s,4.63 s
2023-04-18 14:16:50,365 ms,3.22 s,4.64 s
2023-04-18 14:16:55,359 ms,3.22 s,4.64 s
2023-04-18 14:17:00,375 ms,3.50 s,4.70 s
2023-04-18 14:17:05,394 ms,3.22 s,4.64 s
2023-04-18 14:17:10,409 ms,3.50 s,4.70 s
2023-04-18 14:17:15,386 ms,3.54 s,4.71 s
2023-04-18 14:17:20,413 ms,3.71 s,4.74 s
2023-04-18 14:17:25,422 ms,3.71 s,4.74 s
2023-04-18 14:17:30,411 ms,3.40 s,4.68 s
2023-04-18 14:17:35,444 ms,3.73 s,4.75 s
2023-04-18 14:17:40,675 ms,4.36 s,5.65 s
2023-04-18 14:17:45,942 ms,4.46 s,7.48 s
2023-04-18 14:17:50,1.15 s,4.47 s,7.40 s
2023-04-18 14:17:55,1.36 s,4.76 s,8.60 s
2023-04-18 14:18:00,1.56 s,5.68 s,9.14 s
2023-04-18 14:18:05,1.63 s,5.84 s,9.17 s
2023-04-18 14:18:10,1.64 s,5.72 s,9.14 s
2023-04-18 14:18:15,1.73 s,6.88 s,9.78 s
2023-04-18 14:18:20,1.81 s,7.27 s,9.79 s
2023-04-18 14:18:25,2.03 s,7.80 s,9.83 s
2023-04-18 14:18:30,2.18 s,8.53 s,10 s
2023-04-18 14:18:35,2.26 s,8.93 s,10 s
2023-04-18 14:18:40,2.78 s,9.54 s,10 s
2023-04-18 14:18:45,2.72 s,9.44 s,10 s
2023-04-18 14:18:50,2.62 s,9.40 s,10 s
2023-04-18 14:18:55,2.43 s,9.37 s,10 s
2023-04-18 14:19:00,2.65 s,9.49 s,10 s
2023-04-18 14:19:05,2.94 s,9.51 s,10 s
2023-04-18 14:19:10,3.17 s,9.32 s,10 s
2023-04-18 14:19:15,3.24 s,9.29 s,10 s
2023-04-18 14:19:20,3.20 s,9.87 s,10 s
2023-04-18 14:19:25,3.05 s,9.46 s,10 s
2023-04-18 14:19:30,3.06 s,9.23 s,10 s
2023-04-18 14:19:35,2.87 s,8.79 s,10 s
2023-04-18 14:19:40,3.13 s,9.33 s,10 s
2023-04-18 14:19:45,3.16 s,9.35 s,10 s
2023-04-18 14:19:50,3.11 s,9.30 s,10 s
2023-04-18 14:19:55,2.94 s,9.21 s,10 s
2023-04-18 14:20:00,2.70 s,9.13 s,10 s
2023-04-18 14:20:05,2.42 s,9.07 s,10 s
2023-04-18 14:20:10,2.45 s,9.07 s,10 s
2023-04-18 14:20:15,2.26 s,8.37 s,10 s
2023-04-18 14:20:20,2.08 s,8.25 s,10 s
2023-04-18 14:20:25,1.80 s,7.88 s,10 s
2023-04-18 14:20:30,1.56 s,7.55 s,10 s
2023-04-18 14:20:35,1.18 s,5.66 s,9.13 s
2023-04-18 14:20:40,922 ms,4.85 s,8.69 s
2023-04-18 14:20:45,875 ms,4.87 s,8.75 s
2023-04-18 14:20:50,844 ms,4.89 s,8.81 s
2023-04-18 14:20:55,800 ms,4.87 s,8.78 s
2023-04-18 14:21:00,648 ms,4.74 s,8.53 s
2023-04-18 14:21:05,525 ms,3.58 s,4.97 s
2023-04-18 14:21:10,578 ms,3.57 s,4.72 s
2023-04-18 14:21:15,578 ms,3.61 s,4.97 s
2023-04-18 14:21:20,600 ms,3.75 s,4.97 s
2023-04-18 14:21:25,676 ms,4.19 s,4.98 s
2023-04-18 14:21:30,690 ms,4.24 s,4.98 s
2023-04-18 14:21:35,660 ms,4.23 s,4.98 s
2023-04-18 14:21:40,714 ms,4.23 s,4.98 s
2023-04-18 14:21:45,766 ms,4.32 s,4.98 s
2023-04-18 14:21:50,717 ms,4.32 s,4.98 s
2023-04-18 14:21:55,690 ms,4.32 s,4.98 s
2023-04-18 14:22:00,722 ms,4.36 s,4.98 s
2023-04-18 14:22:05,620 ms,4.28 s,4.98 s
2023-04-18 14:22:10,587 ms,4.22 s,4.84 s
2023-04-18 14:22:15,538 ms,4.19 s,4.84 s
2023-04-18 14:22:20,458 ms,3.90 s,4.78 s
2023-04-18 14:22:25,444 ms,3.72 s,4.74 s
2023-04-18 14:22:30,441 ms,3.73 s,4.75 s
2023-04-18 14:22:35,403 ms,3.73 s,4.75 s
2023-04-18 14:22:40,381 ms,3.47 s,4.69 s
2023-04-18 14:22:45,412 ms,3.60 s,4.72 s
2023-04-18 14:22:50,430 ms,3.74 s,4.75 s
2023-04-18 14:22:55,434 ms,3.47 s,4.69 s
2023-04-18 14:23:00,450 ms,3.73 s,4.75 s
2023-04-18 14:23:05,461 ms,3.59 s,4.72 s
2023-04-18 14:23:10,450 ms,3.28 s,4.66 s
2023-04-18 14:23:15,474 ms,3.46 s,4.69 s
2023-04-18 14:23:20,485 ms,3.60 s,4.72 s
2023-04-18 14:23:25,489 ms,3.78 s,4.76 s
2023-04-18 14:23:30,489 ms,3.76 s,4.75 s
2023-04-18 14:23:35,552 ms,3.92 s,4.78 s
2023-04-18 14:23:40,509 ms,4.04 s,4.81 s
2023-04-18 14:23:45,480 ms,3.96 s,4.79 s
2023-04-18 14:23:50,493 ms,3.98 s,4.80 s
2023-04-18 14:23:55,497 ms,3.92 s,4.78 s
2023-04-18 14:24:00,480 ms,3.83 s,4.77 s
2023-04-18 14:24:05,490 ms,3.88 s,4.78 s
2023-04-18 14:24:10,507 ms,3.87 s,4.77 s
2023-04-18 14:24:15,532 ms,3.83 s,4.77 s
2023-04-18 14:24:20,621 ms,4.21 s,6.77 s
2023-04-18 14:24:25,758 ms,4.62 s,8.40 s
2023-04-18 14:24:30,910 ms,5.72 s,9.14 s
2023-04-18 14:24:35,885 ms,5.81 s,9.16 s
2023-04-18 14:24:40,888 ms,5.72 s,9.14 s
2023-04-18 14:24:45,810 ms,5.84 s,9.17 s
2023-04-18 14:24:50,865 ms,5.81 s,9.16 s
2023-04-18 14:24:55,845 ms,5.75 s,9.15 s
2023-04-18 14:25:00,870 ms,5.87 s,9.17 s
2023-04-18 14:25:05,926 ms,6.70 s,9.34 s
2023-04-18 14:25:10,981 ms,7.35 s,9.47 s
2023-04-18 14:25:15,1.02 s,7.45 s,9.49 s
2023-04-18 14:25:20,894 ms,7.04 s,9.41 s
2023-04-18 14:25:25,764 ms,5.78 s,9.16 s
2023-04-18 14:25:30,818 ms,5.81 s,9.16 s
2023-04-18 14:25:35,848 ms,5.81 s,9.16 s
2023-04-18 14:25:40,896 ms,5.72 s,9.14 s
2023-04-18 14:25:45,871 ms,5.75 s,9.15 s
2023-04-18 14:25:50,893 ms,5.78 s,9.16 s
2023-04-18 14:25:55,850 ms,5.66 s,9.13 s
2023-04-18 14:26:00,794 ms,4.91 s,8.85 s
2023-04-18 14:26:05,720 ms,4.42 s,7.53 s
2023-04-18 14:26:10,685 ms,4.02 s,4.80 s
2023-04-18 14:26:15,771 ms,4.45 s,4.96 s
2023-04-18 14:26:20,912 ms,4.78 s,8.10 s
2023-04-18 14:26:25,1.12 s,4.90 s,9.42 s
2023-04-18 14:26:30,1.78 s,4.99 s,9.54 s
2023-04-18 14:26:35,2.58 s,6.11 s,10 s
2023-04-18 14:26:40,2.88 s,7.36 s,10 s
2023-04-18 14:26:45,3.17 s,8.42 s,10 s
2023-04-18 14:26:50,3.28 s,9.27 s,10 s
2023-04-18 14:26:55,3.47 s,9.35 s,10 s
2023-04-18 14:27:00,3.68 s,9.70 s,10 s
2023-04-18 14:27:05,3.72 s,9.97 s,10 s
2023-04-18 14:27:10,3.72 s,9.95 s,10 s
2023-04-18 14:27:15,3.74 s,10 s,10 s
2023-04-18 14:27:20,3.73 s,10 s,10 s
2023-04-18 14:27:25,3.60 s,10 s,10 s
2023-04-18 14:27:30,3.56 s,10 s,10 s
2023-04-18 14:27:35,3.55 s,10 s,10 s
2023-04-18 14:27:40,3.53 s,10 s,10 s
2023-04-18 14:27:45,3.50 s,9.38 s,10 s
2023-04-18 14:27:50,3.48 s,10 s,10 s
2023-04-18 14:27:55,3.44 s,10 s,10 s
2023-04-18 14:28:00,3.41 s,9.96 s,10 s
2023-04-18 14:28:05,3.33 s,10 s,10 s
2023-04-18 14:28:10,3.10 s,9.67 s,10 s
2023-04-18 14:28:15,2.87 s,8.47 s,10 s
2023-04-18 14:28:20,2.99 s,8.86 s,10 s
2023-04-18 14:28:25,2.81 s,9.06 s,10 s
2023-04-18 14:28:30,2.18 s,9.29 s,10 s
2023-04-18 14:28:35,1.35 s,8.00 s,10 s
2023-04-18 14:28:40,719 ms,8.45 s,10 s
2023-04-18 14:28:45,417 ms,4.17 s,8.50 s
2023-04-18 14:28:50,366 ms,2.39 s,4.26 s
2023-04-18 14:28:55,366 ms,2.41 s,4.29 s
2023-04-18 14:29:00,365 ms,2.40 s,4.25 s
2023-04-18 14:29:05,350 ms,2.27 s,3.50 s
2023-04-18 14:29:10,304 ms,2.26 s,3.55 s
2023-04-18 14:29:15,288 ms,2.40 s,4.27 s
2023-04-18 14:29:20,288 ms,2.39 s,4.27 s
2023-04-18 14:29:25,337 ms,2.62 s,4.52 s
2023-04-18 14:29:30,339 ms,2.40 s,4.27 s
2023-04-18 14:29:35,384 ms,2.54 s,4.51 s
2023-04-18 14:29:40,384 ms,2.62 s,4.52 s
2023-04-18 14:29:45,398 ms,2.62 s,4.53 s
2023-04-18 14:29:50,409 ms,2.50 s,4.50 s
2023-04-18 14:29:55,365 ms,2.54 s,4.51 s
2023-04-18 14:30:00,386 ms,3.19 s,4.64 s
2023-04-18 14:30:05,417 ms,3.19 s,4.64 s
2023-04-18 14:30:10,393 ms,2.58 s,4.52 s
2023-04-18 14:30:15,411 ms,2.50 s,4.50 s
2023-04-18 14:30:20,383 ms,2.35 s,4.25 s
2023-04-18 14:30:25,366 ms,2.34 s,4.26 s
2023-04-18 14:30:30,358 ms,2.63 s,4.53 s
2023-04-18 14:30:35,375 ms,2.58 s,4.52 s
2023-04-18 14:30:40,406 ms,3.50 s,4.70 s
2023-04-18 14:30:45,398 ms,3.57 s,4.72 s
2023-04-18 14:30:50,433 ms,3.55 s,4.71 s
2023-04-18 14:30:55,398 ms,3.16 s,4.63 s
2023-04-18 14:31:00,392 ms,3.16 s,4.63 s
2023-04-18 14:31:05,375 ms,3.16 s,4.63 s
2023-04-18 14:31:10,367 ms,3.19 s,4.64 s
2023-04-18 14:31:15,346 ms,3.19 s,4.64 s
2023-04-18 14:31:20,342 ms,3.16 s,4.63 s
2023-04-18 14:31:25,339 ms,2.58 s,4.52 s
2023-04-18 14:31:30,420 ms,3.32 s,4.66 s
2023-04-18 14:31:35,490 ms,4.47 s,6.45 s
2023-04-18 14:31:40,1.06 s,6.45 s,10 s
2023-04-18 14:31:45,2.31 s,7.37 s,10 s
2023-04-18 14:31:50,2.97 s,8.19 s,10 s
2023-04-18 14:31:55,3.18 s,8.44 s,10 s
2023-04-18 14:32:00,3.37 s,9.30 s,10 s
2023-04-18 14:32:05,3.50 s,9.91 s,10 s
2023-04-18 14:32:10,3.58 s,9.63 s,10 s
2023-04-18 14:32:15,3.62 s,9.44 s,10 s
2023-04-18 14:32:20,3.68 s,9.59 s,10 s
2023-04-18 14:32:25,3.80 s,9.80 s,10 s
2023-04-18 14:32:30,3.77 s,9.71 s,10 s
2023-04-18 14:32:35,3.77 s,10 s,10 s
2023-04-18 14:32:40,3.77 s,10 s,10 s
2023-04-18 14:32:45,3.76 s,9.72 s,10 s
2023-04-18 14:32:50,3.77 s,10 s,10 s
2023-04-18 14:32:55,3.77 s,9.55 s,10 s
2023-04-18 14:33:00,3.77 s,9.51 s,10 s
2023-04-18 14:33:05,3.75 s,9.57 s,10 s
2023-04-18 14:33:10,3.78 s,9.55 s,10 s
2023-04-18 14:33:15,3.77 s,9.75 s,10 s
2023-04-18 14:33:20,3.74 s,10 s,10 s
2023-04-18 14:33:25,3.77 s,10 s,10 s
2023-04-18 14:33:30,3.75 s,9.76 s,10 s
2023-04-18 14:33:35,3.77 s,9.74 s,10 s
2023-04-18 14:33:40,3.74 s,9.74 s,10 s
2023-04-18 14:33:45,3.72 s,9.67 s,10 s
2023-04-18 14:33:50,3.69 s,9.71 s,10 s
2023-04-18 14:33:55,3.70 s,9.46 s,10 s
2023-04-18 14:34:00,3.72 s,9.79 s,10 s
2023-04-18 14:34:05,3.62 s,9.93 s,10 s
2023-04-18 14:34:10,3.46 s,9.39 s,10 s
2023-04-18 14:34:15,3.34 s,8.83 s,10 s
2023-04-18 14:34:20,3.15 s,8.57 s,10 s
2023-04-18 14:34:25,2.93 s,8.22 s,10 s
2023-04-18 14:34:30,2.63 s,7.59 s,10 s
2023-04-18 14:34:35,2.01 s,7.21 s,10 s
2023-04-18 14:34:40,1.21 s,5.79 s,10 s
2023-04-18 14:34:45,837 ms,5.96 s,10 s
2023-04-18 14:34:50,537 ms,4.40 s,8.90 s
2023-04-18 14:34:55,487 ms,3.85 s,4.77 s
2023-04-18 14:35:00,532 ms,3.91 s,4.78 s
2023-04-18 14:35:05,483 ms,3.92 s,4.78 s
2023-04-18 14:35:10,486 ms,3.98 s,4.80 s
2023-04-18 14:35:15,492 ms,4.14 s,4.97 s
2023-04-18 14:35:20,606 ms,4.40 s,6.95 s
2023-04-18 14:35:25,517 ms,4.32 s,6.95 s
2023-04-18 14:35:30,534 ms,4.29 s,7.00 s
2023-04-18 14:35:35,543 ms,4.28 s,6.98 s
2023-04-18 14:35:40,536 ms,4.32 s,6.95 s
2023-04-18 14:35:45,617 ms,4.38 s,7 s
2023-04-18 14:35:50,617 ms,4.35 s,6.93 s
2023-04-18 14:35:55,577 ms,4.36 s,7.20 s
2023-04-18 14:36:00,615 ms,4.42 s,7.38 s
2023-04-18 14:36:05,625 ms,4.45 s,7.58 s
2023-04-18 14:36:10,595 ms,4.25 s,5.40 s
2023-04-18 14:36:15,461 ms,3.89 s,4.78 s
2023-04-18 14:36:20,461 ms,3.73 s,4.75 s
2023-04-18 14:36:25,423 ms,3.67 s,4.73 s
2023-04-18 14:36:30,354 ms,3.31 s,4.66 s
2023-04-18 14:36:35,319 ms,3.21 s,4.64 s
2023-04-18 14:36:40,241 ms,2.69 s,4.54 s
2023-04-18 14:36:45,194 ms,1.97 s,4.32 s
2023-04-18 14:36:50,212 ms,1.90 s,4.30 s
2023-04-18 14:36:55,262 ms,2.24 s,4.32 s
2023-04-18 14:37:00,212 ms,2.24 s,4.32 s
2023-04-18 14:37:05,212 ms,1.82 s,2.36 s
2023-04-18 14:37:10,213 ms,1.99 s,2.40 s
2023-04-18 14:37:15,212 ms,2.09 s,2.42 s
2023-04-18 14:37:20,212 ms,2.09 s,2.42 s
2023-04-18 14:37:25,212 ms,2.21 s,2.44 s
2023-04-18 14:37:30,200 ms,2.20 s,2.44 s
2023-04-18 14:37:35,156 ms,2.21 s,2.44 s
2023-04-18 14:37:40,160 ms,2.20 s,2.44 s
2023-04-18 14:37:45,137 ms,2.16 s,2.43 s
2023-04-18 14:37:50,137 ms,2.16 s,2.43 s
2023-04-18 14:37:55,164 ms,2.15 s,2.43 s
2023-04-18 14:38:00,154 ms,2.09 s,2.42 s
2023-04-18 14:38:05,154 ms,1.99 s,2.40 s
2023-04-18 14:38:10,143 ms,2.01 s,2.40 s
2023-04-18 14:38:15,150 ms,2.11 s,2.42 s
2023-04-18 14:38:20,137 ms,2.03 s,2.41 s
2023-04-18 14:38:25,130 ms,2.05 s,2.41 s
2023-04-18 14:38:30,137 ms,2.05 s,2.41 s
2023-04-18 14:38:35,119 ms,2.07 s,2.41 s
2023-04-18 14:38:40,125 ms,2.07 s,2.41 s
2023-04-18 14:38:45,125 ms,1.92 s,2.39 s
2023-04-18 14:38:50,5.00 ms,1.95 s,2.39 s
2023-04-18 14:38:55,5 ms,1.95 s,2.39 s
2023-04-18 14:39:00,5.00 ms,1.95 s,2.39 s
2023-04-18 14:39:05,5.00 ms,1.67 s,2.34 s
2023-04-18 14:39:10,5 ms,983 ms,2.17 s
2023-04-18 14:39:15,5 ms,817 ms,963 ms
2023-04-18 14:39:20,5 ms,817 ms,963 ms
2023-04-18 14:39:25,5 ms,817 ms,963 ms
2023-04-18 14:39:30,5 ms,862 ms,972 ms
2023-04-18 14:39:35,5 ms,817 ms,963 ms
2023-04-18 14:39:40,5 ms,817 ms,963 ms
2023-04-18 14:39:45,5 ms,817 ms,963 ms
2023-04-18 14:39:50,4.77 ms,738 ms,948 ms
2023-04-18 14:39:55,4.77 ms,987 ms,4.47 s
2023-04-18 14:40:00,4.77 ms,3.69 s,4.74 s
2023-04-18 14:40:05,4.77 ms,3.69 s,4.74 s
2023-04-18 14:40:10,4.77 ms,4.13 s,4.82 s
2023-04-18 14:40:15,4.77 ms,4.13 s,4.82 s
2023-04-18 14:40:20,4.77 ms,4.34 s,4.87 s
2023-04-18 14:40:25,4.77 ms,4.34 s,4.87 s
2023-04-18 14:40:30,4.77 ms,4.34 s,4.87 s
2023-04-18 14:40:35,5.00 ms,4.45 s,4.89 s
2023-04-18 14:40:40,175 ms,4.42 s,4.89 s
2023-04-18 14:40:45,275 ms,4.37 s,4.87 s
2023-04-18 14:40:50,292 ms,4.19 s,4.84 s
2023-04-18 14:40:55,250 ms,3.83 s,4.77 s
2023-04-18 14:41:00,268 ms,4.09 s,4.82 s
2023-04-18 14:41:05,250 ms,3.75 s,4.75 s
2023-04-18 14:41:10,250 ms,3.67 s,4.73 s
2023-04-18 14:41:15,238 ms,2.94 s,4.59 s
2023-04-18 14:41:20,229 ms,2.88 s,4.58 s
2023-04-18 14:41:25,231 ms,2.75 s,4.55 s
2023-04-18 14:41:30,250 ms,2.20 s,4.10 s
2023-04-18 14:41:35,231 ms,2.20 s,4.10 s
2023-04-18 14:41:40,225 ms,2.07 s,4.07 s
2023-04-18 14:41:45,225 ms,1.86 s,4.08 s
2023-04-18 14:41:50,250 ms,1.90 s,4.10 s
2023-04-18 14:41:55,250 ms,1.15 s,2.23 s
2023-04-18 14:42:00,231 ms,1.15 s,2.23 s
2023-04-18 14:42:05,239 ms,1.19 s,2.24 s
2023-04-18 14:42:10,250 ms,1.60 s,2.32 s
2023-04-18 14:42:15,231 ms,1.60 s,2.32 s
2023-04-18 14:42:20,231 ms,1.60 s,2.32 s
2023-04-18 14:42:25,217 ms,1.15 s,2.23 s
2023-04-18 14:42:30,231 ms,1.60 s,2.32 s
2023-04-18 14:42:35,231 ms,1.60 s,2.32 s
2023-04-18 14:42:40,231 ms,1.83 s,2.37 s
2023-04-18 14:42:45,217 ms,1.83 s,2.37 s
2023-04-18 14:42:50,212 ms,1.94 s,2.39 s
2023-04-18 14:42:55,241 ms,1.94 s,2.39 s
2023-04-18 14:43:00,225 ms,1.81 s,2.36 s
2023-04-18 14:43:05,217 ms,1.60 s,2.32 s
2023-04-18 14:43:10,250 ms,1.83 s,2.37 s
2023-04-18 14:43:15,250 ms,1.96 s,2.39 s
2023-04-18 14:43:20,239 ms,1.97 s,2.40 s
2023-04-18 14:43:25,241 ms,2.18 s,4.07 s
2023-04-18 14:43:30,250 ms,2.26 s,4.10 s
2023-04-18 14:43:35,231 ms,2.20 s,4.10 s
2023-04-18 14:43:40,241 ms,2.18 s,4.07 s
2023-04-18 14:43:45,250 ms,2.10 s,4.10 s
2023-04-18 14:43:50,231 ms,2.10 s,4.10 s
2023-04-18 14:43:55,250 ms,2.26 s,4.10 s
2023-04-18 14:44:00,261 ms,2.24 s,4.07 s
2023-04-18 14:44:05,241 ms,2.69 s,4.54 s
2023-04-18 14:44:10,250 ms,2.75 s,4.55 s
2023-04-18 14:44:15,292 ms,2.63 s,4.53 s
2023-04-18 14:44:20,261 ms,2.12 s,4.12 s
2023-04-18 14:44:25,273 ms,2.10 s,4.10 s
2023-04-18 14:44:30,284 ms,2.12 s,4.13 s
2023-04-18 14:44:35,318 ms,2.75 s,4.55 s
2023-04-18 14:44:40,295 ms,2.75 s,4.55 s
2023-04-18 14:44:45,313 ms,2.75 s,4.55 s
2023-04-18 14:44:50,279 ms,2.69 s,4.54 s
2023-04-18 14:44:55,273 ms,2.75 s,4.55 s
2023-04-18 14:45:00,250 ms,1.90 s,4.10 s
2023-04-18 14:45:05,233 ms,1.83 s,4.05 s
2023-04-18 14:45:10,250 ms,2.50 s,4.50 s
2023-04-18 14:45:15,462 ms,4.87 s,8.63 s
2023-04-18 14:45:20,1000 ms,6.00 s,10 s
2023-04-18 14:45:25,2.50 s,7.10 s,10 s
2023-04-18 14:45:30,2.91 s,8 s,10 s
2023-04-18 14:45:35,3.20 s,9.77 s,10 s
2023-04-18 14:45:40,3.32 s,9.59 s,10 s
2023-04-18 14:45:45,3.51 s,10 s,10 s
2023-04-18 14:45:50,3.59 s,10 s,10 s
2023-04-18 14:45:55,3.53 s,10 s,10 s
2023-04-18 14:46:00,3.52 s,10 s,10 s
2023-04-18 14:46:05,3.59 s,10 s,10 s
2023-04-18 14:46:10,3.59 s,10 s,10 s
2023-04-18 14:46:15,3.59 s,10 s,10 s
2023-04-18 14:46:20,3.51 s,10 s,10 s
2023-04-18 14:46:25,3.51 s,10 s,10 s
2023-04-18 14:46:30,3.45 s,9.35 s,10 s
2023-04-18 14:46:35,3.50 s,9.85 s,10 s
2023-04-18 14:46:40,3.46 s,9.27 s,10 s
2023-04-18 14:46:45,3.38 s,8.94 s,10 s
2023-04-18 14:46:50,3.44 s,8.97 s,10 s
2023-04-18 14:46:55,3.46 s,9.06 s,10 s
2023-04-18 14:47:00,3.38 s,9.07 s,10 s
2023-04-18 14:47:05,3.24 s,9.21 s,10 s
2023-04-18 14:47:10,3.04 s,8.65 s,10 s
2023-04-18 14:47:15,3.10 s,8.72 s,10 s
2023-04-18 14:47:20,2.76 s,8.61 s,10 s
2023-04-18 14:47:25,1.37 s,9.00 s,10 s
2023-04-18 14:47:30,413 ms,7.35 s,9.47 s
2023-04-18 14:47:35,312 ms,3.62 s,4.72 s
2023-04-18 14:47:40,302 ms,3.87 s,4.78 s
2023-04-18 14:47:45,281 ms,3.59 s,4.72 s
2023-04-18 14:47:50,244 ms,3.13 s,4.63 s
2023-04-18 14:47:55,250 ms,3.17 s,4.63 s
2023-04-18 14:48:00,244 ms,3.12 s,4.63 s
2023-04-18 14:48:05,244 ms,3.13 s,4.63 s
2023-04-18 14:48:10,244 ms,2.31 s,4.44 s
2023-04-18 14:48:15,250 ms,2.35 s,4.45 s
2023-04-18 14:48:20,258 ms,2.38 s,4.44 s
2023-04-18 14:48:25,243 ms,2.38 s,4.44 s
2023-04-18 14:48:30,243 ms,2.38 s,4.44 s
2023-04-18 14:48:35,260 ms,2.12 s,3.87 s
2023-04-18 14:48:40,259 ms,2.03 s,3.88 s
2023-04-18 14:48:45,259 ms,2.07 s,3.92 s
2023-04-18 14:48:50,260 ms,2.03 s,3.88 s
2023-04-18 14:48:55,271 ms,2.05 s,3.90 s
2023-04-18 14:49:00,223 ms,2.05 s,3.90 s
2023-04-18 14:49:05,227 ms,2.45 s,4.46 s
2023-04-18 14:49:10,242 ms,3.59 s,4.72 s
2023-04-18 14:49:15,275 ms,3.66 s,4.73 s
2023-04-18 14:49:20,344 ms,3.66 s,4.73 s
2023-04-18 14:49:25,325 ms,3.59 s,4.72 s
2023-04-18 14:49:30,300 ms,3.90 s,4.78 s
2023-04-18 14:49:35,292 ms,3.87 s,4.78 s
2023-04-18 14:49:40,344 ms,3.87 s,4.78 s
2023-04-18 14:49:45,344 ms,3.87 s,4.78 s
2023-04-18 14:49:50,312 ms,3.90 s,4.78 s
2023-04-18 14:49:55,425 ms,3.87 s,4.78 s
2023-04-18 14:50:00,393 ms,3.56 s,4.71 s
2023-04-18 14:50:05,297 ms,2.47 s,4.44 s
2023-04-18 14:50:10,306 ms,3.08 s,4.62 s
2023-04-18 14:50:15,318 ms,3.56 s,4.71 s
2023-04-18 14:50:20,264 ms,3.59 s,4.72 s
2023-04-18 14:50:25,250 ms,3.17 s,4.63 s
2023-04-18 14:50:30,284 ms,3.87 s,4.78 s
2023-04-18 14:50:35,375 ms,3.65 s,4.73 s
2023-04-18 14:50:40,458 ms,4.37 s,4.87 s
2023-04-18 14:50:45,917 ms,4.83 s,8.07 s
2023-04-18 14:50:50,2.62 s,5.50 s,10 s
2023-04-18 14:50:55,2.98 s,6.42 s,9.95 s
2023-04-18 14:51:00,3.21 s,7.25 s,9.89 s
2023-04-18 14:51:05,3.33 s,7.48 s,9.86 s
2023-04-18 14:51:10,3.44 s,7.94 s,10 s
2023-04-18 14:51:15,3.54 s,7.88 s,10 s
2023-04-18 14:51:20,3.61 s,9.02 s,10 s
2023-04-18 14:51:25,3.64 s,8.96 s,10 s
2023-04-18 14:51:30,3.76 s,9.49 s,10 s
2023-04-18 14:51:35,3.77 s,9.42 s,10 s
2023-04-18 14:51:40,3.78 s,9.46 s,10 s
2023-04-18 14:51:45,3.76 s,9.48 s,10 s
2023-04-18 14:51:50,3.77 s,9.55 s,10 s
2023-04-18 14:51:55,3.77 s,9.97 s,10 s
2023-04-18 14:52:00,3.79 s,10 s,10 s
2023-04-18 14:52:05,3.76 s,10 s,10 s
2023-04-18 14:52:10,3.77 s,10 s,10 s
2023-04-18 14:52:15,3.76 s,10 s,10 s
2023-04-18 14:52:20,3.77 s,10 s,10 s
2023-04-18 14:52:25,3.75 s,10 s,10 s
2023-04-18 14:52:30,3.77 s,10 s,10 s
2023-04-18 14:52:35,3.78 s,10 s,10 s
2023-04-18 14:52:40,3.78 s,10 s,10 s
2023-04-18 14:52:45,3.75 s,10 s,10 s
2023-04-18 14:52:50,3.71 s,10 s,10 s
2023-04-18 14:52:55,3.65 s,9.23 s,10 s
2023-04-18 14:53:00,3.58 s,9.02 s,10 s
2023-04-18 14:53:05,3.48 s,8.93 s,10 s
2023-04-18 14:53:10,3.34 s,8.57 s,10 s
2023-04-18 14:53:15,3.20 s,7.58 s,10 s
2023-04-18 14:53:20,2.99 s,7.37 s,10 s
2023-04-18 14:53:25,2.62 s,6.04 s,10 s
2023-04-18 14:53:30,1.90 s,4.99 s,10 s
2023-04-18 14:53:35,1.08 s,4.95 s,10 s
2023-04-18 14:53:40,878 ms,4.75 s,7.87 s
2023-04-18 14:53:45,787 ms,4.66 s,7.97 s
2023-04-18 14:53:50,720 ms,4.24 s,4.85 s
2023-04-18 14:53:55,700 ms,4.29 s,4.86 s
2023-04-18 14:54:00,676 ms,4.18 s,4.84 s
2023-04-18 14:54:05,618 ms,4.17 s,4.83 s
2023-04-18 14:54:10,618 ms,4.11 s,4.82 s
2023-04-18 14:54:15,621 ms,4.09 s,4.82 s
2023-04-18 14:54:20,621 ms,4.09 s,4.82 s
2023-04-18 14:54:25,600 ms,4.00 s,4.80 s
2023-04-18 14:54:30,562 ms,3.91 s,4.78 s
2023-04-18 14:54:35,493 ms,3.77 s,4.75 s
2023-04-18 14:54:40,490 ms,3.86 s,4.77 s
2023-04-18 14:54:45,470 ms,3.83 s,4.77 s
2023-04-18 14:54:50,468 ms,3.75 s,4.75 s
2023-04-18 14:54:55,453 ms,3.68 s,4.74 s
2023-04-18 14:55:00,485 ms,3.96 s,4.79 s
2023-04-18 14:55:05,519 ms,4.03 s,4.81 s
2023-04-18 14:55:10,565 ms,4.24 s,4.97 s
2023-04-18 14:55:15,680 ms,4.40 s,4.98 s
2023-04-18 14:55:20,690 ms,4.45 s,4.98 s
2023-04-18 14:55:25,733 ms,4.47 s,4.98 s
2023-04-18 14:55:30,836 ms,4.52 s,4.98 s
2023-04-18 14:55:35,808 ms,4.50 s,4.98 s
2023-04-18 14:55:40,863 ms,4.49 s,4.98 s
2023-04-18 14:55:45,879 ms,4.49 s,4.98 s
2023-04-18 14:55:50,897 ms,4.47 s,4.98 s
2023-04-18 14:55:55,784 ms,4.34 s,4.97 s
2023-04-18 14:56:00,709 ms,4.27 s,4.97 s
2023-04-18 14:56:05,696 ms,4.20 s,4.84 s
2023-04-18 14:56:10,622 ms,3.98 s,4.80 s
2023-04-18 14:56:15,618 ms,3.93 s,4.79 s
2023-04-18 14:56:20,558 ms,3.86 s,4.77 s
2023-04-18 14:56:25,508 ms,3.51 s,4.70 s
2023-04-18 14:56:30,544 ms,3.16 s,4.63 s
2023-04-18 14:56:35,507 ms,3.35 s,4.67 s
2023-04-18 14:56:40,480 ms,3.36 s,4.67 s
2023-04-18 14:56:45,479 ms,3.66 s,4.73 s
2023-04-18 14:56:50,500 ms,3.64 s,4.73 s
2023-04-18 14:56:55,538 ms,3.54 s,4.71 s
2023-04-18 14:57:00,559 ms,3.52 s,4.71 s
2023-04-18 14:57:05,523 ms,3.51 s,4.70 s
2023-04-18 14:57:10,492 ms,3.22 s,4.64 s
2023-04-18 14:57:15,568 ms,3.36 s,4.67 s
2023-04-18 14:57:20,618 ms,3.66 s,4.73 s
2023-04-18 14:57:25,664 ms,4.05 s,4.96 s
2023-04-18 14:57:30,750 ms,4.43 s,7.05 s
2023-04-18 14:57:35,958 ms,6.06 s,9.21 s
2023-04-18 14:57:40,1.20 s,6.22 s,9.24 s
2023-04-18 14:57:45,1.18 s,6.25 s,9.25 s
2023-04-18 14:57:50,1.08 s,6 s,9.20 s
2023-04-18 14:57:55,1.08 s,6.06 s,9.21 s
2023-04-18 14:58:00,1.13 s,5.97 s,9.19 s
2023-04-18 14:58:05,1.22 s,5.75 s,9.15 s
2023-04-18 14:58:10,1.32 s,5.83 s,9.17 s
2023-04-18 14:58:15,1.39 s,6.61 s,9.32 s
2023-04-18 14:58:20,1.46 s,7.13 s,9.43 s
2023-04-18 14:58:25,1.62 s,7.79 s,9.56 s
2023-04-18 14:58:30,1.51 s,7.40 s,9.79 s
2023-04-18 14:58:35,1.62 s,7.90 s,9.85 s
2023-04-18 14:58:40,1.84 s,8.26 s,9.86 s
2023-04-18 14:58:45,2.11 s,8.58 s,9.90 s
2023-04-18 14:58:50,2.30 s,8.74 s,9.90 s
2023-04-18 14:58:55,2.46 s,8.85 s,9.91 s
2023-04-18 14:59:00,2.49 s,8.89 s,9.91 s
2023-04-18 14:59:05,2.56 s,8.95 s,9.92 s
2023-04-18 14:59:10,2.42 s,8.95 s,9.91 s
2023-04-18 14:59:15,2.44 s,8.90 s,9.91 s
2023-04-18 14:59:20,2.42 s,8.83 s,9.91 s
2023-04-18 14:59:25,2.48 s,8.92 s,9.91 s
2023-04-18 14:59:30,2.48 s,8.84 s,9.91 s
2023-04-18 14:59:35,2.76 s,8.83 s,9.91 s
2023-04-18 14:59:40,2.82 s,8.84 s,9.91 s
2023-04-18 14:59:45,2.63 s,8.84 s,9.91 s
2023-04-18 14:59:50,2.43 s,8.78 s,9.89 s
2023-04-18 14:59:55,2.40 s,8.75 s,9.90 s
2023-04-18 15:00:00,2.40 s,8.65 s,9.89 s
2023-04-18 15:00:05,2.38 s,8.64 s,9.89 s
2023-04-18 15:00:10,2.35 s,8.63 s,9.89 s
2023-04-18 15:00:15,2.41 s,8.96 s,10 s
2023-04-18 15:00:20,2.42 s,8.83 s,10 s
2023-04-18 15:00:25,2.69 s,9.04 s,10 s
2023-04-18 15:00:30,2.79 s,9.50 s,10 s
2023-04-18 15:00:35,2.66 s,9.55 s,10 s
2023-04-18 15:00:40,2.69 s,9.68 s,10 s
2023-04-18 15:00:45,2.86 s,10 s,10 s
2023-04-18 15:00:50,3.06 s,10 s,10 s
2023-04-18 15:00:55,3.13 s,10 s,10 s
2023-04-18 15:01:00,3.23 s,10 s,10 s
2023-04-18 15:01:05,3.14 s,10 s,10 s
2023-04-18 15:01:10,2.66 s,10 s,10 s
2023-04-18 15:01:15,1.84 s,9.56 s,10 s
2023-04-18 15:01:20,422 ms,8.75 s,10 s
2023-04-18 15:01:25,225 ms,2.47 s,7.90 s
2023-04-18 15:01:30,219 ms,2.18 s,3.97 s
2023-04-18 15:01:35,250 ms,2.20 s,4.00 s
2023-04-18 15:01:40,281 ms,2.48 s,4.49 s
2023-04-18 15:01:45,243 ms,2.47 s,4.49 s
2023-04-18 15:01:50,261 ms,2.48 s,4.49 s
2023-04-18 15:01:55,242 ms,1.71 s,3.97 s
2023-04-18 15:02:00,223 ms,1.75 s,4.00 s
2023-04-18 15:02:05,216 ms,1.97 s,3.97 s
2023-04-18 15:02:10,233 ms,2.50 s,4.50 s
2023-04-18 15:02:15,250 ms,3.33 s,4.67 s
2023-04-18 15:02:20,273 ms,3.33 s,4.67 s
2023-04-18 15:02:25,307 ms,3.29 s,4.66 s
2023-04-18 15:02:30,312 ms,3.69 s,4.74 s
2023-04-18 15:02:35,295 ms,3.75 s,4.75 s
2023-04-18 15:02:40,333 ms,4 s,4.80 s
2023-04-18 15:02:45,327 ms,4.17 s,4.83 s
2023-04-18 15:02:50,354 ms,4.17 s,4.83 s
2023-04-18 15:02:55,365 ms,4.15 s,4.83 s
2023-04-18 15:03:00,385 ms,4.15 s,4.83 s
2023-04-18 15:03:05,385 ms,4.12 s,4.82 s
2023-04-18 15:03:10,365 ms,3.95 s,4.79 s
2023-04-18 15:03:15,365 ms,3.97 s,4.79 s
2023-04-18 15:03:20,375 ms,4.15 s,4.83 s
2023-04-18 15:03:25,347 ms,3.97 s,4.79 s
2023-04-18 15:03:30,341 ms,3.69 s,4.74 s
2023-04-18 15:03:35,312 ms,3.29 s,4.66 s
2023-04-18 15:03:40,306 ms,3.25 s,4.65 s
2023-04-18 15:03:45,278 ms,3.25 s,4.65 s
2023-04-18 15:03:50,318 ms,3.25 s,4.65 s
2023-04-18 15:03:55,284 ms,3.29 s,4.66 s
2023-04-18 15:04:00,262 ms,2.48 s,4.49 s
2023-04-18 15:04:05,287 ms,2.49 s,4.49 s
2023-04-18 15:04:10,262 ms,2.48 s,4.49 s
2023-04-18 15:04:15,242 ms,2.48 s,4.49 s
2023-04-18 15:04:20,284 ms,3.29 s,4.66 s
2023-04-18 15:04:25,278 ms,3.33 s,4.67 s
2023-04-18 15:04:30,312 ms,3.66 s,4.73 s
2023-04-18 15:04:35,295 ms,3.25 s,4.65 s
2023-04-18 15:04:40,312 ms,3.29 s,4.66 s
2023-04-18 15:04:45,306 ms,3.25 s,4.65 s
2023-04-18 15:04:50,344 ms,3.21 s,4.64 s
2023-04-18 15:04:55,333 ms,3.25 s,4.65 s
2023-04-18 15:05:00,352 ms,3.21 s,4.64 s
2023-04-18 15:05:05,354 ms,3.17 s,4.63 s
2023-04-18 15:05:10,365 ms,2.47 s,4.46 s
2023-04-18 15:05:15,339 ms,2.27 s,3.90 s
2023-04-18 15:05:20,342 ms,2.45 s,4.44 s
2023-04-18 15:05:25,328 ms,2.24 s,3.90 s
2023-04-18 15:05:30,336 ms,2.25 s,3.92 s
2023-04-18 15:05:35,324 ms,2.20 s,3.90 s
2023-04-18 15:05:40,331 ms,2.21 s,3.92 s
2023-04-18 15:05:45,338 ms,2.24 s,3.90 s
2023-04-18 15:05:50,353 ms,2.24 s,3.90 s
2023-04-18 15:05:55,353 ms,2.44 s,4.45 s
2023-04-18 15:06:00,375 ms,2.45 s,4.45 s
2023-04-18 15:06:05,352 ms,2.44 s,4.44 s
2023-04-18 15:06:10,333 ms,2.44 s,4.45 s
2023-04-18 15:06:15,308 ms,2.14 s,3.90 s
2023-04-18 15:06:20,284 ms,2.15 s,3.92 s
2023-04-18 15:06:25,287 ms,2.23 s,3.88 s
2023-04-18 15:06:30,264 ms,2.44 s,4.44 s
2023-04-18 15:06:35,250 ms,3.17 s,4.63 s
2023-04-18 15:06:40,237 ms,3.17 s,4.63 s
2023-04-18 15:06:45,233 ms,3.12 s,4.63 s
2023-04-18 15:06:50,218 ms,2.42 s,4.45 s
2023-04-18 15:06:55,212 ms,2.44 s,4.46 s
2023-04-18 15:07:00,237 ms,2.44 s,4.45 s
2023-04-18 15:07:05,244 ms,2.43 s,4.44 s
2023-04-18 15:07:10,275 ms,2.44 s,4.45 s
2023-04-18 15:07:15,307 ms,2.44 s,4.44 s
2023-04-18 15:07:20,300 ms,3.17 s,4.63 s
2023-04-18 15:07:25,307 ms,3.13 s,4.63 s
2023-04-18 15:07:30,295 ms,2.41 s,4.43 s
2023-04-18 15:07:35,261 ms,2.41 s,4.44 s
2023-04-18 15:07:40,260 ms,2.88 s,4.57 s
2023-04-18 15:07:45,346 ms,3.40 s,4.68 s
2023-04-18 15:07:50,367 ms,3.30 s,4.66 s
2023-04-18 15:07:55,462 ms,4.22 s,6.20 s
2023-04-18 15:08:00,643 ms,4.70 s,8.57 s
2023-04-18 15:08:05,1.05 s,4.65 s,8.40 s
2023-04-18 15:08:10,1.20 s,4.98 s,8.98 s
2023-04-18 15:08:15,1.36 s,6.07 s,9.21 s
2023-04-18 15:08:20,1.56 s,7.36 s,9.47 s
2023-04-18 15:08:25,1.76 s,7.73 s,9.55 s
2023-04-18 15:08:30,1.75 s,7.73 s,9.55 s
2023-04-18 15:08:35,1.72 s,7.84 s,9.57 s
2023-04-18 15:08:40,1.86 s,7.88 s,9.58 s
2023-04-18 15:08:45,1.83 s,7.75 s,9.55 s
2023-04-18 15:08:50,1.63 s,7.66 s,9.53 s
2023-04-18 15:08:55,1.53 s,7.34 s,9.47 s
2023-04-18 15:09:00,1.55 s,7.36 s,9.47 s
2023-04-18 15:09:05,1.36 s,6.75 s,9.35 s
2023-04-18 15:09:10,1.17 s,6.15 s,9.23 s
2023-04-18 15:09:15,1.02 s,4.82 s,8.69 s
2023-04-18 15:09:20,921 ms,4.43 s,7.63 s
2023-04-18 15:09:25,1 s,4.42 s,6.45 s
2023-04-18 15:09:30,1.27 s,4.50 s,6.43 s
2023-04-18 15:09:35,1.32 s,4.88 s,8.81 s
2023-04-18 15:09:40,1.50 s,6.14 s,9.23 s
2023-04-18 15:09:45,1.71 s,7.15 s,9.43 s
2023-04-18 15:09:50,1.75 s,7.19 s,9.44 s
2023-04-18 15:09:55,1.58 s,7.10 s,9.42 s
2023-04-18 15:10:00,1.63 s,7.23 s,9.45 s
2023-04-18 15:10:05,1.71 s,7.19 s,9.44 s
2023-04-18 15:10:10,1.78 s,7.46 s,9.49 s
2023-04-18 15:10:15,1.76 s,7.50 s,9.50 s
2023-04-18 15:10:20,1.71 s,7.73 s,9.55 s
2023-04-18 15:10:25,1.53 s,7.68 s,9.54 s
2023-04-18 15:10:30,1.35 s,7.02 s,9.40 s
2023-04-18 15:10:35,1.18 s,5.94 s,9.19 s
2023-04-18 15:10:40,1.02 s,4.74 s,8.51 s
2023-04-18 15:10:45,974 ms,4.78 s,8.58 s
2023-04-18 15:10:50,1.03 s,4.84 s,8.66 s
2023-04-18 15:10:55,1.08 s,4.86 s,8.69 s
2023-04-18 15:11:00,898 ms,4.88 s,8.74 s
2023-04-18 15:11:05,852 ms,4.77 s,8.35 s
2023-04-18 15:11:10,784 ms,4.59 s,5.55 s
2023-04-18 15:11:15,788 ms,4.45 s,4.89 s
2023-04-18 15:11:20,780 ms,4.47 s,4.89 s
2023-04-18 15:11:25,798 ms,4.43 s,4.89 s
2023-04-18 15:11:30,729 ms,4.38 s,4.88 s
2023-04-18 15:11:35,677 ms,4.30 s,4.86 s
2023-04-18 15:11:40,652 ms,4.25 s,4.85 s
2023-04-18 15:11:45,550 ms,4.16 s,4.83 s
2023-04-18 15:11:50,469 ms,4.03 s,4.81 s
2023-04-18 15:11:55,477 ms,4.11 s,4.82 s
2023-04-18 15:12:00,469 ms,4.01 s,4.80 s
2023-04-18 15:12:05,453 ms,3.92 s,4.78 s
2023-04-18 15:12:10,444 ms,3.75 s,4.75 s
2023-04-18 15:12:15,525 ms,4.04 s,4.81 s
2023-04-18 15:12:20,495 ms,4.03 s,4.81 s
2023-04-18 15:12:25,473 ms,4.12 s,4.82 s
2023-04-18 15:12:30,481 ms,4.20 s,4.84 s
2023-04-18 15:12:35,500 ms,4.28 s,4.86 s
2023-04-18 15:12:40,554 ms,4.27 s,4.85 s
2023-04-18 15:12:45,620 ms,4.28 s,4.86 s
2023-04-18 15:12:50,620 ms,4.18 s,4.84 s
2023-04-18 15:12:55,654 ms,4.18 s,4.84 s
2023-04-18 15:13:00,630 ms,4.11 s,4.82 s
2023-04-18 15:13:05,604 ms,4.08 s,4.82 s
2023-04-18 15:13:10,530 ms,3.84 s,4.77 s
2023-04-18 15:13:15,495 ms,3.94 s,4.79 s
2023-04-18 15:13:20,540 ms,3.69 s,4.74 s
2023-04-18 15:13:25,510 ms,3.52 s,4.70 s
2023-04-18 15:13:30,495 ms,3.06 s,4.61 s
2023-04-18 15:13:35,473 ms,3.06 s,4.61 s
2023-04-18 15:13:40,467 ms,3.08 s,4.62 s
2023-04-18 15:13:45,440 ms,3.17 s,4.63 s
2023-04-18 15:13:50,381 ms,2.95 s,4.59 s
2023-04-18 15:13:55,381 ms,3.07 s,4.61 s
2023-04-18 15:14:00,361 ms,2.75 s,4.55 s
2023-04-18 15:14:05,336 ms,2.43 s,4.44 s
2023-04-18 15:14:10,352 ms,2.47 s,4.48 s
2023-04-18 15:14:15,320 ms,2.63 s,4.53 s
2023-04-18 15:14:20,309 ms,2.27 s,4.35 s
2023-04-18 15:14:25,289 ms,3.04 s,4.61 s
2023-04-18 15:14:30,269 ms,3.25 s,4.65 s
2023-04-18 15:14:35,271 ms,3.33 s,4.67 s
2023-04-18 15:14:40,281 ms,3.37 s,4.67 s
2023-04-18 15:14:45,318 ms,3.81 s,4.76 s
2023-04-18 15:14:50,307 ms,4.02 s,4.80 s
2023-04-18 15:14:55,307 ms,4.02 s,4.80 s
2023-04-18 15:15:00,302 ms,4.02 s,4.80 s
2023-04-18 15:15:05,284 ms,3.78 s,4.76 s
2023-04-18 15:15:10,275 ms,3.81 s,4.76 s
2023-04-18 15:15:15,264 ms,4.02 s,4.80 s
2023-04-18 15:15:20,223 ms,3.75 s,4.75 s
2023-04-18 15:15:25,209 ms,3.42 s,4.68 s
2023-04-18 15:15:30,198 ms,3.78 s,4.76 s
2023-04-18 15:15:35,198 ms,3.78 s,4.76 s
2023-04-18 15:15:40,196 ms,3.33 s,4.67 s
2023-04-18 15:15:45,190 ms,2.50 s,4.50 s
2023-04-18 15:15:50,185 ms,2.56 s,4.51 s
2023-04-18 15:15:55,184 ms,2.50 s,4.50 s
2023-04-18 15:16:00,185 ms,2.56 s,4.51 s
2023-04-18 15:16:05,184 ms,2.50 s,4.50 s
2023-04-18 15:16:10,180 ms,2.02 s,4.02 s
2023-04-18 15:16:15,198 ms,2.14 s,4.02 s
2023-04-18 15:16:20,210 ms,2.18 s,3.97 s
2023-04-18 15:16:25,216 ms,2.01 s,2.40 s
2023-04-18 15:16:30,216 ms,1.91 s,2.38 s
2023-04-18 15:16:35,227 ms,2.21 s,4.02 s
2023-04-18 15:16:40,264 ms,2.56 s,4.51 s
2023-04-18 15:16:45,287 ms,2.56 s,4.51 s
2023-04-18 15:16:50,302 ms,2.56 s,4.51 s
2023-04-18 15:16:55,261 ms,2.56 s,4.51 s
2023-04-18 15:17:00,262 ms,2.56 s,4.51 s
2023-04-18 15:17:05,273 ms,2.50 s,4.50 s
2023-04-18 15:17:10,262 ms,2.56 s,4.51 s
2023-04-18 15:17:15,288 ms,2.56 s,4.51 s
2023-04-18 15:17:20,264 ms,2.56 s,4.51 s
2023-04-18 15:17:25,287 ms,2.56 s,4.51 s
2023-04-18 15:17:30,278 ms,3.42 s,4.68 s
2023-04-18 15:17:35,264 ms,3.37 s,4.67 s
2023-04-18 15:17:40,242 ms,3.37 s,4.67 s
2023-04-18 15:17:45,242 ms,3.37 s,4.67 s
2023-04-18 15:17:50,300 ms,3.42 s,4.68 s
2023-04-18 15:17:55,354 ms,3.46 s,4.69 s
2023-04-18 15:18:00,313 ms,3.50 s,4.70 s
2023-04-18 15:18:05,231 ms,3.50 s,4.70 s
2023-04-18 15:18:10,212 ms,3.58 s,4.72 s
2023-04-18 15:18:15,229 ms,3.94 s,4.79 s
2023-04-18 15:18:20,212 ms,4.15 s,4.83 s
2023-04-18 15:18:25,194 ms,3.58 s,4.72 s
2023-04-18 15:18:30,186 ms,3.67 s,4.73 s
2023-04-18 15:18:35,200 ms,3.67 s,4.73 s
2023-04-18 15:18:40,190 ms,3.75 s,4.75 s
2023-04-18 15:18:45,175 ms,3.71 s,4.74 s
2023-04-18 15:18:50,163 ms,3.71 s,4.74 s
2023-04-18 15:18:55,175 ms,3.71 s,4.74 s
2023-04-18 15:19:00,175 ms,3.71 s,4.74 s
2023-04-18 15:19:05,175 ms,3.71 s,4.74 s
2023-04-18 15:19:10,175 ms,3.06 s,4.61 s
2023-04-18 15:19:15,175 ms,2.34 s,4.22 s
2023-04-18 15:19:20,187 ms,2.29 s,4.22 s
2023-04-18 15:19:25,175 ms,1.94 s,2.39 s
2023-04-18 15:19:30,175 ms,2.05 s,2.41 s
2023-04-18 15:19:35,187 ms,2.03 s,2.41 s
2023-04-18 15:19:40,212 ms,2.29 s,4.22 s
2023-04-18 15:19:45,212 ms,2.29 s,4.22 s
2023-04-18 15:19:50,235 ms,2.29 s,4.22 s
2023-04-18 15:19:55,275 ms,2.31 s,4.25 s
2023-04-18 15:20:00,287 ms,2.29 s,4.22 s
2023-04-18 15:20:05,275 ms,2.25 s,4.25 s
2023-04-18 15:20:10,312 ms,3.06 s,4.61 s
2023-04-18 15:20:15,312 ms,3.06 s,4.61 s
2023-04-18 15:20:20,300 ms,3.00 s,4.60 s
2023-04-18 15:20:25,284 ms,2.94 s,4.59 s
2023-04-18 15:20:30,263 ms,2.94 s,4.59 s
2023-04-18 15:20:35,263 ms,2.26 s,4.18 s
2023-04-18 15:20:40,250 ms,2.15 s,4.15 s
2023-04-18 15:20:45,229 ms,2.15 s,4.15 s
2023-04-18 15:20:50,250 ms,2.10 s,4.10 s
2023-04-18 15:20:55,231 ms,2.10 s,4.10 s
2023-04-18 15:21:00,241 ms,2.24 s,4.07 s
2023-04-18 15:21:05,225 ms,2.29 s,4.07 s
2023-04-18 15:21:10,225 ms,2.29 s,4.07 s
2023-04-18 15:21:15,233 ms,2.28 s,4.05 s
2023-04-18 15:21:20,241 ms,2.29 s,4.07 s
2023-04-18 15:21:25,250 ms,2.23 s,4.05 s
2023-04-18 15:21:30,250 ms,2.23 s,4.05 s
2023-04-18 15:21:35,281 ms,2.69 s,4.54 s
2023-04-18 15:21:40,292 ms,2.62 s,4.53 s
2023-04-18 15:21:45,264 ms,2.69 s,4.54 s
2023-04-18 15:21:50,295 ms,2.62 s,4.53 s
2023-04-18 15:21:55,292 ms,2.63 s,4.53 s
2023-04-18 15:22:00,292 ms,2.26 s,4.10 s
2023-04-18 15:22:05,333 ms,2.62 s,4.53 s
2023-04-18 15:22:10,363 ms,3.46 s,4.69 s
2023-04-18 15:22:15,350 ms,3.42 s,4.68 s
2023-04-18 15:22:20,359 ms,3.84 s,4.77 s
2023-04-18 15:22:25,321 ms,3.88 s,4.78 s
2023-04-18 15:22:30,321 ms,4.05 s,4.81 s
2023-04-18 15:22:35,304 ms,4.07 s,4.82 s
2023-04-18 15:22:40,304 ms,4.23 s,4.85 s
2023-04-18 15:22:45,325 ms,4.34 s,4.87 s
2023-04-18 15:22:50,281 ms,4.34 s,4.87 s
2023-04-18 15:22:55,325 ms,4.30 s,4.86 s
2023-04-18 15:23:00,268 ms,4.23 s,4.85 s
2023-04-18 15:23:05,268 ms,4.23 s,4.85 s
2023-04-18 15:23:10,312 ms,4.34 s,4.87 s
2023-04-18 15:23:15,271 ms,4.23 s,4.85 s
2023-04-18 15:23:20,297 ms,4.19 s,4.84 s
2023-04-18 15:23:25,264 ms,3.84 s,4.77 s
2023-04-18 15:23:30,295 ms,3.81 s,4.76 s
2023-04-18 15:23:35,284 ms,3.46 s,4.69 s
2023-04-18 15:23:40,292 ms,2.63 s,4.53 s
2023-04-18 15:23:45,304 ms,2.63 s,4.53 s
2023-04-18 15:23:50,317 ms,3.37 s,4.67 s
2023-04-18 15:23:55,330 ms,3.29 s,4.66 s
2023-04-18 15:24:00,321 ms,2.46 s,4.47 s
2023-04-18 15:24:05,321 ms,2.42 s,4.45 s
2023-04-18 15:24:10,339 ms,3.08 s,4.62 s
2023-04-18 15:24:15,339 ms,3.00 s,4.60 s
2023-04-18 15:24:20,359 ms,2.92 s,4.58 s
2023-04-18 15:24:25,394 ms,3.41 s,4.68 s
2023-04-18 15:24:30,417 ms,3.65 s,4.73 s
2023-04-18 15:24:35,402 ms,4.02 s,4.80 s
2023-04-18 15:24:40,404 ms,4.00 s,4.80 s
2023-04-18 15:24:45,384 ms,3.85 s,4.77 s
2023-04-18 15:24:50,400 ms,4.00 s,4.80 s
2023-04-18 15:24:55,433 ms,4.08 s,4.82 s
2023-04-18 15:25:00,413 ms,3.98 s,4.80 s
2023-04-18 15:25:05,417 ms,3.96 s,4.79 s
2023-04-18 15:25:10,430 ms,3.98 s,4.80 s
2023-04-18 15:25:15,433 ms,4.09 s,4.82 s
2023-04-18 15:25:20,408 ms,3.98 s,4.80 s
2023-04-18 15:25:25,383 ms,3.79 s,4.76 s
2023-04-18 15:25:30,408 ms,3.57 s,4.72 s
2023-04-18 15:25:35,433 ms,3.96 s,4.79 s
2023-04-18 15:25:40,437 ms,4.08 s,4.82 s
2023-04-18 15:25:45,404 ms,4.08 s,4.82 s
2023-04-18 15:25:50,382 ms,4.00 s,4.80 s
2023-04-18 15:25:55,382 ms,3.96 s,4.79 s
2023-04-18 15:26:00,375 ms,3.79 s,4.76 s
2023-04-18 15:26:05,365 ms,3.83 s,4.77 s
2023-04-18 15:26:10,420 ms,3.81 s,4.76 s
2023-04-18 15:26:15,417 ms,3.79 s,4.76 s
2023-04-18 15:26:20,427 ms,3.81 s,4.76 s
2023-04-18 15:26:25,375 ms,3.55 s,4.71 s
2023-04-18 15:26:30,327 ms,2.58 s,4.52 s
2023-04-18 15:26:35,312 ms,2.40 s,4.29 s
2023-04-18 15:26:40,318 ms,2.32 s,3.60 s
2023-04-18 15:26:45,352 ms,2.33 s,3.53 s
2023-04-18 15:26:50,333 ms,2.31 s,3.55 s
2023-04-18 15:26:55,356 ms,2.30 s,3.58 s
2023-04-18 15:27:00,367 ms,2.30 s,3.55 s
2023-04-18 15:27:05,346 ms,2.17 s,2.43 s
2023-04-18 15:27:10,361 ms,2.28 s,3.55 s
2023-04-18 15:27:15,359 ms,2.30 s,3.55 s
2023-04-18 15:27:20,383 ms,2.30 s,3.57 s
2023-04-18 15:27:25,402 ms,2.41 s,4.29 s
2023-04-18 15:27:30,411 ms,2.40 s,4.27 s
2023-04-18 15:27:35,392 ms,2.40 s,4.26 s
2023-04-18 15:27:40,367 ms,2.39 s,4.29 s
2023-04-18 15:27:45,383 ms,2.40 s,4.30 s
2023-04-18 15:27:50,384 ms,2.41 s,4.29 s
2023-04-18 15:27:55,356 ms,2.40 s,4.26 s
2023-04-18 15:28:00,321 ms,2.36 s,4.23 s
2023-04-18 15:28:05,344 ms,2.46 s,4.44 s
2023-04-18 15:28:10,458 ms,3.65 s,6.30 s
2023-04-18 15:28:15,750 ms,4.80 s,8.65 s
2023-04-18 15:28:20,1.36 s,6.25 s,10 s
2023-04-18 15:28:25,1.69 s,7.42 s,10 s
2023-04-18 15:28:30,2.17 s,8.12 s,10 s
2023-04-18 15:28:35,2.58 s,8.65 s,10 s
2023-04-18 15:28:40,2.79 s,8.98 s,10 s
2023-04-18 15:28:45,3.09 s,9.12 s,10 s
2023-04-18 15:28:50,3.28 s,9.17 s,10 s
2023-04-18 15:28:55,3.39 s,9.18 s,10 s
2023-04-18 15:29:00,3.47 s,9.22 s,10 s
2023-04-18 15:29:05,3.60 s,9.26 s,10 s
2023-04-18 15:29:10,3.62 s,9.40 s,10 s
2023-04-18 15:29:15,3.60 s,9.25 s,10 s
2023-04-18 15:29:20,3.56 s,9.25 s,10 s
2023-04-18 15:29:25,3.51 s,9.24 s,10 s
2023-04-18 15:29:30,3.41 s,9.11 s,10 s
2023-04-18 15:29:35,3.25 s,8.96 s,10 s
2023-04-18 15:29:40,3.05 s,8.90 s,10 s
2023-04-18 15:29:45,2.98 s,8.88 s,10 s
2023-04-18 15:29:50,3.18 s,9.07 s,10 s
2023-04-18 15:29:55,3.31 s,9.35 s,10 s
2023-04-18 15:30:00,3.29 s,9.51 s,10 s
2023-04-18 15:30:05,3.17 s,9.33 s,10 s
2023-04-18 15:30:10,3.19 s,9.34 s,10 s
2023-04-18 15:30:15,3.34 s,10 s,10 s
2023-04-18 15:30:20,3.23 s,10 s,10 s
2023-04-18 15:30:25,3.38 s,10 s,10 s
2023-04-18 15:30:30,3.62 s,10 s,10 s
2023-04-18 15:30:35,3.69 s,10 s,10 s
2023-04-18 15:30:40,3.74 s,10 s,10 s
2023-04-18 15:30:45,3.58 s,10 s,10 s
2023-04-18 15:30:50,3.53 s,10 s,10 s
2023-04-18 15:30:55,3.57 s,10 s,10 s
2023-04-18 15:31:00,3.65 s,10 s,10 s
2023-04-18 15:31:05,3.64 s,10 s,10 s
2023-04-18 15:31:10,3.62 s,9.88 s,10 s
2023-04-18 15:31:15,3.71 s,9.99 s,10 s
2023-04-18 15:31:20,3.72 s,10 s,10 s
2023-04-18 15:31:25,3.71 s,10 s,10 s
2023-04-18 15:31:30,3.73 s,10 s,10 s
2023-04-18 15:31:35,3.75 s,10 s,10 s
2023-04-18 15:31:40,3.78 s,10 s,10 s
2023-04-18 15:31:45,3.71 s,10 s,10 s
2023-04-18 15:31:50,3.71 s,10 s,10 s
2023-04-18 15:31:55,3.60 s,10 s,10 s
2023-04-18 15:32:00,3.44 s,10 s,10 s
2023-04-18 15:32:05,3.34 s,10 s,10 s
2023-04-18 15:32:10,3.30 s,10 s,10 s
2023-04-18 15:32:15,3.31 s,10 s,10 s
2023-04-18 15:32:20,3.25 s,10 s,10 s
2023-04-18 15:32:25,3.28 s,10 s,10 s
2023-04-18 15:32:30,3.16 s,9.98 s,10 s
2023-04-18 15:32:35,3.19 s,10 s,10 s
2023-04-18 15:32:40,3.36 s,10 s,10 s
2023-04-18 15:32:45,3.39 s,10 s,10 s
2023-04-18 15:32:50,3.53 s,10 s,10 s
2023-04-18 15:32:55,3.69 s,10 s,10 s
2023-04-18 15:33:00,3.68 s,10 s,10 s
2023-04-18 15:33:05,3.68 s,10 s,10 s
2023-04-18 15:33:10,3.58 s,10 s,10 s
2023-04-18 15:33:15,3.54 s,10 s,10 s
2023-04-18 15:33:20,3.51 s,10 s,10 s
2023-04-18 15:33:25,3.54 s,10 s,10 s
2023-04-18 15:33:30,3.64 s,10 s,10 s
2023-04-18 15:33:35,3.61 s,10 s,10 s
2023-04-18 15:33:40,3.48 s,9.86 s,10 s
2023-04-18 15:33:45,3.39 s,10 s,10 s
2023-04-18 15:33:50,3.22 s,9.47 s,10 s
2023-04-18 15:33:55,3.29 s,9.64 s,10 s
2023-04-18 15:34:00,3.16 s,9.77 s,10 s
2023-04-18 15:34:05,3.16 s,10 s,10 s
2023-04-18 15:34:10,2.99 s,10 s,10 s
2023-04-18 15:34:15,2.58 s,9.66 s,10 s
2023-04-18 15:34:20,312 ms,9.21 s,10 s
2023-04-18 15:34:25,164 ms,1.90 s,4.30 s
2023-04-18 15:34:30,156 ms,800 ms,2.08 s
2023-04-18 15:34:35,147 ms,825 ms,2.09 s
2023-04-18 15:34:40,156 ms,800 ms,2.08 s
2023-04-18 15:34:45,147 ms,487 ms,2.09 s
2023-04-18 15:34:50,150 ms,1.45 s,2.29 s
2023-04-18 15:34:55,141 ms,480 ms,2.08 s
2023-04-18 15:35:00,141 ms,800 ms,2.08 s
2023-04-18 15:35:05,137 ms,825 ms,2.09 s
2023-04-18 15:35:10,142 ms,1.97 s,4.32 s
2023-04-18 15:35:15,150 ms,3.25 s,4.65 s
2023-04-18 15:35:20,145 ms,3.25 s,4.65 s
2023-04-18 15:35:25,156 ms,3.25 s,4.65 s
2023-04-18 15:35:30,164 ms,3.25 s,4.65 s
2023-04-18 15:35:35,156 ms,3.25 s,4.65 s
2023-04-18 15:35:40,158 ms,3.19 s,4.64 s
2023-04-18 15:35:45,150 ms,3.25 s,4.65 s
2023-04-18 15:35:50,147 ms,3.31 s,4.66 s
2023-04-18 15:35:55,156 ms,3.25 s,4.65 s
2023-04-18 15:36:00,175 ms,3.19 s,4.64 s
2023-04-18 15:36:05,175 ms,2.33 s,4.27 s
2023-04-18 15:36:10,163 ms,1.99 s,2.40 s
2023-04-18 15:36:15,190 ms,2.35 s,4.30 s
2023-04-18 15:36:20,164 ms,2.35 s,4.30 s
2023-04-18 15:36:25,164 ms,2.30 s,4.30 s
2023-04-18 15:36:30,175 ms,2.30 s,4.30 s
2023-04-18 15:36:35,175 ms,2.32 s,4.32 s
2023-04-18 15:36:40,194 ms,2.37 s,4.32 s
2023-04-18 15:36:45,231 ms,3.19 s,4.64 s
2023-04-18 15:36:50,190 ms,3.25 s,4.65 s
2023-04-18 15:36:55,175 ms,3.25 s,4.65 s
2023-04-18 15:37:00,175 ms,3.25 s,4.65 s
2023-04-18 15:37:05,175 ms,3.19 s,4.64 s
2023-04-18 15:37:10,164 ms,2.38 s,4.30 s
2023-04-18 15:37:15,175 ms,2.38 s,4.30 s
2023-04-18 15:37:20,175 ms,2.38 s,4.30 s
2023-04-18 15:37:25,222 ms,2.38 s,4.13 s
2023-04-18 15:37:30,1.17 s,4.76 s,7.40 s
2023-04-18 15:37:35,2.87 s,5.17 s,10 s
2023-04-18 15:37:40,3.19 s,5.50 s,10 s
2023-04-18 15:37:45,3.37 s,4.97 s,10 s
2023-04-18 15:37:50,3.50 s,8.33 s,10 s
2023-04-18 15:37:55,3.57 s,8.63 s,10 s
2023-04-18 15:38:00,3.63 s,9.75 s,10 s
2023-04-18 15:38:05,3.64 s,9.56 s,10 s
2023-04-18 15:38:10,3.66 s,10 s,10 s
2023-04-18 15:38:15,3.68 s,9.55 s,10 s
2023-04-18 15:38:20,3.73 s,9.79 s,10 s
2023-04-18 15:38:25,3.74 s,10 s,10 s
2023-04-18 15:38:30,3.73 s,10 s,10 s
2023-04-18 15:38:35,3.72 s,9.55 s,10 s
2023-04-18 15:38:40,3.72 s,10 s,10 s
2023-04-18 15:38:45,3.72 s,9.79 s,10 s
2023-04-18 15:38:50,3.73 s,10 s,10 s
2023-04-18 15:38:55,3.73 s,9.93 s,10 s
2023-04-18 15:39:00,3.70 s,9.79 s,10 s
2023-04-18 15:39:05,3.63 s,9.33 s,10 s
2023-04-18 15:39:10,3.55 s,9.43 s,10 s
2023-04-18 15:39:15,3.45 s,9.25 s,10 s
2023-04-18 15:39:20,3.30 s,8.50 s,10 s
2023-04-18 15:39:25,3.09 s,8.63 s,10 s
2023-04-18 15:39:30,2.84 s,9.00 s,10 s
2023-04-18 15:39:35,2.29 s,7.56 s,10 s
2023-04-18 15:39:40,1.31 s,6.38 s,10 s
2023-04-18 15:39:45,865 ms,4.86 s,9.61 s
2023-04-18 15:39:50,738 ms,4.20 s,6.93 s
2023-04-18 15:39:55,722 ms,3.97 s,4.80 s
2023-04-18 15:40:00,714 ms,4.00 s,4.80 s
2023-04-18 15:40:05,756 ms,4.25 s,4.97 s
2023-04-18 15:40:10,833 ms,4.32 s,4.97 s
2023-04-18 15:40:15,858 ms,4.49 s,6.87 s
2023-04-18 15:40:20,872 ms,4.61 s,7.95 s
2023-04-18 15:40:25,888 ms,4.73 s,8.43 s
2023-04-18 15:40:30,835 ms,4.73 s,8.44 s
2023-04-18 15:40:35,833 ms,4.73 s,8.43 s
2023-04-18 15:40:40,826 ms,4.73 s,8.46 s
2023-04-18 15:40:45,882 ms,4.77 s,8.44 s
2023-04-18 15:40:50,855 ms,4.76 s,8.43 s
2023-04-18 15:40:55,818 ms,4.76 s,8.38 s
2023-04-18 15:41:00,680 ms,4.62 s,7.88 s
2023-04-18 15:41:05,617 ms,4.61 s,7.92 s
2023-04-18 15:41:10,603 ms,4.46 s,6.85 s
2023-04-18 15:41:15,567 ms,4.30 s,4.97 s
2023-04-18 15:41:20,545 ms,4.14 s,4.83 s
2023-04-18 15:41:25,604 ms,4.19 s,4.84 s
2023-04-18 15:41:30,795 ms,4.60 s,4.98 s
2023-04-18 15:41:35,1.38 s,4.81 s,7.72 s
2023-04-18 15:41:40,2.26 s,4.94 s,10 s
2023-04-18 15:41:45,2.81 s,4.97 s,10 s
2023-04-18 15:41:50,3.05 s,4.98 s,10 s
2023-04-18 15:41:55,3.29 s,6.55 s,10 s
2023-04-18 15:42:00,3.39 s,6.00 s,10 s
2023-04-18 15:42:05,3.46 s,5.40 s,10 s
2023-04-18 15:42:10,3.56 s,6.80 s,10 s
2023-04-18 15:42:15,3.60 s,6.00 s,10 s
2023-04-18 15:42:20,3.65 s,6.30 s,10 s
2023-04-18 15:42:25,3.65 s,7.00 s,10 s
2023-04-18 15:42:30,3.64 s,8.33 s,10 s
2023-04-18 15:42:35,3.63 s,7.08 s,10 s
2023-04-18 15:42:40,3.63 s,7.78 s,10 s
2023-04-18 15:42:45,3.58 s,8.07 s,10 s
2023-04-18 15:42:50,3.53 s,7.13 s,10 s
2023-04-18 15:42:55,3.47 s,7.71 s,10 s
2023-04-18 15:43:00,3.46 s,8.62 s,10 s
2023-04-18 15:43:05,3.35 s,7.71 s,10 s
2023-04-18 15:43:10,3.18 s,8.37 s,10 s
2023-04-18 15:43:15,2.89 s,8.37 s,10 s
2023-04-18 15:43:20,2.10 s,8.05 s,10 s
2023-04-18 15:43:25,857 ms,5 s,10 s
2023-04-18 15:43:30,429 ms,4.67 s,8.80 s
2023-04-18 15:43:35,431 ms,3.47 s,4.69 s
2023-04-18 15:43:40,417 ms,3.50 s,4.70 s
2023-04-18 15:43:45,406 ms,3.50 s,4.70 s
2023-04-18 15:43:50,438 ms,3.80 s,4.76 s
2023-04-18 15:43:55,417 ms,3.50 s,4.70 s
2023-04-18 15:44:00,403 ms,3.78 s,4.76 s
2023-04-18 15:44:05,359 ms,3.53 s,4.71 s
2023-04-18 15:44:10,321 ms,3.50 s,4.70 s
2023-04-18 15:44:15,250 ms,3.50 s,4.70 s
2023-04-18 15:44:20,271 ms,3.04 s,4.61 s
2023-04-18 15:44:25,286 ms,3.00 s,4.60 s
2023-04-18 15:44:30,244 ms,2.45 s,4.41 s
2023-04-18 15:44:35,286 ms,2.45 s,4.40 s
2023-04-18 15:44:40,313 ms,2.45 s,4.40 s
2023-04-18 15:44:45,328 ms,2.45 s,4.41 s
2023-04-18 15:44:50,344 ms,2.45 s,4.40 s
2023-04-18 15:44:55,281 ms,2.30 s,3.85 s
2023-04-18 15:45:00,292 ms,2.43 s,4.39 s
2023-04-18 15:45:05,306 ms,2.43 s,4.40 s
2023-04-18 15:45:10,328 ms,2.44 s,4.41 s
2023-04-18 15:45:15,312 ms,3.00 s,4.60 s
2023-04-18 15:45:20,286 ms,3.00 s,4.60 s
2023-04-18 15:45:25,304 ms,3.04 s,4.61 s
2023-04-18 15:45:30,321 ms,3.80 s,4.76 s
2023-04-18 15:45:35,375 ms,4.00 s,4.80 s
2023-04-18 15:45:40,333 ms,4.00 s,4.80 s
2023-04-18 15:45:45,458 ms,4.02 s,4.80 s
2023-04-18 15:45:50,452 ms,3.87 s,4.78 s
2023-04-18 15:45:55,469 ms,3.58 s,4.72 s
2023-04-18 15:46:00,449 ms,3.48 s,4.70 s
2023-04-18 15:46:05,493 ms,3.59 s,4.72 s
2023-04-18 15:46:10,534 ms,3.45 s,4.69 s
2023-04-18 15:46:15,480 ms,3.32 s,4.66 s
2023-04-18 15:46:20,486 ms,3.48 s,4.70 s
2023-04-18 15:46:25,573 ms,3.57 s,4.71 s
2023-04-18 15:46:30,554 ms,3.56 s,4.96 s
2023-04-18 15:46:35,575 ms,3.79 s,4.96 s
2023-04-18 15:46:40,518 ms,4.00 s,4.97 s
2023-04-18 15:46:45,606 ms,4.08 s,4.97 s
2023-04-18 15:46:50,621 ms,4.17 s,4.98 s
2023-04-18 15:46:55,719 ms,4.25 s,4.97 s
2023-04-18 15:47:00,727 ms,4.29 s,4.98 s
2023-04-18 15:47:05,741 ms,4.33 s,4.98 s
2023-04-18 15:47:10,803 ms,4.37 s,4.98 s
2023-04-18 15:47:15,807 ms,4.30 s,4.97 s
2023-04-18 15:47:20,709 ms,4.18 s,4.97 s
2023-04-18 15:47:25,699 ms,4.04 s,4.81 s
2023-04-18 15:47:30,700 ms,3.96 s,4.79 s
2023-04-18 15:47:35,717 ms,3.96 s,4.79 s
2023-04-18 15:47:40,722 ms,4.02 s,4.80 s
2023-04-18 15:47:45,671 ms,3.93 s,4.79 s
2023-04-18 15:47:50,647 ms,4.03 s,4.81 s
2023-04-18 15:47:55,578 ms,3.90 s,4.78 s
2023-04-18 15:48:00,525 ms,3.76 s,4.75 s
2023-04-18 15:48:05,495 ms,3.71 s,4.74 s
2023-04-18 15:48:10,478 ms,3.96 s,4.79 s
2023-04-18 15:48:15,474 ms,3.99 s,4.80 s
2023-04-18 15:48:20,488 ms,4.02 s,4.80 s
2023-04-18 15:48:25,458 ms,4.04 s,4.81 s
2023-04-18 15:48:30,434 ms,3.79 s,4.76 s
2023-04-18 15:48:35,382 ms,3.70 s,4.74 s
2023-04-18 15:48:40,442 ms,3.77 s,4.75 s
2023-04-18 15:48:45,375 ms,3.02 s,4.61 s
2023-04-18 15:48:50,368 ms,3.07 s,4.61 s
2023-04-18 15:48:55,382 ms,3.37 s,4.67 s
2023-04-18 15:49:00,397 ms,3.57 s,4.71 s
2023-04-18 15:49:05,381 ms,3.02 s,4.61 s
2023-04-18 15:49:10,388 ms,3.05 s,4.61 s
2023-04-18 15:49:15,393 ms,3.00 s,4.60 s
2023-04-18 15:49:20,386 ms,2.56 s,4.51 s
2023-04-18 15:49:25,365 ms,3.02 s,4.61 s
2023-04-18 15:49:30,351 ms,2.59 s,4.52 s
2023-04-18 15:49:35,348 ms,2.56 s,4.51 s
2023-04-18 15:49:40,384 ms,3.35 s,4.67 s
2023-04-18 15:49:45,404 ms,3.33 s,4.67 s
2023-04-18 15:49:50,410 ms,3.37 s,4.67 s
2023-04-18 15:49:55,385 ms,3.00 s,4.60 s
2023-04-18 15:50:00,370 ms,3.10 s,4.62 s
2023-04-18 15:50:05,385 ms,3.33 s,4.67 s
2023-04-18 15:50:10,385 ms,3.33 s,4.67 s
2023-04-18 15:50:15,393 ms,3.00 s,4.60 s
2023-04-18 15:50:20,380 ms,2.53 s,4.51 s
2023-04-18 15:50:25,365 ms,2.50 s,4.50 s
2023-04-18 15:50:30,352 ms,2.50 s,4.50 s
2023-04-18 15:50:35,332 ms,2.21 s,4.01 s
2023-04-18 15:50:40,319 ms,2.13 s,4.01 s
2023-04-18 15:50:45,310 ms,2.16 s,3.99 s
2023-04-18 15:50:50,317 ms,2.14 s,4.02 s
2023-04-18 15:50:55,343 ms,2.30 s,4.33 s
2023-04-18 15:51:00,336 ms,2.27 s,4.35 s
2023-04-18 15:51:05,335 ms,2.29 s,4.36 s
2023-04-18 15:51:10,351 ms,3.02 s,4.61 s
2023-04-18 15:51:15,351 ms,3.02 s,4.61 s
2023-04-18 15:51:20,395 ms,3.77 s,4.75 s
2023-04-18 15:51:25,429 ms,3.78 s,4.76 s
2023-04-18 15:51:30,454 ms,3.90 s,4.78 s
2023-04-18 15:51:35,512 ms,4.01 s,4.80 s
2023-04-18 15:51:40,534 ms,4.12 s,4.82 s
2023-04-18 15:51:45,534 ms,4.24 s,4.85 s
2023-04-18 15:51:50,488 ms,4.19 s,4.84 s
2023-04-18 15:51:55,483 ms,4.18 s,4.84 s
2023-04-18 15:52:00,482 ms,4.18 s,4.84 s
2023-04-18 15:52:05,458 ms,4.10 s,4.82 s
2023-04-18 15:52:10,458 ms,4.10 s,4.82 s
2023-04-18 15:52:15,418 ms,3.90 s,4.78 s
2023-04-18 15:52:20,406 ms,4.00 s,4.80 s
2023-04-18 15:52:25,405 ms,3.90 s,4.78 s
2023-04-18 15:52:30,370 ms,3.77 s,4.75 s
2023-04-18 15:52:35,350 ms,3.33 s,4.67 s
2023-04-18 15:52:40,349 ms,3.35 s,4.67 s
2023-04-18 15:52:45,349 ms,3.31 s,4.66 s
2023-04-18 15:52:50,312 ms,3.00 s,4.60 s
2023-04-18 15:52:55,326 ms,3.02 s,4.61 s
2023-04-18 15:53:00,337 ms,3.05 s,4.61 s
2023-04-18 15:53:05,365 ms,3.35 s,4.67 s
2023-04-18 15:53:10,385 ms,3.02 s,4.61 s
2023-04-18 15:53:15,380 ms,2.56 s,4.51 s
2023-04-18 15:53:20,379 ms,2.53 s,4.51 s
2023-04-18 15:53:25,393 ms,2.56 s,4.51 s
2023-04-18 15:53:30,420 ms,3.37 s,4.67 s
2023-04-18 15:53:35,418 ms,3.35 s,4.67 s
2023-04-18 15:53:40,411 ms,3.40 s,4.68 s
2023-04-18 15:53:45,433 ms,3.61 s,4.72 s
2023-04-18 15:53:50,415 ms,3.73 s,4.75 s
2023-04-18 15:53:55,400 ms,3.57 s,4.71 s
2023-04-18 15:54:00,401 ms,3.40 s,4.68 s
2023-04-18 15:54:05,405 ms,3.37 s,4.67 s
2023-04-18 15:54:10,430 ms,3.61 s,4.72 s
2023-04-18 15:54:15,440 ms,3.93 s,4.79 s
2023-04-18 15:54:20,464 ms,4.10 s,4.82 s
2023-04-18 15:54:25,433 ms,3.89 s,4.78 s
2023-04-18 15:54:30,411 ms,3.59 s,4.72 s
2023-04-18 15:54:35,440 ms,3.59 s,4.72 s
2023-04-18 15:54:40,455 ms,3.37 s,4.67 s
2023-04-18 15:54:45,452 ms,3.05 s,4.61 s
2023-04-18 15:54:50,447 ms,3.05 s,4.61 s
2023-04-18 15:54:55,440 ms,3.00 s,4.60 s
2023-04-18 15:55:00,431 ms,3.02 s,4.61 s
2023-04-18 15:55:05,409 ms,2.50 s,4.50 s
2023-04-18 15:55:10,403 ms,2.40 s,4.34 s
2023-04-18 15:55:15,411 ms,2.41 s,4.34 s
2023-04-18 15:55:20,411 ms,2.41 s,4.34 s
2023-04-18 15:55:25,421 ms,2.42 s,4.37 s
2023-04-18 15:55:30,421 ms,3.05 s,4.61 s
2023-04-18 15:55:35,424 ms,3.59 s,4.72 s
2023-04-18 15:55:40,484 ms,3.92 s,4.78 s
2023-04-18 15:55:45,516 ms,4.04 s,4.81 s
2023-04-18 15:55:50,500 ms,4.11 s,4.82 s
2023-04-18 15:55:55,493 ms,4.20 s,4.84 s
2023-04-18 15:56:00,493 ms,4.26 s,4.85 s
2023-04-18 15:56:05,479 ms,4.20 s,4.84 s
2023-04-18 15:56:10,458 ms,4.05 s,4.81 s
2023-04-18 15:56:15,478 ms,4.06 s,4.81 s
2023-04-18 15:56:20,469 ms,4.04 s,4.81 s
2023-04-18 15:56:25,444 ms,3.83 s,4.77 s
2023-04-18 15:56:30,441 ms,3.66 s,4.73 s
2023-04-18 15:56:35,387 ms,3.15 s,4.63 s
2023-04-18 15:56:40,369 ms,3.12 s,4.63 s
2023-04-18 15:56:45,339 ms,2.72 s,4.54 s
2023-04-18 15:56:50,355 ms,2.75 s,4.55 s
2023-04-18 15:56:55,356 ms,3.17 s,4.63 s
2023-04-18 15:57:00,356 ms,3.17 s,4.63 s
2023-04-18 15:57:05,345 ms,3.20 s,4.64 s
2023-04-18 15:57:10,348 ms,3.50 s,4.70 s
2023-04-18 15:57:15,363 ms,3.71 s,4.74 s
2023-04-18 15:57:20,401 ms,3.86 s,4.77 s
2023-04-18 15:57:25,387 ms,3.70 s,4.74 s
2023-04-18 15:57:30,387 ms,3.71 s,4.74 s
2023-04-18 15:57:35,400 ms,3.71 s,4.74 s
2023-04-18 15:57:40,413 ms,3.71 s,4.74 s
2023-04-18 15:57:45,392 ms,3.66 s,4.73 s
2023-04-18 15:57:50,414 ms,3.17 s,4.63 s
2023-04-18 15:57:55,394 ms,3.18 s,4.63 s
2023-04-18 15:58:00,413 ms,3.46 s,4.69 s
2023-04-18 15:58:05,438 ms,3.50 s,4.70 s
2023-04-18 15:58:10,434 ms,3.66 s,4.73 s
2023-04-18 15:58:15,387 ms,3.46 s,4.69 s
2023-04-18 15:58:20,400 ms,3.71 s,4.74 s
2023-04-18 15:58:25,418 ms,3.70 s,4.74 s
2023-04-18 15:58:30,423 ms,3.70 s,4.74 s
2023-04-18 15:58:35,419 ms,3.83 s,4.77 s
2023-04-18 15:58:40,437 ms,3.89 s,4.78 s
2023-04-18 15:58:45,414 ms,3.99 s,4.80 s
2023-04-18 15:58:50,410 ms,3.99 s,4.80 s
2023-04-18 15:58:55,414 ms,4.01 s,4.80 s
2023-04-18 15:59:00,368 ms,3.84 s,4.77 s
2023-04-18 15:59:05,361 ms,3.50 s,4.70 s
2023-04-18 15:59:10,368 ms,3.46 s,4.69 s
2023-04-18 15:59:15,340 ms,3.17 s,4.63 s
2023-04-18 15:59:20,338 ms,3.42 s,4.68 s
2023-04-18 15:59:25,362 ms,3.40 s,4.68 s
2023-04-18 15:59:30,388 ms,3.66 s,4.73 s
2023-04-18 15:59:35,408 ms,3.61 s,4.72 s
2023-04-18 15:59:40,392 ms,3.59 s,4.72 s
2023-04-18 15:59:45,405 ms,3.61 s,4.72 s
2023-04-18 15:59:50,408 ms,3.31 s,4.66 s
2023-04-18 15:59:55,417 ms,3.33 s,4.67 s
2023-04-18 16:00:00,403 ms,3.35 s,4.67 s
2023-04-18 16:00:05,402 ms,3.33 s,4.67 s
2023-04-18 16:00:10,437 ms,3.73 s,4.75 s
2023-04-18 16:00:15,424 ms,3.91 s,5.95 s
2023-04-18 16:00:20,411 ms,3.93 s,6.00 s
2023-04-18 16:00:25,404 ms,3.50 s,6.00 s
2023-04-18 16:00:30,375 ms,3.45 s,5.90 s
2023-04-18 16:00:35,380 ms,3.16 s,6.05 s
2023-04-18 16:00:40,394 ms,3.77 s,6.05 s
2023-04-18 16:00:45,405 ms,3.73 s,5.95 s
2023-04-18 16:00:50,417 ms,3.93 s,6 s
2023-04-18 16:00:55,429 ms,3.89 s,5.90 s
2023-04-18 16:01:00,421 ms,3.93 s,6 s
2023-04-18 16:01:05,405 ms,3.71 s,5.90 s
2023-04-18 16:01:10,419 ms,3.35 s,4.67 s
2023-04-18 16:01:15,434 ms,3.37 s,4.67 s
2023-04-18 16:01:20,440 ms,3.57 s,4.71 s
2023-04-18 16:01:25,469 ms,3.59 s,4.72 s
2023-04-18 16:01:30,467 ms,3.66 s,4.73 s
2023-04-18 16:01:35,450 ms,3.13 s,4.63 s
2023-04-18 16:01:40,440 ms,3.58 s,4.72 s
2023-04-18 16:01:45,440 ms,3.27 s,4.65 s
2023-04-18 16:01:50,439 ms,3.25 s,4.65 s
2023-04-18 16:01:55,455 ms,3.39 s,4.68 s
2023-04-18 16:02:00,461 ms,3.31 s,4.66 s
2023-04-18 16:02:05,455 ms,3.25 s,4.65 s
2023-04-18 16:02:10,458 ms,3.40 s,4.68 s
2023-04-18 16:02:15,478 ms,3.65 s,4.73 s
2023-04-18 16:02:20,487 ms,3.83 s,4.77 s
2023-04-18 16:02:25,508 ms,3.92 s,4.78 s
2023-04-18 16:02:30,540 ms,3.99 s,4.80 s
2023-04-18 16:02:35,556 ms,3.99 s,4.80 s
2023-04-18 16:02:40,603 ms,4.09 s,4.82 s
2023-04-18 16:02:45,645 ms,4.10 s,4.82 s
2023-04-18 16:02:50,649 ms,4.14 s,4.83 s
2023-04-18 16:02:55,636 ms,4.16 s,4.83 s
2023-04-18 16:03:00,657 ms,4.22 s,4.84 s
2023-04-18 16:03:05,643 ms,4.17 s,4.83 s
2023-04-18 16:03:10,621 ms,4.10 s,4.82 s
2023-04-18 16:03:15,625 ms,3.89 s,4.78 s
2023-04-18 16:03:20,578 ms,3.72 s,4.74 s
2023-04-18 16:03:25,527 ms,3.70 s,4.74 s
2023-04-18 16:03:30,519 ms,3.59 s,4.72 s
2023-04-18 16:03:35,493 ms,3.48 s,4.70 s
2023-04-18 16:03:40,475 ms,3.57 s,4.71 s
2023-04-18 16:03:45,467 ms,3.46 s,4.69 s
2023-04-18 16:03:50,463 ms,3.31 s,4.66 s
2023-04-18 16:03:55,457 ms,2.91 s,4.58 s
2023-04-18 16:04:00,446 ms,2.98 s,4.60 s
2023-04-18 16:04:05,439 ms,3.23 s,4.65 s
2023-04-18 16:04:10,427 ms,3.33 s,4.67 s
2023-04-18 16:04:15,434 ms,3.54 s,4.71 s
2023-04-18 16:04:20,440 ms,3.64 s,4.73 s
2023-04-18 16:04:25,433 ms,3.87 s,4.78 s
2023-04-18 16:04:30,412 ms,3.84 s,4.77 s
2023-04-18 16:04:35,384 ms,3.74 s,4.75 s
2023-04-18 16:04:40,375 ms,3.62 s,4.72 s
2023-04-18 16:04:45,365 ms,3.67 s,4.73 s
2023-04-18 16:04:50,365 ms,3.67 s,4.73 s
2023-04-18 16:04:55,370 ms,3.43 s,4.69 s
2023-04-18 16:05:00,370 ms,3.21 s,4.64 s
2023-04-18 16:05:05,370 ms,3.62 s,4.72 s
2023-04-18 16:05:10,380 ms,3.81 s,4.76 s
2023-04-18 16:05:15,381 ms,3.92 s,5.55 s
2023-04-18 16:05:20,375 ms,3.37 s,5.75 s
2023-04-18 16:05:25,401 ms,3.60 s,5.65 s
2023-04-18 16:05:30,471 ms,3.82 s,5.70 s
2023-04-18 16:05:35,484 ms,3.82 s,5.70 s
2023-04-18 16:05:40,474 ms,3.79 s,5.60 s
2023-04-18 16:05:45,469 ms,3.95 s,5.65 s
2023-04-18 16:05:50,467 ms,4.13 s,5.85 s
2023-04-18 16:05:55,476 ms,4.17 s,5.70 s
2023-04-18 16:06:00,482 ms,4.10 s,5.75 s
2023-04-18 16:06:05,457 ms,3.82 s,5.70 s
2023-04-18 16:06:10,466 ms,3.64 s,4.73 s
2023-04-18 16:06:15,440 ms,3.79 s,4.76 s
2023-04-18 16:06:20,454 ms,3.92 s,4.79 s
2023-04-18 16:06:25,423 ms,3.79 s,4.76 s
2023-04-18 16:06:30,431 ms,3.79 s,4.76 s
2023-04-18 16:06:35,446 ms,3.91 s,4.78 s
2023-04-18 16:06:40,431 ms,3.81 s,4.76 s
2023-04-18 16:06:45,431 ms,3.62 s,4.72 s
2023-04-18 16:06:50,414 ms,3.43 s,4.69 s
2023-04-18 16:06:55,399 ms,3.19 s,4.64 s
2023-04-18 16:07:00,404 ms,3.45 s,4.69 s
2023-04-18 16:07:05,394 ms,3.23 s,4.65 s
2023-04-18 16:07:10,411 ms,3.43 s,4.69 s
2023-04-18 16:07:15,388 ms,3.19 s,4.64 s
2023-04-18 16:07:20,418 ms,3.48 s,4.70 s
2023-04-18 16:07:25,426 ms,3.64 s,4.73 s
2023-04-18 16:07:30,434 ms,3.69 s,4.74 s
2023-04-18 16:07:35,447 ms,3.78 s,4.76 s
2023-04-18 16:07:40,425 ms,3.78 s,4.76 s
2023-04-18 16:07:45,389 ms,3.66 s,4.73 s
2023-04-18 16:07:50,426 ms,3.90 s,4.78 s
2023-04-18 16:07:55,412 ms,3.81 s,4.76 s
2023-04-18 16:08:00,471 ms,3.82 s,4.77 s
2023-04-18 16:08:05,646 ms,3.83 s,4.99 s
2023-04-18 16:08:10,674 ms,3.83 s,4.99 s
2023-04-18 16:08:15,816 ms,4.64 s,8.13 s
2023-04-18 16:08:20,1.19 s,5.95 s,10 s
2023-04-18 16:08:25,1.56 s,7.16 s,10 s
2023-04-18 16:08:30,2.19 s,8.20 s,10 s
2023-04-18 16:08:35,2.65 s,8.65 s,10 s
2023-04-18 16:08:40,3.03 s,9.32 s,10 s
2023-04-18 16:08:45,3.19 s,10 s,10 s
2023-04-18 16:08:50,3.36 s,10 s,10 s
2023-04-18 16:08:55,3.58 s,10 s,10 s
2023-04-18 16:09:00,3.73 s,10 s,10 s
2023-04-18 16:09:05,3.76 s,10 s,10 s
2023-04-18 16:09:10,3.77 s,10 s,10 s
2023-04-18 16:09:15,3.78 s,10 s,10 s
2023-04-18 16:09:20,3.73 s,10 s,10 s
2023-04-18 16:09:25,3.71 s,10 s,10 s
2023-04-18 16:09:30,3.74 s,10 s,10 s
2023-04-18 16:09:35,3.66 s,10 s,10 s
2023-04-18 16:09:40,3.60 s,10 s,10 s
2023-04-18 16:09:45,3.50 s,10 s,10 s
2023-04-18 16:09:50,3.33 s,10 s,10 s
2023-04-18 16:09:55,3.22 s,10 s,10 s
2023-04-18 16:10:00,3.15 s,9.96 s,10 s
2023-04-18 16:10:05,2.81 s,10 s,10 s
2023-04-18 16:10:10,1.83 s,8.84 s,10 s
2023-04-18 16:10:15,500 ms,8.50 s,10 s
2023-04-18 16:10:20,347 ms,7.45 s,9.49 s
2023-04-18 16:10:25,292 ms,2.19 s,3.88 s
2023-04-18 16:10:30,300 ms,2.17 s,3.85 s
2023-04-18 16:10:35,318 ms,2.14 s,3.90 s
2023-04-18 16:10:40,354 ms,2.22 s,3.85 s
2023-04-18 16:10:45,365 ms,2.22 s,3.85 s
2023-04-18 16:10:50,365 ms,2.23 s,3.88 s
2023-04-18 16:10:55,385 ms,2.22 s,3.85 s
2023-04-18 16:11:00,375 ms,2.27 s,3.88 s
2023-04-18 16:11:05,365 ms,2.27 s,3.88 s
2023-04-18 16:11:10,344 ms,2.27 s,3.88 s
2023-04-18 16:11:15,321 ms,2.22 s,3.85 s
2023-04-18 16:11:20,292 ms,2.04 s,2.41 s
2023-04-18 16:11:25,325 ms,2.29 s,3.88 s
2023-04-18 16:11:30,317 ms,2.28 s,3.85 s
2023-04-18 16:11:35,295 ms,2.19 s,3.88 s
2023-04-18 16:11:40,273 ms,2.44 s,4.45 s
2023-04-18 16:11:45,306 ms,3.17 s,4.63 s
2023-04-18 16:11:50,264 ms,3.13 s,4.63 s
2023-04-18 16:11:55,306 ms,3.17 s,4.63 s
2023-04-18 16:12:00,307 ms,3.59 s,4.72 s
2023-04-18 16:12:05,330 ms,3.59 s,4.72 s
2023-04-18 16:12:10,341 ms,3.62 s,4.72 s
2023-04-18 16:12:15,364 ms,3.56 s,4.71 s
2023-04-18 16:12:20,318 ms,3.08 s,4.62 s
2023-04-18 16:12:25,318 ms,3.08 s,4.62 s
2023-04-18 16:12:30,307 ms,3.13 s,4.63 s
2023-04-18 16:12:35,333 ms,3.08 s,4.62 s
2023-04-18 16:12:40,288 ms,2.41 s,4.43 s
2023-04-18 16:12:45,295 ms,2.43 s,4.44 s
2023-04-18 16:12:50,304 ms,2.42 s,4.43 s
2023-04-18 16:12:55,298 ms,2.19 s,3.88 s
2023-04-18 16:13:00,292 ms,2.22 s,3.85 s
2023-04-18 16:13:05,284 ms,2.25 s,3.83 s
2023-04-18 16:13:10,281 ms,2.25 s,3.83 s
2023-04-18 16:13:15,284 ms,2.23 s,3.88 s
2023-04-18 16:13:20,307 ms,2.27 s,3.88 s
2023-04-18 16:13:25,333 ms,2.30 s,3.85 s
2023-04-18 16:13:30,281 ms,2.13 s,2.42 s
2023-04-18 16:13:35,302 ms,2.16 s,2.43 s
2023-04-18 16:13:40,302 ms,2.16 s,2.43 s
2023-04-18 16:13:45,250 ms,2.07 s,2.41 s
2023-04-18 16:13:50,233 ms,2.08 s,2.42 s
2023-04-18 16:13:55,227 ms,1.95 s,2.39 s
2023-04-18 16:14:00,244 ms,2.02 s,2.40 s
2023-04-18 16:14:05,244 ms,2.02 s,2.40 s
2023-04-18 16:14:10,261 ms,2.13 s,2.42 s
2023-04-18 16:14:15,233 ms,2.08 s,2.42 s
2023-04-18 16:14:20,227 ms,2.09 s,2.42 s
2023-04-18 16:14:25,250 ms,2.17 s,2.43 s
2023-04-18 16:14:30,304 ms,2.33 s,3.88 s
2023-04-18 16:14:35,333 ms,2.34 s,3.90 s
2023-04-18 16:14:40,446 ms,3.12 s,4.63 s
2023-04-18 16:14:45,446 ms,3.04 s,4.61 s
2023-04-18 16:14:50,528 ms,2.88 s,4.57 s
2023-04-18 16:14:55,425 ms,2.75 s,4.55 s
2023-04-18 16:15:00,450 ms,3.25 s,4.65 s
2023-04-18 16:15:05,417 ms,3.12 s,4.62 s
2023-04-18 16:15:10,471 ms,3.42 s,4.69 s
2023-04-18 16:15:15,455 ms,3.56 s,4.71 s
2023-04-18 16:15:20,467 ms,3.50 s,4.70 s
2023-04-18 16:15:25,431 ms,3.15 s,4.63 s
2023-04-18 16:15:30,438 ms,3.05 s,4.61 s
2023-04-18 16:15:35,419 ms,2.39 s,4.33 s
2023-04-18 16:15:40,440 ms,2.39 s,4.32 s
2023-04-18 16:15:45,432 ms,2.49 s,4.49 s
2023-04-18 16:15:50,475 ms,3.00 s,4.60 s
2023-04-18 16:15:55,488 ms,3.25 s,4.65 s
2023-04-18 16:16:00,488 ms,3.54 s,4.71 s
2023-04-18 16:16:05,489 ms,3.54 s,4.71 s
2023-04-18 16:16:10,500 ms,3.54 s,4.71 s
2023-04-18 16:16:15,457 ms,3.52 s,4.70 s
2023-04-18 16:16:20,450 ms,3.54 s,4.71 s
2023-04-18 16:16:25,467 ms,3.86 s,4.77 s
2023-04-18 16:16:30,478 ms,3.97 s,4.79 s
2023-04-18 16:16:35,440 ms,3.96 s,4.79 s
2023-04-18 16:16:40,440 ms,4.06 s,4.81 s
2023-04-18 16:16:45,435 ms,4.13 s,4.82 s
2023-04-18 16:16:50,429 ms,3.97 s,4.79 s
2023-04-18 16:16:55,398 ms,3.83 s,4.77 s
2023-04-18 16:17:00,375 ms,3.69 s,4.74 s
2023-04-18 16:17:05,350 ms,3.54 s,4.71 s
2023-04-18 16:17:10,350 ms,3.54 s,4.71 s
2023-04-18 16:17:15,365 ms,3.55 s,4.71 s
2023-04-18 16:17:20,370 ms,3.69 s,4.74 s
2023-04-18 16:17:25,371 ms,3.52 s,4.70 s
2023-04-18 16:17:30,406 ms,3.52 s,4.70 s
2023-04-18 16:17:35,391 ms,2.92 s,4.59 s
2023-04-18 16:17:40,371 ms,2.28 s,4.31 s
2023-04-18 16:17:45,342 ms,2.21 s,4.31 s
2023-04-18 16:17:50,340 ms,2.24 s,4.33 s
2023-04-18 16:17:55,355 ms,2.29 s,4.32 s
2023-04-18 16:18:00,367 ms,2.49 s,4.49 s
2023-04-18 16:18:05,375 ms,2.59 s,4.52 s
2023-04-18 16:18:10,380 ms,3.10 s,4.62 s
2023-04-18 16:18:15,356 ms,2.30 s,4.12 s
2023-04-18 16:18:20,344 ms,2.28 s,4.18 s
2023-04-18 16:18:25,307 ms,2.27 s,4.20 s
2023-04-18 16:18:30,285 ms,2.30 s,4.26 s
2023-04-18 16:18:35,313 ms,2.37 s,4.27 s
2023-04-18 16:18:40,358 ms,2.40 s,4.34 s
2023-04-18 16:18:45,393 ms,2.42 s,4.35 s
2023-04-18 16:18:50,365 ms,2.43 s,4.40 s
2023-04-18 16:18:55,337 ms,2.30 s,3.83 s
2023-04-18 16:19:00,313 ms,2.30 s,3.85 s
2023-04-18 16:19:05,278 ms,2.15 s,2.43 s
2023-04-18 16:19:10,266 ms,2.15 s,2.43 s
2023-04-18 16:19:15,250 ms,2.15 s,2.43 s
2023-04-18 16:19:20,318 ms,2.30 s,3.85 s
2023-04-18 16:19:25,338 ms,2.33 s,3.83 s
2023-04-18 16:19:30,327 ms,2.28 s,3.85 s
2023-04-18 16:19:35,325 ms,2.28 s,3.83 s
2023-04-18 16:19:40,342 ms,2.30 s,3.82 s
2023-04-18 16:19:45,342 ms,2.30 s,3.82 s
2023-04-18 16:19:50,344 ms,2.28 s,3.85 s
2023-04-18 16:19:55,331 ms,2.25 s,3.83 s
2023-04-18 16:20:00,340 ms,2.25 s,3.83 s
2023-04-18 16:20:05,344 ms,2.42 s,4.41 s
2023-04-18 16:20:10,350 ms,2.42 s,4.40 s
2023-04-18 16:20:15,336 ms,2.25 s,3.83 s
2023-04-18 16:20:20,325 ms,2.20 s,3.80 s
2023-04-18 16:20:25,306 ms,2.18 s,3.85 s
2023-04-18 16:20:30,308 ms,2.27 s,3.88 s
2023-04-18 16:20:35,286 ms,3.08 s,4.62 s
2023-04-18 16:20:40,292 ms,3.56 s,4.71 s
2023-04-18 16:20:45,284 ms,3.87 s,4.78 s
2023-04-18 16:20:50,318 ms,4.04 s,4.81 s
2023-04-18 16:20:55,295 ms,4.00 s,4.80 s
2023-04-18 16:21:00,250 ms,3.85 s,4.77 s
2023-04-18 16:21:05,234 ms,3.82 s,4.77 s
2023-04-18 16:21:10,225 ms,3.82 s,4.77 s
2023-04-18 16:21:15,238 ms,3.85 s,4.77 s
2023-04-18 16:21:20,266 ms,4.02 s,4.80 s
2023-04-18 16:21:25,284 ms,3.98 s,4.80 s
2023-04-18 16:21:30,279 ms,3.53 s,4.71 s
2023-04-18 16:21:35,260 ms,3.04 s,4.61 s
2023-04-18 16:21:40,245 ms,2.40 s,4.39 s
2023-04-18 16:21:45,239 ms,2.15 s,3.80 s
2023-04-18 16:21:50,238 ms,2.18 s,3.85 s
2023-04-18 16:21:55,229 ms,2.18 s,3.85 s
2023-04-18 16:22:00,250 ms,2.18 s,3.85 s
2023-04-18 16:22:05,288 ms,2.22 s,3.85 s
2023-04-18 16:22:10,269 ms,2.22 s,3.85 s
2023-04-18 16:22:15,269 ms,2.07 s,2.41 s
2023-04-18 16:22:20,244 ms,2.21 s,3.82 s
2023-04-18 16:22:25,244 ms,2.25 s,3.83 s
2023-04-18 16:22:30,229 ms,2.22 s,3.85 s
2023-04-18 16:22:35,250 ms,2.44 s,4.42 s
2023-04-18 16:22:40,264 ms,2.43 s,4.41 s
2023-04-18 16:22:45,292 ms,2.44 s,4.41 s
2023-04-18 16:22:50,300 ms,2.43 s,4.40 s
2023-04-18 16:22:55,300 ms,2.43 s,4.40 s
2023-04-18 16:23:00,278 ms,2.43 s,4.40 s
2023-04-18 16:23:05,292 ms,2.44 s,4.41 s
2023-04-18 16:23:10,266 ms,3.04 s,4.61 s
2023-04-18 16:23:15,278 ms,2.45 s,4.43 s
2023-04-18 16:23:20,278 ms,2.45 s,4.43 s
2023-04-18 16:23:25,325 ms,2.44 s,4.40 s
2023-04-18 16:23:30,273 ms,2.27 s,3.80 s
2023-04-18 16:23:35,262 ms,2.27 s,3.82 s
2023-04-18 16:23:40,260 ms,2.21 s,3.83 s
2023-04-18 16:23:45,298 ms,2.25 s,3.83 s
2023-04-18 16:23:50,375 ms,2.88 s,4.57 s
2023-04-18 16:23:55,833 ms,4.77 s,8.40 s
2023-04-18 16:24:00,1.80 s,6.58 s,9.32 s
2023-04-18 16:24:05,2.59 s,7.18 s,10 s
2023-04-18 16:24:10,2.93 s,7.36 s,10 s
2023-04-18 16:24:15,3.19 s,7.84 s,10 s
2023-04-18 16:24:20,3.38 s,8.63 s,10 s
2023-04-18 16:24:25,3.50 s,8.89 s,10 s
2023-04-18 16:24:30,3.58 s,8.77 s,10 s
2023-04-18 16:24:35,3.65 s,9.04 s,10 s
2023-04-18 16:24:40,3.69 s,8.88 s,10 s
2023-04-18 16:24:45,3.73 s,9.42 s,10 s
2023-04-18 16:24:50,3.77 s,9.41 s,10 s
2023-04-18 16:24:55,3.75 s,10 s,10 s
2023-04-18 16:25:00,3.76 s,10 s,10 s
2023-04-18 16:25:05,3.76 s,9.73 s,10 s
2023-04-18 16:25:10,3.77 s,10 s,10 s
2023-04-18 16:25:15,3.77 s,10.00 s,10 s
2023-04-18 16:25:20,3.74 s,9.73 s,10 s
2023-04-18 16:25:25,3.75 s,10 s,10 s
2023-04-18 16:25:30,3.73 s,10 s,10 s
2023-04-18 16:25:35,3.73 s,10 s,10 s
2023-04-18 16:25:40,3.80 s,10 s,10 s
2023-04-18 16:25:45,3.74 s,10 s,10 s
2023-04-18 16:25:50,3.68 s,10 s,10 s
2023-04-18 16:25:55,3.58 s,10 s,10 s
2023-04-18 16:26:00,3.48 s,10 s,10 s
2023-04-18 16:26:05,3.28 s,10 s,10 s
2023-04-18 16:26:10,3.04 s,9.94 s,10 s
2023-04-18 16:26:15,2.79 s,10 s,10 s
2023-04-18 16:26:20,1.75 s,9.92 s,10 s
2023-04-18 16:26:25,911 ms,8.58 s,10 s
2023-04-18 16:26:30,567 ms,8.25 s,10 s
2023-04-18 16:26:35,409 ms,2.78 s,5.45 s
2023-04-18 16:26:40,406 ms,2.72 s,4.54 s
2023-04-18 16:26:45,418 ms,2.36 s,4.24 s
2023-04-18 16:26:50,406 ms,2.36 s,4.25 s
2023-04-18 16:26:55,440 ms,2.45 s,4.44 s
2023-04-18 16:27:00,451 ms,2.45 s,4.43 s
2023-04-18 16:27:05,409 ms,2.35 s,4.23 s
2023-04-18 16:27:10,441 ms,2.45 s,4.43 s
2023-04-18 16:27:15,406 ms,2.73 s,4.54 s
2023-04-18 16:27:20,441 ms,3.10 s,4.62 s
2023-04-18 16:27:25,486 ms,3.12 s,4.63 s
2023-04-18 16:27:30,590 ms,3.37 s,4.67 s
2023-04-18 16:27:35,563 ms,3.08 s,4.62 s
2023-04-18 16:27:40,495 ms,3.37 s,4.67 s
2023-04-18 16:27:45,576 ms,3.58 s,4.72 s
2023-04-18 16:27:50,525 ms,3.72 s,4.74 s
2023-04-18 16:27:55,491 ms,3.72 s,4.74 s
2023-04-18 16:28:00,495 ms,3.58 s,4.72 s
2023-04-18 16:28:05,490 ms,3.56 s,4.71 s
2023-04-18 16:28:10,563 ms,3.74 s,4.75 s
2023-04-18 16:28:15,491 ms,3.56 s,4.71 s
2023-04-18 16:28:20,478 ms,3.58 s,4.72 s
2023-04-18 16:28:25,454 ms,3.58 s,4.72 s
2023-04-18 16:28:30,425 ms,3.56 s,4.71 s
2023-04-18 16:28:35,435 ms,3.37 s,4.67 s
2023-04-18 16:28:40,417 ms,3.36 s,4.67 s
2023-04-18 16:28:45,402 ms,2.77 s,4.55 s
2023-04-18 16:28:50,425 ms,3.39 s,4.68 s
2023-04-18 16:28:55,449 ms,3.86 s,4.77 s
2023-04-18 16:29:00,433 ms,3.72 s,4.74 s
2023-04-18 16:29:05,405 ms,3.39 s,4.68 s
2023-04-18 16:29:10,433 ms,3.59 s,4.72 s
2023-04-18 16:29:15,430 ms,3.56 s,4.71 s
2023-04-18 16:29:20,413 ms,3.36 s,4.67 s
2023-04-18 16:29:25,470 ms,3.58 s,4.72 s
2023-04-18 16:29:30,422 ms,3.55 s,4.71 s
2023-04-18 16:29:35,426 ms,3.37 s,4.67 s
2023-04-18 16:29:40,438 ms,3.56 s,4.71 s
2023-04-18 16:29:45,412 ms,3.12 s,4.63 s
2023-04-18 16:29:50,415 ms,2.67 s,4.53 s
2023-04-18 16:29:55,403 ms,2.72 s,4.54 s
2023-04-18 16:30:00,422 ms,2.72 s,4.54 s
2023-04-18 16:30:05,397 ms,2.72 s,4.54 s
2023-04-18 16:30:10,420 ms,3.13 s,4.63 s
2023-04-18 16:30:15,466 ms,3.75 s,4.75 s
2023-04-18 16:30:20,443 ms,3.58 s,4.72 s
2023-04-18 16:30:25,494 ms,3.61 s,4.72 s
2023-04-18 16:30:30,500 ms,3.85 s,4.77 s
2023-04-18 16:30:35,500 ms,3.88 s,4.78 s
2023-04-18 16:30:40,647 ms,4.42 s,5.30 s
2023-04-18 16:30:45,922 ms,4.98 s,8.95 s
2023-04-18 16:30:50,1.89 s,4.95 s,8.81 s
2023-04-18 16:30:55,2.65 s,4.97 s,9.64 s
2023-04-18 16:31:00,2.96 s,4.99 s,10 s
2023-04-18 16:31:05,3.14 s,5.00 s,10 s
2023-04-18 16:31:10,3.25 s,7.61 s,10 s
2023-04-18 16:31:15,3.24 s,7.57 s,10 s
2023-04-18 16:31:20,3.22 s,7.43 s,10 s
2023-04-18 16:31:25,3.16 s,7.29 s,10 s
2023-04-18 16:31:30,3.11 s,7.11 s,10 s
2023-04-18 16:31:35,3.03 s,6.67 s,10 s
2023-04-18 16:31:40,2.77 s,4.95 s,10 s
2023-04-18 16:31:45,2.25 s,4.96 s,10 s
2023-04-18 16:31:50,1.55 s,4.93 s,10 s
2023-04-18 16:31:55,1.10 s,4.87 s,10 s
2023-04-18 16:32:00,949 ms,4.74 s,10 s
2023-04-18 16:32:05,929 ms,4.17 s,4.83 s
2023-04-18 16:32:10,1.10 s,4.28 s,4.86 s
2023-04-18 16:32:15,969 ms,4.20 s,4.84 s
2023-04-18 16:32:20,991 ms,4.19 s,4.84 s
2023-04-18 16:32:25,933 ms,4.07 s,4.81 s
2023-04-18 16:32:30,942 ms,4.02 s,4.80 s
2023-04-18 16:32:35,911 ms,3.99 s,4.80 s
2023-04-18 16:32:40,932 ms,4.09 s,4.82 s
2023-04-18 16:32:45,871 ms,4.08 s,4.82 s
2023-04-18 16:32:50,784 ms,3.87 s,4.78 s
2023-04-18 16:32:55,716 ms,3.61 s,4.72 s
2023-04-18 16:33:00,705 ms,3.91 s,4.78 s
2023-04-18 16:33:05,656 ms,3.73 s,4.75 s
2023-04-18 16:33:10,716 ms,3.84 s,4.77 s
2023-04-18 16:33:15,705 ms,3.95 s,4.79 s
2023-04-18 16:33:20,711 ms,3.97 s,4.79 s
2023-04-18 16:33:25,642 ms,3.89 s,4.78 s
2023-04-18 16:33:30,590 ms,3.70 s,4.74 s
2023-04-18 16:33:35,563 ms,3.57 s,4.71 s
2023-04-18 16:33:40,617 ms,3.63 s,4.73 s
2023-04-18 16:33:45,641 ms,3.90 s,4.78 s
2023-04-18 16:33:50,637 ms,3.99 s,4.80 s
2023-04-18 16:33:55,565 ms,3.47 s,4.69 s
2023-04-18 16:34:00,484 ms,3.20 s,4.64 s
2023-04-18 16:34:05,477 ms,3.50 s,4.70 s
2023-04-18 16:34:10,455 ms,3.12 s,4.63 s
2023-04-18 16:34:15,435 ms,3.25 s,4.65 s
2023-04-18 16:34:20,440 ms,3.54 s,4.71 s
2023-04-18 16:34:25,431 ms,3.68 s,4.74 s
2023-04-18 16:34:30,441 ms,3.80 s,4.76 s
2023-04-18 16:34:35,421 ms,3.78 s,4.76 s
2023-04-18 16:34:40,394 ms,3.40 s,4.68 s
2023-04-18 16:34:45,354 ms,3.08 s,4.62 s
2023-04-18 16:34:50,344 ms,3.07 s,4.61 s
2023-04-18 16:34:55,344 ms,3.07 s,4.61 s
2023-04-18 16:35:00,318 ms,2.33 s,4.37 s
2023-04-18 16:35:05,332 ms,2.32 s,4.36 s
2023-04-18 16:35:10,321 ms,2.32 s,4.36 s
2023-04-18 16:35:15,344 ms,2.23 s,4.05 s
2023-04-18 16:35:20,323 ms,2.03 s,3.10 s
2023-04-18 16:35:25,339 ms,2.19 s,4.04 s
2023-04-18 16:35:30,345 ms,2.21 s,4.06 s
2023-04-18 16:35:35,361 ms,2.37 s,4.36 s
2023-04-18 16:35:40,384 ms,2.41 s,4.37 s
2023-04-18 16:35:45,409 ms,3.40 s,4.68 s
2023-04-18 16:35:50,405 ms,3.83 s,4.77 s
2023-04-18 16:35:55,409 ms,3.93 s,4.79 s
2023-04-18 16:36:00,404 ms,3.94 s,4.79 s
2023-04-18 16:36:05,423 ms,3.94 s,4.79 s
2023-04-18 16:36:10,405 ms,3.93 s,4.79 s
2023-04-18 16:36:15,420 ms,4.05 s,4.81 s
2023-04-18 16:36:20,430 ms,3.94 s,4.79 s
2023-04-18 16:36:25,435 ms,3.92 s,4.78 s
2023-04-18 16:36:30,411 ms,3.93 s,4.79 s
2023-04-18 16:36:35,399 ms,3.93 s,4.79 s
2023-04-18 16:36:40,400 ms,3.42 s,4.68 s
2023-04-18 16:36:45,400 ms,3.61 s,4.72 s
2023-04-18 16:36:50,402 ms,3.37 s,4.67 s
2023-04-18 16:36:55,375 ms,3.40 s,4.68 s
2023-04-18 16:37:00,357 ms,3.42 s,4.68 s
2023-04-18 16:37:05,369 ms,3.50 s,4.70 s
2023-04-18 16:37:10,375 ms,3.71 s,4.74 s
2023-04-18 16:37:15,326 ms,3.77 s,4.75 s
2023-04-18 16:37:20,350 ms,3.79 s,4.76 s
2023-04-18 16:37:25,382 ms,3.62 s,4.72 s
2023-04-18 16:37:30,393 ms,3.67 s,4.73 s
2023-04-18 16:37:35,382 ms,3.86 s,4.77 s
2023-04-18 16:37:40,359 ms,3.12 s,4.62 s
2023-04-18 16:37:45,346 ms,3.16 s,4.63 s
2023-04-18 16:37:50,353 ms,3.19 s,4.64 s
2023-04-18 16:37:55,360 ms,3.22 s,4.64 s
2023-04-18 16:38:00,342 ms,3.50 s,4.70 s
2023-04-18 16:38:05,309 ms,2.54 s,4.51 s
2023-04-18 16:38:10,340 ms,2.36 s,4.26 s
2023-04-18 16:38:15,309 ms,2.32 s,4.29 s
2023-04-18 16:38:20,333 ms,2.58 s,4.52 s
2023-04-18 16:38:25,344 ms,2.50 s,4.50 s
2023-04-18 16:38:30,288 ms,2.38 s,4.27 s
2023-04-18 16:38:35,295 ms,2.37 s,4.26 s
2023-04-18 16:38:40,308 ms,2.37 s,4.26 s
2023-04-18 16:38:45,325 ms,2.36 s,4.26 s
2023-04-18 16:38:50,325 ms,2.36 s,4.26 s
2023-04-18 16:38:55,308 ms,2.24 s,3.55 s
2023-04-18 16:39:00,339 ms,2.24 s,3.55 s
2023-04-18 16:39:05,300 ms,2.37 s,4.27 s
2023-04-18 16:39:10,304 ms,2.50 s,4.50 s
2023-04-18 16:39:15,292 ms,2.36 s,4.26 s
2023-04-18 16:39:20,285 ms,2.54 s,4.51 s
2023-04-18 16:39:25,313 ms,2.58 s,4.52 s
2023-04-18 16:39:30,303 ms,2.58 s,4.52 s
2023-04-18 16:39:35,309 ms,3.19 s,4.64 s
2023-04-18 16:39:40,296 ms,3.16 s,4.63 s
2023-04-18 16:39:45,287 ms,3.16 s,4.63 s
2023-04-18 16:39:50,294 ms,3.19 s,4.64 s
2023-04-18 16:39:55,279 ms,3.12 s,4.62 s
2023-04-18 16:40:00,287 ms,2.54 s,4.51 s
2023-04-18 16:40:05,294 ms,2.33 s,4.30 s
2023-04-18 16:40:10,308 ms,2.62 s,4.53 s
2023-04-18 16:40:15,337 ms,2.37 s,4.29 s
2023-04-18 16:40:20,352 ms,2.39 s,4.26 s
2023-04-18 16:40:25,385 ms,2.54 s,4.51 s
2023-04-18 16:40:30,385 ms,2.39 s,4.27 s
2023-04-18 16:40:35,463 ms,2.63 s,4.53 s
2023-04-18 16:40:40,469 ms,3.22 s,4.64 s
2023-04-18 16:40:45,490 ms,3.16 s,4.63 s
2023-04-18 16:40:50,500 ms,3.19 s,4.64 s
2023-04-18 16:40:55,525 ms,3.22 s,4.64 s
2023-04-18 16:41:00,528 ms,3.09 s,4.62 s
2023-04-18 16:41:05,448 ms,2.54 s,4.51 s
2023-04-18 16:41:10,443 ms,2.54 s,4.51 s
2023-04-18 16:41:15,413 ms,2.54 s,4.51 s
2023-04-18 16:41:20,406 ms,2.41 s,4.26 s
2023-04-18 16:41:25,398 ms,2.41 s,4.26 s
2023-04-18 16:41:30,356 ms,2.29 s,3.52 s
2023-04-18 16:41:35,346 ms,2.27 s,3.50 s
2023-04-18 16:41:40,357 ms,2.30 s,3.55 s
2023-04-18 16:41:45,354 ms,2.30 s,3.55 s
2023-04-18 16:41:50,339 ms,2.27 s,3.50 s
2023-04-18 16:41:55,304 ms,2.21 s,3.55 s
2023-04-18 16:42:00,304 ms,2.25 s,3.50 s
2023-04-18 16:42:05,292 ms,2.21 s,3.53 s
2023-04-18 16:42:10,259 ms,2.13 s,3.53 s
2023-04-18 16:42:15,246 ms,2.10 s,3.57 s
2023-04-18 16:42:20,250 ms,2.11 s,3.60 s
2023-04-18 16:42:25,236 ms,2.12 s,3.62 s
2023-04-18 16:42:30,219 ms,1.93 s,2.39 s
2023-04-18 16:42:35,198 ms,1.72 s,2.34 s
2023-04-18 16:42:40,195 ms,1.75 s,2.35 s
2023-04-18 16:42:45,198 ms,1.79 s,2.36 s
2023-04-18 16:42:50,212 ms,2.00 s,2.40 s
2023-04-18 16:42:55,210 ms,1.82 s,2.36 s
2023-04-18 16:43:00,204 ms,1.67 s,2.34 s
2023-04-18 16:43:05,198 ms,1.73 s,2.35 s
2023-04-18 16:43:10,204 ms,2.09 s,3.95 s
2023-04-18 16:43:15,204 ms,2.09 s,3.95 s
2023-04-18 16:43:20,225 ms,2.22 s,3.95 s
2023-04-18 16:43:25,236 ms,2.26 s,3.95 s
2023-04-18 16:43:30,250 ms,2.26 s,3.95 s
2023-04-18 16:43:35,242 ms,2.24 s,3.97 s
2023-04-18 16:43:40,243 ms,2.28 s,3.92 s
2023-04-18 16:43:45,235 ms,2.26 s,3.95 s
2023-04-18 16:43:50,223 ms,2.26 s,3.95 s
2023-04-18 16:43:55,204 ms,2.26 s,3.95 s
2023-04-18 16:44:00,210 ms,2.25 s,3.92 s
2023-04-18 16:44:05,204 ms,2.11 s,2.42 s
2023-04-18 16:44:10,196 ms,2.11 s,2.42 s
2023-04-18 16:44:15,196 ms,1.98 s,2.39 s
2023-04-18 16:44:20,196 ms,1.87 s,2.37 s
2023-04-18 16:44:25,196 ms,1.87 s,2.37 s
2023-04-18 16:44:30,194 ms,1.84 s,2.37 s
2023-04-18 16:44:35,184 ms,1.47 s,2.29 s
2023-04-18 16:44:40,188 ms,1.95 s,3.95 s
2023-04-18 16:44:45,195 ms,2.11 s,3.98 s
2023-04-18 16:44:50,210 ms,3.29 s,4.66 s
2023-04-18 16:44:55,215 ms,3.25 s,4.65 s
2023-04-18 16:45:00,207 ms,3.25 s,4.65 s
2023-04-18 16:45:05,200 ms,3.25 s,4.65 s
2023-04-18 16:45:10,200 ms,3.25 s,4.65 s
2023-04-18 16:45:15,200 ms,3.25 s,4.65 s
2023-04-18 16:45:20,200 ms,3.25 s,4.65 s
2023-04-18 16:45:25,219 ms,3.29 s,4.66 s
2023-04-18 16:45:30,243 ms,3.21 s,4.64 s
2023-04-18 16:45:35,225 ms,2.47 s,4.47 s
2023-04-18 16:45:40,210 ms,2.46 s,4.46 s
2023-04-18 16:45:45,204 ms,2.05 s,2.41 s
2023-04-18 16:45:50,194 ms,2.01 s,2.40 s
2023-04-18 16:45:55,202 ms,2.08 s,2.42 s
2023-04-18 16:46:00,197 ms,2.10 s,2.42 s
2023-04-18 16:46:05,183 ms,2.12 s,2.43 s
2023-04-18 16:46:10,175 ms,2.35 s,4.15 s
2023-04-18 16:46:15,175 ms,2.36 s,4.18 s
2023-04-18 16:46:20,160 ms,2.35 s,4.20 s
2023-04-18 16:46:25,148 ms,2.29 s,4.22 s
2023-04-18 16:46:30,137 ms,2.28 s,4.27 s
2023-04-18 16:46:35,145 ms,2.20 s,4.30 s
2023-04-18 16:46:40,142 ms,1.97 s,4.32 s
2023-04-18 16:46:45,156 ms,1.90 s,4.30 s
2023-04-18 16:46:50,147 ms,825 ms,4.32 s
2023-04-18 16:46:55,150 ms,800 ms,4.30 s
2023-04-18 16:47:00,145 ms,800 ms,4.30 s
2023-04-18 16:47:05,141 ms,480 ms,860 ms
2023-04-18 16:47:10,130 ms,435 ms,487 ms
2023-04-18 16:47:15,145 ms,483 ms,4.30 s
2023-04-18 16:47:20,142 ms,1.97 s,4.32 s
2023-04-18 16:47:25,150 ms,3.25 s,4.65 s
2023-04-18 16:47:30,147 ms,3.31 s,4.66 s
2023-04-18 16:47:35,150 ms,3.25 s,4.65 s
2023-04-18 16:47:40,142 ms,3.31 s,4.66 s
2023-04-18 16:47:45,150 ms,3.25 s,4.65 s
2023-04-18 16:47:50,154 ms,3.31 s,4.66 s
2023-04-18 16:47:55,164 ms,3.25 s,4.65 s
2023-04-18 16:48:00,163 ms,3.31 s,4.66 s
2023-04-18 16:48:05,175 ms,3.25 s,4.65 s
2023-04-18 16:48:10,163 ms,2.37 s,4.32 s
2023-04-18 16:48:15,163 ms,2.32 s,4.32 s
2023-04-18 16:48:20,160 ms,1.85 s,2.37 s
2023-04-18 16:48:25,175 ms,1.99 s,2.40 s
2023-04-18 16:48:30,175 ms,2.01 s,2.40 s
2023-04-18 16:48:35,220 ms,1.94 s,2.39 s
2023-04-18 16:48:40,235 ms,1.92 s,2.38 s
2023-04-18 16:48:45,212 ms,1.86 s,2.37 s
2023-04-18 16:48:50,208 ms,1.84 s,2.37 s
2023-04-18 16:48:55,250 ms,1.93 s,2.39 s
2023-04-18 16:49:00,250 ms,1.90 s,2.38 s
2023-04-18 16:49:05,250 ms,2.17 s,3.95 s
2023-04-18 16:49:10,250 ms,2.20 s,3.90 s
2023-04-18 16:49:15,261 ms,3.04 s,4.61 s
2023-04-18 16:49:20,239 ms,3.00 s,4.60 s
2023-04-18 16:49:25,261 ms,2.88 s,4.57 s
2023-04-18 16:49:30,250 ms,2.92 s,4.58 s
2023-04-18 16:49:35,245 ms,2.88 s,4.57 s
2023-04-18 16:49:40,273 ms,2.92 s,4.58 s
2023-04-18 16:49:45,279 ms,2.88 s,4.57 s
2023-04-18 16:49:50,273 ms,2.92 s,4.58 s
2023-04-18 16:49:55,302 ms,3.41 s,4.68 s
2023-04-18 16:50:00,317 ms,2.92 s,4.58 s
2023-04-18 16:50:05,308 ms,2.88 s,4.57 s
2023-04-18 16:50:10,277 ms,2.19 s,3.78 s
2023-04-18 16:50:15,321 ms,2.92 s,4.58 s
2023-04-18 16:50:20,325 ms,3.41 s,4.68 s
2023-04-18 16:50:25,324 ms,3.44 s,4.69 s
2023-04-18 16:50:30,338 ms,3.44 s,4.69 s
2023-04-18 16:50:35,347 ms,3.72 s,4.74 s
2023-04-18 16:50:40,352 ms,3.75 s,4.75 s
2023-04-18 16:50:45,330 ms,3.75 s,4.75 s
2023-04-18 16:50:50,330 ms,3.75 s,4.75 s
2023-04-18 16:50:55,319 ms,3.72 s,4.74 s
2023-04-18 16:51:00,322 ms,3.72 s,4.74 s
2023-04-18 16:51:05,350 ms,3.70 s,4.74 s
2023-04-18 16:51:10,330 ms,2.83 s,4.57 s
2023-04-18 16:51:15,312 ms,2.92 s,4.58 s
2023-04-18 16:51:20,279 ms,2.92 s,4.58 s
2023-04-18 16:51:25,260 ms,3.41 s,4.68 s
2023-04-18 16:51:30,250 ms,2.92 s,4.58 s
2023-04-18 16:51:35,275 ms,2.87 s,4.57 s
2023-04-18 16:51:40,259 ms,2.87 s,4.57 s
2023-04-18 16:51:45,236 ms,2.22 s,4.36 s
2023-04-18 16:51:50,245 ms,2.88 s,4.57 s
2023-04-18 16:51:55,250 ms,2.92 s,4.58 s
2023-04-18 16:52:00,235 ms,2.96 s,4.59 s
2023-04-18 16:52:05,231 ms,2.92 s,4.58 s
2023-04-18 16:52:10,236 ms,2.88 s,4.57 s
2023-04-18 16:52:15,267 ms,2.92 s,4.58 s
2023-04-18 16:52:20,281 ms,2.30 s,4.40 s
2023-04-18 16:52:25,312 ms,3.34 s,4.67 s
2023-04-18 16:52:30,288 ms,3.34 s,4.67 s
2023-04-18 16:52:35,364 ms,3.31 s,4.66 s
2023-04-18 16:52:40,389 ms,3.60 s,4.72 s
2023-04-18 16:52:45,431 ms,3.57 s,4.72 s
2023-04-18 16:52:50,444 ms,3.79 s,4.76 s
2023-04-18 16:52:55,450 ms,3.71 s,4.74 s
2023-04-18 16:53:00,420 ms,3.73 s,4.75 s
2023-04-18 16:53:05,438 ms,3.45 s,4.69 s
2023-04-18 16:53:10,420 ms,3.65 s,4.73 s
2023-04-18 16:53:15,404 ms,3.62 s,4.72 s
2023-04-18 16:53:20,350 ms,3.00 s,4.60 s
2023-04-18 16:53:25,333 ms,3.00 s,4.60 s
2023-04-18 16:53:30,342 ms,3.38 s,4.68 s
2023-04-18 16:53:35,359 ms,3.00 s,4.60 s
2023-04-18 16:53:40,333 ms,2.46 s,4.47 s
2023-04-18 16:53:45,324 ms,2.30 s,4.20 s
2023-04-18 16:53:50,333 ms,2.32 s,4.20 s
2023-04-18 16:53:55,324 ms,2.32 s,4.20 s
2023-04-18 16:54:00,292 ms,2.31 s,4.21 s
2023-04-18 16:54:05,333 ms,2.17 s,3.40 s
2023-04-18 16:54:10,328 ms,2.13 s,3.40 s
2023-04-18 16:54:15,321 ms,2.30 s,4.20 s
2023-04-18 16:54:20,367 ms,2.30 s,4.20 s
2023-04-18 16:54:25,375 ms,2.47 s,4.47 s
2023-04-18 16:54:30,367 ms,2.97 s,4.59 s
2023-04-18 16:54:35,375 ms,2.97 s,4.59 s
2023-04-18 16:54:40,383 ms,2.97 s,4.59 s
2023-04-18 16:54:45,383 ms,3.03 s,4.61 s
2023-04-18 16:54:50,390 ms,2.97 s,4.59 s
2023-04-18 16:54:55,382 ms,3.00 s,4.60 s
2023-04-18 16:55:00,381 ms,3.65 s,4.73 s
2023-04-18 16:55:05,387 ms,3.65 s,4.73 s
2023-04-18 16:55:10,417 ms,3.67 s,4.73 s
2023-04-18 16:55:15,423 ms,3.98 s,4.80 s
2023-04-18 16:55:20,381 ms,3.67 s,4.73 s
2023-04-18 16:55:25,369 ms,3.35 s,4.67 s
2023-04-18 16:55:30,386 ms,3.54 s,4.71 s
2023-04-18 16:55:35,463 ms,4.47 s,8.05 s
2023-04-18 16:55:40,750 ms,5.65 s,9.13 s
2023-04-18 16:55:45,1.75 s,7.66 s,9.53 s
2023-04-18 16:55:50,2.29 s,7.81 s,9.56 s
2023-04-18 16:55:55,2.70 s,8.44 s,9.92 s
2023-04-18 16:56:00,2.81 s,8.61 s,9.91 s
2023-04-18 16:56:05,3.12 s,8.85 s,10 s
2023-04-18 16:56:10,3.27 s,8.85 s,10 s
2023-04-18 16:56:15,3.42 s,8.94 s,10 s
2023-04-18 16:56:20,3.50 s,9.25 s,10 s
2023-04-18 16:56:25,3.60 s,9.27 s,10 s
2023-04-18 16:56:30,3.65 s,9.27 s,10 s
2023-04-18 16:56:35,3.63 s,9.32 s,10 s
2023-04-18 16:56:40,3.49 s,9.33 s,10 s
2023-04-18 16:56:45,3.38 s,9.36 s,10 s
2023-04-18 16:56:50,3.19 s,9.14 s,10 s
2023-04-18 16:56:55,3.11 s,9.07 s,10 s
2023-04-18 16:57:00,2.73 s,8.73 s,10 s
2023-04-18 16:57:05,2.19 s,8.67 s,10 s
2023-04-18 16:57:10,1.53 s,8.40 s,10 s
2023-04-18 16:57:15,967 ms,7.40 s,9.48 s
2023-04-18 16:57:20,703 ms,6.91 s,9.38 s
2023-04-18 16:57:25,437 ms,4.71 s,8.91 s
2023-04-18 16:57:30,421 ms,2.30 s,3.97 s
2023-04-18 16:57:35,479 ms,2.82 s,4.57 s
2023-04-18 16:57:40,493 ms,2.83 s,4.57 s
2023-04-18 16:57:45,452 ms,2.47 s,4.46 s
2023-04-18 16:57:50,422 ms,2.47 s,4.46 s
2023-04-18 16:57:55,432 ms,2.88 s,4.58 s
2023-04-18 16:58:00,435 ms,3.23 s,4.65 s
2023-04-18 16:58:05,435 ms,3.46 s,4.69 s
2023-04-18 16:58:10,446 ms,3.46 s,4.69 s
2023-04-18 16:58:15,482 ms,3.67 s,4.73 s
2023-04-18 16:58:20,490 ms,3.66 s,4.73 s
2023-04-18 16:58:25,495 ms,3.76 s,4.75 s
2023-04-18 16:58:30,438 ms,3.23 s,4.65 s
2023-04-18 16:58:35,438 ms,2.83 s,4.57 s
2023-04-18 16:58:40,467 ms,3.46 s,4.69 s
2023-04-18 16:58:45,460 ms,3.48 s,4.70 s
2023-04-18 16:58:50,462 ms,3.19 s,4.64 s
2023-04-18 16:58:55,446 ms,2.85 s,4.57 s
2023-04-18 16:59:00,438 ms,2.85 s,4.57 s
2023-04-18 16:59:05,443 ms,3.21 s,4.64 s
2023-04-18 16:59:10,430 ms,3.21 s,4.64 s

