"Time","avg-res-time"
2023-04-18 13:59:10,1.41 ms
2023-04-18 13:59:15,1.37 ms
2023-04-18 13:59:20,1.36 ms
2023-04-18 13:59:25,1.36 ms
2023-04-18 13:59:30,1.38 ms
2023-04-18 13:59:35,1.37 ms
2023-04-18 13:59:40,1.39 ms
2023-04-18 13:59:45,1.38 ms
2023-04-18 13:59:50,766 ms
2023-04-18 13:59:55,2.06 s
2023-04-18 14:00:00,1.57 s
2023-04-18 14:00:05,1.40 s
2023-04-18 14:00:10,1.38 s
2023-04-18 14:00:15,1.39 s
2023-04-18 14:00:20,1.41 s
2023-04-18 14:00:25,1.33 s
2023-04-18 14:00:30,1.32 s
2023-04-18 14:00:35,1.31 s
2023-04-18 14:00:40,1.26 s
2023-04-18 14:00:45,1.18 s
2023-04-18 14:00:50,1.00 s
2023-04-18 14:00:55,957 ms
2023-04-18 14:01:00,905 ms
2023-04-18 14:01:05,833 ms
2023-04-18 14:01:10,776 ms
2023-04-18 14:01:15,763 ms
2023-04-18 14:01:20,782 ms
2023-04-18 14:01:25,727 ms
2023-04-18 14:01:30,679 ms
2023-04-18 14:01:35,683 ms
2023-04-18 14:01:40,688 ms
2023-04-18 14:01:45,685 ms
2023-04-18 14:01:50,776 ms
2023-04-18 14:01:55,929 ms
2023-04-18 14:02:00,1.00 s
2023-04-18 14:02:05,962 ms
2023-04-18 14:02:10,961 ms
2023-04-18 14:02:15,964 ms
2023-04-18 14:02:20,1.02 s
2023-04-18 14:02:25,1.09 s
2023-04-18 14:02:30,1.13 s
2023-04-18 14:02:35,1.12 s
2023-04-18 14:02:40,1.09 s
2023-04-18 14:02:45,1.04 s
2023-04-18 14:02:50,929 ms
2023-04-18 14:02:55,918 ms
2023-04-18 14:03:00,967 ms
2023-04-18 14:03:05,956 ms
2023-04-18 14:03:10,995 ms
2023-04-18 14:03:15,985 ms
2023-04-18 14:03:20,955 ms
2023-04-18 14:03:25,916 ms
2023-04-18 14:03:30,970 ms
2023-04-18 14:03:35,1.02 s
2023-04-18 14:03:40,998 ms
2023-04-18 14:03:45,952 ms
2023-04-18 14:03:50,940 ms
2023-04-18 14:03:55,1.02 s
2023-04-18 14:04:00,948 ms
2023-04-18 14:04:05,880 ms
2023-04-18 14:04:10,829 ms
2023-04-18 14:04:15,854 ms
2023-04-18 14:04:20,902 ms
2023-04-18 14:04:25,909 ms
2023-04-18 14:04:30,892 ms
2023-04-18 14:04:35,843 ms
2023-04-18 14:04:40,859 ms
2023-04-18 14:04:45,862 ms
2023-04-18 14:04:50,769 ms
2023-04-18 14:04:55,784 ms
2023-04-18 14:05:00,807 ms
2023-04-18 14:05:05,882 ms
2023-04-18 14:05:10,844 ms
2023-04-18 14:05:15,821 ms
2023-04-18 14:05:20,826 ms
2023-04-18 14:05:25,807 ms
2023-04-18 14:05:30,810 ms
2023-04-18 14:05:35,811 ms
2023-04-18 14:05:40,787 ms
2023-04-18 14:05:45,774 ms
2023-04-18 14:05:50,747 ms
2023-04-18 14:05:55,721 ms
2023-04-18 14:06:00,663 ms
2023-04-18 14:06:05,663 ms
2023-04-18 14:06:10,708 ms
2023-04-18 14:06:15,623 ms
2023-04-18 14:06:20,609 ms
2023-04-18 14:06:25,658 ms
2023-04-18 14:06:30,674 ms
2023-04-18 14:06:35,697 ms
2023-04-18 14:06:40,690 ms
2023-04-18 14:06:45,707 ms
2023-04-18 14:06:50,699 ms
2023-04-18 14:06:55,768 ms
2023-04-18 14:07:00,723 ms
2023-04-18 14:07:05,642 ms
2023-04-18 14:07:10,685 ms
2023-04-18 14:07:15,661 ms
2023-04-18 14:07:20,626 ms
2023-04-18 14:07:25,592 ms
2023-04-18 14:07:30,543 ms
2023-04-18 14:07:35,538 ms
2023-04-18 14:07:40,557 ms
2023-04-18 14:07:45,549 ms
2023-04-18 14:07:50,397 ms
2023-04-18 14:07:55,454 ms
2023-04-18 14:08:00,462 ms
2023-04-18 14:08:05,455 ms
2023-04-18 14:08:10,544 ms
2023-04-18 14:08:15,531 ms
2023-04-18 14:08:20,540 ms
2023-04-18 14:08:25,539 ms
2023-04-18 14:08:30,565 ms
2023-04-18 14:08:35,529 ms
2023-04-18 14:08:40,515 ms
2023-04-18 14:08:45,490 ms
2023-04-18 14:08:50,447 ms
2023-04-18 14:08:55,441 ms
2023-04-18 14:09:00,438 ms
2023-04-18 14:09:05,363 ms
2023-04-18 14:09:10,425 ms
2023-04-18 14:09:15,470 ms
2023-04-18 14:09:20,501 ms
2023-04-18 14:09:25,480 ms
2023-04-18 14:09:30,512 ms
2023-04-18 14:09:35,553 ms
2023-04-18 14:09:40,558 ms
2023-04-18 14:09:45,536 ms
2023-04-18 14:09:50,533 ms
2023-04-18 14:09:55,511 ms
2023-04-18 14:10:00,499 ms
2023-04-18 14:10:05,449 ms
2023-04-18 14:10:10,378 ms
2023-04-18 14:10:15,501 ms
2023-04-18 14:10:20,601 ms
2023-04-18 14:10:25,632 ms
2023-04-18 14:10:30,600 ms
2023-04-18 14:10:35,607 ms
2023-04-18 14:10:40,618 ms
2023-04-18 14:10:45,633 ms
2023-04-18 14:10:50,613 ms
2023-04-18 14:10:55,691 ms
2023-04-18 14:11:00,687 ms
2023-04-18 14:11:05,687 ms
2023-04-18 14:11:10,497 ms
2023-04-18 14:11:15,351 ms
2023-04-18 14:11:20,233 ms
2023-04-18 14:11:25,231 ms
2023-04-18 14:11:30,357 ms
2023-04-18 14:11:35,342 ms
2023-04-18 14:11:40,340 ms
2023-04-18 14:11:45,373 ms
2023-04-18 14:11:50,280 ms
2023-04-18 14:11:55,279 ms
2023-04-18 14:12:00,284 ms
2023-04-18 14:12:05,396 ms
2023-04-18 14:12:10,396 ms
2023-04-18 14:12:15,396 ms
2023-04-18 14:12:20,394 ms
2023-04-18 14:12:25,270 ms
2023-04-18 14:12:30,273 ms
2023-04-18 14:12:35,338 ms
2023-04-18 14:12:40,312 ms
2023-04-18 14:12:45,312 ms
2023-04-18 14:12:50,360 ms
2023-04-18 14:12:55,346 ms
2023-04-18 14:13:00,237 ms
2023-04-18 14:13:05,247 ms
2023-04-18 14:13:10,247 ms
2023-04-18 14:13:15,239 ms
2023-04-18 14:13:20,414 ms
2023-04-18 14:13:25,533 ms
2023-04-18 14:13:30,452 ms
2023-04-18 14:13:35,568 ms
2023-04-18 14:13:40,648 ms
2023-04-18 14:13:45,882 ms
2023-04-18 14:13:50,843 ms
2023-04-18 14:13:55,804 ms
2023-04-18 14:14:00,864 ms
2023-04-18 14:14:05,904 ms
2023-04-18 14:14:10,895 ms
2023-04-18 14:14:15,850 ms
2023-04-18 14:14:20,797 ms
2023-04-18 14:14:25,783 ms
2023-04-18 14:14:30,772 ms
2023-04-18 14:14:35,790 ms
2023-04-18 14:14:40,668 ms
2023-04-18 14:14:45,667 ms
2023-04-18 14:14:50,679 ms
2023-04-18 14:14:55,611 ms
2023-04-18 14:15:00,556 ms
2023-04-18 14:15:05,543 ms
2023-04-18 14:15:10,523 ms
2023-04-18 14:15:15,505 ms
2023-04-18 14:15:20,517 ms
2023-04-18 14:15:25,517 ms
2023-04-18 14:15:30,470 ms
2023-04-18 14:15:35,517 ms
2023-04-18 14:15:40,514 ms
2023-04-18 14:15:45,531 ms
2023-04-18 14:15:50,584 ms
2023-04-18 14:15:55,581 ms
2023-04-18 14:16:00,564 ms
2023-04-18 14:16:05,550 ms
2023-04-18 14:16:10,583 ms
2023-04-18 14:16:15,601 ms
2023-04-18 14:16:20,659 ms
2023-04-18 14:16:25,677 ms
2023-04-18 14:16:30,617 ms
2023-04-18 14:16:35,678 ms
2023-04-18 14:16:40,686 ms
2023-04-18 14:16:45,649 ms
2023-04-18 14:16:50,648 ms
2023-04-18 14:16:55,656 ms
2023-04-18 14:17:00,689 ms
2023-04-18 14:17:05,696 ms
2023-04-18 14:17:10,729 ms
2023-04-18 14:17:15,707 ms
2023-04-18 14:17:20,741 ms
2023-04-18 14:17:25,750 ms
2023-04-18 14:17:30,706 ms
2023-04-18 14:17:35,849 ms
2023-04-18 14:17:40,1.14 s
2023-04-18 14:17:45,1.26 s
2023-04-18 14:17:50,1.35 s
2023-04-18 14:17:55,1.51 s
2023-04-18 14:18:00,1.78 s
2023-04-18 14:18:05,1.87 s
2023-04-18 14:18:10,1.87 s
2023-04-18 14:18:15,2.07 s
2023-04-18 14:18:20,2.18 s
2023-04-18 14:18:25,2.43 s
2023-04-18 14:18:30,2.68 s
2023-04-18 14:18:35,2.81 s
2023-04-18 14:18:40,3.22 s
2023-04-18 14:18:45,3.16 s
2023-04-18 14:18:50,3.09 s
2023-04-18 14:18:55,3.01 s
2023-04-18 14:19:00,3.06 s
2023-04-18 14:19:05,3.25 s
2023-04-18 14:19:10,3.26 s
2023-04-18 14:19:15,3.30 s
2023-04-18 14:19:20,3.38 s
2023-04-18 14:19:25,3.21 s
2023-04-18 14:19:30,3.21 s
2023-04-18 14:19:35,3.01 s
2023-04-18 14:19:40,3.25 s
2023-04-18 14:19:45,3.32 s
2023-04-18 14:19:50,3.23 s
2023-04-18 14:19:55,3.09 s
2023-04-18 14:20:00,2.90 s
2023-04-18 14:20:05,2.83 s
2023-04-18 14:20:10,2.85 s
2023-04-18 14:20:15,2.64 s
2023-04-18 14:20:20,2.51 s
2023-04-18 14:20:25,2.26 s
2023-04-18 14:20:30,2.08 s
2023-04-18 14:20:35,1.73 s
2023-04-18 14:20:40,1.51 s
2023-04-18 14:20:45,1.48 s
2023-04-18 14:20:50,1.46 s
2023-04-18 14:20:55,1.42 s
2023-04-18 14:21:00,1.21 s
2023-04-18 14:21:05,839 ms
2023-04-18 14:21:10,835 ms
2023-04-18 14:21:15,847 ms
2023-04-18 14:21:20,884 ms
2023-04-18 14:21:25,1.03 s
2023-04-18 14:21:30,1.08 s
2023-04-18 14:21:35,1.07 s
2023-04-18 14:21:40,1.10 s
2023-04-18 14:21:45,1.15 s
2023-04-18 14:21:50,1.11 s
2023-04-18 14:21:55,1.10 s
2023-04-18 14:22:00,1.15 s
2023-04-18 14:22:05,1.07 s
2023-04-18 14:22:10,1.03 s
2023-04-18 14:22:15,987 ms
2023-04-18 14:22:20,821 ms
2023-04-18 14:22:25,763 ms
2023-04-18 14:22:30,765 ms
2023-04-18 14:22:35,720 ms
2023-04-18 14:22:40,650 ms
2023-04-18 14:22:45,720 ms
2023-04-18 14:22:50,772 ms
2023-04-18 14:22:55,735 ms
2023-04-18 14:23:00,788 ms
2023-04-18 14:23:05,773 ms
2023-04-18 14:23:10,761 ms
2023-04-18 14:23:15,801 ms
2023-04-18 14:23:20,830 ms
2023-04-18 14:23:25,870 ms
2023-04-18 14:23:30,873 ms
2023-04-18 14:23:35,918 ms
2023-04-18 14:23:40,923 ms
2023-04-18 14:23:45,868 ms
2023-04-18 14:23:50,886 ms
2023-04-18 14:23:55,854 ms
2023-04-18 14:24:00,841 ms
2023-04-18 14:24:05,835 ms
2023-04-18 14:24:10,845 ms
2023-04-18 14:24:15,858 ms
2023-04-18 14:24:20,1.02 s
2023-04-18 14:24:25,1.24 s
2023-04-18 14:24:30,1.55 s
2023-04-18 14:24:35,1.54 s
2023-04-18 14:24:40,1.54 s
2023-04-18 14:24:45,1.50 s
2023-04-18 14:24:50,1.55 s
2023-04-18 14:24:55,1.52 s
2023-04-18 14:25:00,1.55 s
2023-04-18 14:25:05,1.65 s
2023-04-18 14:25:10,1.81 s
2023-04-18 14:25:15,1.83 s
2023-04-18 14:25:20,1.69 s
2023-04-18 14:25:25,1.41 s
2023-04-18 14:25:30,1.45 s
2023-04-18 14:25:35,1.48 s
2023-04-18 14:25:40,1.50 s
2023-04-18 14:25:45,1.48 s
2023-04-18 14:25:50,1.52 s
2023-04-18 14:25:55,1.48 s
2023-04-18 14:26:00,1.38 s
2023-04-18 14:26:05,1.13 s
2023-04-18 14:26:10,1.00 s
2023-04-18 14:26:15,1.22 s
2023-04-18 14:26:20,1.55 s
2023-04-18 14:26:25,1.78 s
2023-04-18 14:26:30,1.98 s
2023-04-18 14:26:35,2.29 s
2023-04-18 14:26:40,2.51 s
2023-04-18 14:26:45,2.82 s
2023-04-18 14:26:50,3.02 s
2023-04-18 14:26:55,3.23 s
2023-04-18 14:27:00,3.50 s
2023-04-18 14:27:05,3.57 s
2023-04-18 14:27:10,3.55 s
2023-04-18 14:27:15,3.63 s
2023-04-18 14:27:20,3.67 s
2023-04-18 14:27:25,3.60 s
2023-04-18 14:27:30,3.51 s
2023-04-18 14:27:35,3.47 s
2023-04-18 14:27:40,3.47 s
2023-04-18 14:27:45,3.40 s
2023-04-18 14:27:50,3.42 s
2023-04-18 14:27:55,3.42 s
2023-04-18 14:28:00,3.33 s
2023-04-18 14:28:05,3.33 s
2023-04-18 14:28:10,3.06 s
2023-04-18 14:28:15,2.80 s
2023-04-18 14:28:20,2.82 s
2023-04-18 14:28:25,2.72 s
2023-04-18 14:28:30,2.49 s
2023-04-18 14:28:35,1.94 s
2023-04-18 14:28:40,1.72 s
2023-04-18 14:28:45,937 ms
2023-04-18 14:28:50,711 ms
2023-04-18 14:28:55,733 ms
2023-04-18 14:29:00,740 ms
2023-04-18 14:29:05,632 ms
2023-04-18 14:29:10,603 ms
2023-04-18 14:29:15,652 ms
2023-04-18 14:29:20,638 ms
2023-04-18 14:29:25,706 ms
2023-04-18 14:29:30,702 ms
2023-04-18 14:29:35,759 ms
2023-04-18 14:29:40,715 ms
2023-04-18 14:29:45,747 ms
2023-04-18 14:29:50,746 ms
2023-04-18 14:29:55,687 ms
2023-04-18 14:30:00,746 ms
2023-04-18 14:30:05,756 ms
2023-04-18 14:30:10,666 ms
2023-04-18 14:30:15,694 ms
2023-04-18 14:30:20,635 ms
2023-04-18 14:30:25,608 ms
2023-04-18 14:30:30,642 ms
2023-04-18 14:30:35,714 ms
2023-04-18 14:30:40,764 ms
2023-04-18 14:30:45,747 ms
2023-04-18 14:30:50,788 ms
2023-04-18 14:30:55,720 ms
2023-04-18 14:31:00,717 ms
2023-04-18 14:31:05,706 ms
2023-04-18 14:31:10,696 ms
2023-04-18 14:31:15,668 ms
2023-04-18 14:31:20,633 ms
2023-04-18 14:31:25,586 ms
2023-04-18 14:31:30,789 ms
2023-04-18 14:31:35,1.13 s
2023-04-18 14:31:40,1.93 s
2023-04-18 14:31:45,2.30 s
2023-04-18 14:31:50,2.66 s
2023-04-18 14:31:55,2.84 s
2023-04-18 14:32:00,3.07 s
2023-04-18 14:32:05,3.25 s
2023-04-18 14:32:10,3.35 s
2023-04-18 14:32:15,3.38 s
2023-04-18 14:32:20,3.49 s
2023-04-18 14:32:25,3.63 s
2023-04-18 14:32:30,3.58 s
2023-04-18 14:32:35,3.59 s
2023-04-18 14:32:40,3.59 s
2023-04-18 14:32:45,3.56 s
2023-04-18 14:32:50,3.63 s
2023-04-18 14:32:55,3.62 s
2023-04-18 14:33:00,3.62 s
2023-04-18 14:33:05,3.60 s
2023-04-18 14:33:10,3.64 s
2023-04-18 14:33:15,3.64 s
2023-04-18 14:33:20,3.63 s
2023-04-18 14:33:25,3.68 s
2023-04-18 14:33:30,3.61 s
2023-04-18 14:33:35,3.63 s
2023-04-18 14:33:40,3.59 s
2023-04-18 14:33:45,3.56 s
2023-04-18 14:33:50,3.48 s
2023-04-18 14:33:55,3.55 s
2023-04-18 14:34:00,3.61 s
2023-04-18 14:34:05,3.48 s
2023-04-18 14:34:10,3.29 s
2023-04-18 14:34:15,3.12 s
2023-04-18 14:34:20,2.92 s
2023-04-18 14:34:25,2.74 s
2023-04-18 14:34:30,2.52 s
2023-04-18 14:34:35,2.32 s
2023-04-18 14:34:40,2.02 s
2023-04-18 14:34:45,1.82 s
2023-04-18 14:34:50,1.13 s
2023-04-18 14:34:55,882 ms
2023-04-18 14:35:00,930 ms
2023-04-18 14:35:05,862 ms
2023-04-18 14:35:10,859 ms
2023-04-18 14:35:15,918 ms
2023-04-18 14:35:20,1.03 s
2023-04-18 14:35:25,970 ms
2023-04-18 14:35:30,993 ms
2023-04-18 14:35:35,1.00 s
2023-04-18 14:35:40,1.01 s
2023-04-18 14:35:45,1.08 s
2023-04-18 14:35:50,1.07 s
2023-04-18 14:35:55,1.05 s
2023-04-18 14:36:00,1.09 s
2023-04-18 14:36:05,1.11 s
2023-04-18 14:36:10,1.02 s
2023-04-18 14:36:15,893 ms
2023-04-18 14:36:20,862 ms
2023-04-18 14:36:25,785 ms
2023-04-18 14:36:30,698 ms
2023-04-18 14:36:35,660 ms
2023-04-18 14:36:40,532 ms
2023-04-18 14:36:45,359 ms
2023-04-18 14:36:50,367 ms
2023-04-18 14:36:55,415 ms
2023-04-18 14:37:00,401 ms
2023-04-18 14:37:05,384 ms
2023-04-18 14:37:10,424 ms
2023-04-18 14:37:15,481 ms
2023-04-18 14:37:20,485 ms
2023-04-18 14:37:25,577 ms
2023-04-18 14:37:30,563 ms
2023-04-18 14:37:35,559 ms
2023-04-18 14:37:40,545 ms
2023-04-18 14:37:45,487 ms
2023-04-18 14:37:50,507 ms
2023-04-18 14:37:55,509 ms
2023-04-18 14:38:00,436 ms
2023-04-18 14:38:05,405 ms
2023-04-18 14:38:10,387 ms
2023-04-18 14:38:15,418 ms
2023-04-18 14:38:20,395 ms
2023-04-18 14:38:25,402 ms
2023-04-18 14:38:30,413 ms
2023-04-18 14:38:35,410 ms
2023-04-18 14:38:40,438 ms
2023-04-18 14:38:45,384 ms
2023-04-18 14:38:50,380 ms
2023-04-18 14:38:55,397 ms
2023-04-18 14:39:00,376 ms
2023-04-18 14:39:05,337 ms
2023-04-18 14:39:10,312 ms
2023-04-18 14:39:15,226 ms
2023-04-18 14:39:20,227 ms
2023-04-18 14:39:25,215 ms
2023-04-18 14:39:30,230 ms
2023-04-18 14:39:35,214 ms
2023-04-18 14:39:40,201 ms
2023-04-18 14:39:45,200 ms
2023-04-18 14:39:50,184 ms
2023-04-18 14:39:55,294 ms
2023-04-18 14:40:00,383 ms
2023-04-18 14:40:05,392 ms
2023-04-18 14:40:10,490 ms
2023-04-18 14:40:15,501 ms
2023-04-18 14:40:20,633 ms
2023-04-18 14:40:25,627 ms
2023-04-18 14:40:30,627 ms
2023-04-18 14:40:35,740 ms
2023-04-18 14:40:40,740 ms
2023-04-18 14:40:45,739 ms
2023-04-18 14:40:50,679 ms
2023-04-18 14:40:55,564 ms
2023-04-18 14:41:00,657 ms
2023-04-18 14:41:05,575 ms
2023-04-18 14:41:10,593 ms
2023-04-18 14:41:15,503 ms
2023-04-18 14:41:20,496 ms
2023-04-18 14:41:25,484 ms
2023-04-18 14:41:30,438 ms
2023-04-18 14:41:35,436 ms
2023-04-18 14:41:40,413 ms
2023-04-18 14:41:45,393 ms
2023-04-18 14:41:50,410 ms
2023-04-18 14:41:55,322 ms
2023-04-18 14:42:00,312 ms
2023-04-18 14:42:05,314 ms
2023-04-18 14:42:10,363 ms
2023-04-18 14:42:15,355 ms
2023-04-18 14:42:20,354 ms
2023-04-18 14:42:25,325 ms
2023-04-18 14:42:30,381 ms
2023-04-18 14:42:35,391 ms
2023-04-18 14:42:40,406 ms
2023-04-18 14:42:45,393 ms
2023-04-18 14:42:50,428 ms
2023-04-18 14:42:55,447 ms
2023-04-18 14:43:00,406 ms
2023-04-18 14:43:05,360 ms
2023-04-18 14:43:10,425 ms
2023-04-18 14:43:15,449 ms
2023-04-18 14:43:20,448 ms
2023-04-18 14:43:25,462 ms
2023-04-18 14:43:30,501 ms
2023-04-18 14:43:35,478 ms
2023-04-18 14:43:40,476 ms
2023-04-18 14:43:45,453 ms
2023-04-18 14:43:50,443 ms
2023-04-18 14:43:55,502 ms
2023-04-18 14:44:00,500 ms
2023-04-18 14:44:05,502 ms
2023-04-18 14:44:10,500 ms
2023-04-18 14:44:15,517 ms
2023-04-18 14:44:20,443 ms
2023-04-18 14:44:25,459 ms
2023-04-18 14:44:30,464 ms
2023-04-18 14:44:35,558 ms
2023-04-18 14:44:40,543 ms
2023-04-18 14:44:45,548 ms
2023-04-18 14:44:50,475 ms
2023-04-18 14:44:55,503 ms
2023-04-18 14:45:00,437 ms
2023-04-18 14:45:05,407 ms
2023-04-18 14:45:10,537 ms
2023-04-18 14:45:15,1.45 s
2023-04-18 14:45:20,2.04 s
2023-04-18 14:45:25,2.30 s
2023-04-18 14:45:30,2.65 s
2023-04-18 14:45:35,3.09 s
2023-04-18 14:45:40,3.15 s
2023-04-18 14:45:45,3.43 s
2023-04-18 14:45:50,3.56 s
2023-04-18 14:45:55,3.57 s
2023-04-18 14:46:00,3.57 s
2023-04-18 14:46:05,3.63 s
2023-04-18 14:46:10,3.59 s
2023-04-18 14:46:15,3.61 s
2023-04-18 14:46:20,3.53 s
2023-04-18 14:46:25,3.51 s
2023-04-18 14:46:30,3.31 s
2023-04-18 14:46:35,3.41 s
2023-04-18 14:46:40,3.34 s
2023-04-18 14:46:45,3.22 s
2023-04-18 14:46:50,3.16 s
2023-04-18 14:46:55,3.16 s
2023-04-18 14:47:00,3.07 s
2023-04-18 14:47:05,2.98 s
2023-04-18 14:47:10,2.75 s
2023-04-18 14:47:15,2.68 s
2023-04-18 14:47:20,2.41 s
2023-04-18 14:47:25,2.25 s
2023-04-18 14:47:30,1.41 s
2023-04-18 14:47:35,563 ms
2023-04-18 14:47:40,607 ms
2023-04-18 14:47:45,586 ms
2023-04-18 14:47:50,490 ms
2023-04-18 14:47:55,495 ms
2023-04-18 14:48:00,499 ms
2023-04-18 14:48:05,478 ms
2023-04-18 14:48:10,434 ms
2023-04-18 14:48:15,438 ms
2023-04-18 14:48:20,461 ms
2023-04-18 14:48:25,460 ms
2023-04-18 14:48:30,460 ms
2023-04-18 14:48:35,499 ms
2023-04-18 14:48:40,468 ms
2023-04-18 14:48:45,472 ms
2023-04-18 14:48:50,477 ms
2023-04-18 14:48:55,488 ms
2023-04-18 14:49:00,464 ms
2023-04-18 14:49:05,550 ms
2023-04-18 14:49:10,685 ms
2023-04-18 14:49:15,715 ms
2023-04-18 14:49:20,805 ms
2023-04-18 14:49:25,821 ms
2023-04-18 14:49:30,821 ms
2023-04-18 14:49:35,836 ms
2023-04-18 14:49:40,844 ms
2023-04-18 14:49:45,908 ms
2023-04-18 14:49:50,889 ms
2023-04-18 14:49:55,944 ms
2023-04-18 14:50:00,885 ms
2023-04-18 14:50:05,746 ms
2023-04-18 14:50:10,804 ms
2023-04-18 14:50:15,791 ms
2023-04-18 14:50:20,741 ms
2023-04-18 14:50:25,669 ms
2023-04-18 14:50:30,767 ms
2023-04-18 14:50:35,823 ms
2023-04-18 14:50:40,1.12 s
2023-04-18 14:50:45,1.69 s
2023-04-18 14:50:50,2.24 s
2023-04-18 14:50:55,2.45 s
2023-04-18 14:51:00,2.66 s
2023-04-18 14:51:05,2.80 s
2023-04-18 14:51:10,3.01 s
2023-04-18 14:51:15,3.13 s
2023-04-18 14:51:20,3.37 s
2023-04-18 14:51:25,3.42 s
2023-04-18 14:51:30,3.65 s
2023-04-18 14:51:35,3.65 s
2023-04-18 14:51:40,3.64 s
2023-04-18 14:51:45,3.59 s
2023-04-18 14:51:50,3.62 s
2023-04-18 14:51:55,3.66 s
2023-04-18 14:52:00,3.80 s
2023-04-18 14:52:05,3.74 s
2023-04-18 14:52:10,3.75 s
2023-04-18 14:52:15,3.61 s
2023-04-18 14:52:20,3.68 s
2023-04-18 14:52:25,3.58 s
2023-04-18 14:52:30,3.63 s
2023-04-18 14:52:35,3.68 s
2023-04-18 14:52:40,3.63 s
2023-04-18 14:52:45,3.67 s
2023-04-18 14:52:50,3.60 s
2023-04-18 14:52:55,3.44 s
2023-04-18 14:53:00,3.33 s
2023-04-18 14:53:05,3.20 s
2023-04-18 14:53:10,3.05 s
2023-04-18 14:53:15,2.84 s
2023-04-18 14:53:20,2.67 s
2023-04-18 14:53:25,2.39 s
2023-04-18 14:53:30,2.13 s
2023-04-18 14:53:35,1.95 s
2023-04-18 14:53:40,1.57 s
2023-04-18 14:53:45,1.35 s
2023-04-18 14:53:50,1.09 s
2023-04-18 14:53:55,1.11 s
2023-04-18 14:54:00,1.06 s
2023-04-18 14:54:05,1.02 s
2023-04-18 14:54:10,972 ms
2023-04-18 14:54:15,963 ms
2023-04-18 14:54:20,969 ms
2023-04-18 14:54:25,952 ms
2023-04-18 14:54:30,928 ms
2023-04-18 14:54:35,862 ms
2023-04-18 14:54:40,861 ms
2023-04-18 14:54:45,842 ms
2023-04-18 14:54:50,812 ms
2023-04-18 14:54:55,778 ms
2023-04-18 14:55:00,905 ms
2023-04-18 14:55:05,972 ms
2023-04-18 14:55:10,1.04 s
2023-04-18 14:55:15,1.21 s
2023-04-18 14:55:20,1.25 s
2023-04-18 14:55:25,1.27 s
2023-04-18 14:55:30,1.40 s
2023-04-18 14:55:35,1.36 s
2023-04-18 14:55:40,1.38 s
2023-04-18 14:55:45,1.40 s
2023-04-18 14:55:50,1.40 s
2023-04-18 14:55:55,1.24 s
2023-04-18 14:56:00,1.15 s
2023-04-18 14:56:05,1.13 s
2023-04-18 14:56:10,1.00 s
2023-04-18 14:56:15,970 ms
2023-04-18 14:56:20,943 ms
2023-04-18 14:56:25,821 ms
2023-04-18 14:56:30,809 ms
2023-04-18 14:56:35,802 ms
2023-04-18 14:56:40,785 ms
2023-04-18 14:56:45,807 ms
2023-04-18 14:56:50,832 ms
2023-04-18 14:56:55,844 ms
2023-04-18 14:57:00,851 ms
2023-04-18 14:57:05,825 ms
2023-04-18 14:57:10,779 ms
2023-04-18 14:57:15,843 ms
2023-04-18 14:57:20,949 ms
2023-04-18 14:57:25,1.11 s
2023-04-18 14:57:30,1.28 s
2023-04-18 14:57:35,1.81 s
2023-04-18 14:57:40,1.87 s
2023-04-18 14:57:45,1.87 s
2023-04-18 14:57:50,1.81 s
2023-04-18 14:57:55,1.79 s
2023-04-18 14:58:00,1.82 s
2023-04-18 14:58:05,1.84 s
2023-04-18 14:58:10,1.89 s
2023-04-18 14:58:15,1.98 s
2023-04-18 14:58:20,2.07 s
2023-04-18 14:58:25,2.25 s
2023-04-18 14:58:30,2.08 s
2023-04-18 14:58:35,2.23 s
2023-04-18 14:58:40,2.40 s
2023-04-18 14:58:45,2.65 s
2023-04-18 14:58:50,2.82 s
2023-04-18 14:58:55,3.01 s
2023-04-18 14:59:00,3.11 s
2023-04-18 14:59:05,3.13 s
2023-04-18 14:59:10,3.08 s
2023-04-18 14:59:15,3.07 s
2023-04-18 14:59:20,2.99 s
2023-04-18 14:59:25,3.08 s
2023-04-18 14:59:30,3.01 s
2023-04-18 14:59:35,3.14 s
2023-04-18 14:59:40,3.18 s
2023-04-18 14:59:45,3.19 s
2023-04-18 14:59:50,3.05 s
2023-04-18 14:59:55,2.96 s
2023-04-18 15:00:00,2.94 s
2023-04-18 15:00:05,2.93 s
2023-04-18 15:00:10,2.89 s
2023-04-18 15:00:15,2.99 s
2023-04-18 15:00:20,2.92 s
2023-04-18 15:00:25,3.02 s
2023-04-18 15:00:30,3.11 s
2023-04-18 15:00:35,3.01 s
2023-04-18 15:00:40,2.88 s
2023-04-18 15:00:45,2.96 s
2023-04-18 15:00:50,3.11 s
2023-04-18 15:00:55,3.18 s
2023-04-18 15:01:00,3.18 s
2023-04-18 15:01:05,3.09 s
2023-04-18 15:01:10,2.67 s
2023-04-18 15:01:15,2.36 s
2023-04-18 15:01:20,1.85 s
2023-04-18 15:01:25,608 ms
2023-04-18 15:01:30,481 ms
2023-04-18 15:01:35,504 ms
2023-04-18 15:01:40,565 ms
2023-04-18 15:01:45,512 ms
2023-04-18 15:01:50,536 ms
2023-04-18 15:01:55,411 ms
2023-04-18 15:02:00,404 ms
2023-04-18 15:02:05,421 ms
2023-04-18 15:02:10,528 ms
2023-04-18 15:02:15,644 ms
2023-04-18 15:02:20,674 ms
2023-04-18 15:02:25,699 ms
2023-04-18 15:02:30,735 ms
2023-04-18 15:02:35,728 ms
2023-04-18 15:02:40,799 ms
2023-04-18 15:02:45,822 ms
2023-04-18 15:02:50,887 ms
2023-04-18 15:02:55,903 ms
2023-04-18 15:03:00,921 ms
2023-04-18 15:03:05,884 ms
2023-04-18 15:03:10,778 ms
2023-04-18 15:03:15,786 ms
2023-04-18 15:03:20,893 ms
2023-04-18 15:03:25,846 ms
2023-04-18 15:03:30,782 ms
2023-04-18 15:03:35,727 ms
2023-04-18 15:03:40,720 ms
2023-04-18 15:03:45,670 ms
2023-04-18 15:03:50,685 ms
2023-04-18 15:03:55,647 ms
2023-04-18 15:04:00,612 ms
2023-04-18 15:04:05,679 ms
2023-04-18 15:04:10,634 ms
2023-04-18 15:04:15,550 ms
2023-04-18 15:04:20,637 ms
2023-04-18 15:04:25,643 ms
2023-04-18 15:04:30,730 ms
2023-04-18 15:04:35,662 ms
2023-04-18 15:04:40,742 ms
2023-04-18 15:04:45,722 ms
2023-04-18 15:04:50,724 ms
2023-04-18 15:04:55,690 ms
2023-04-18 15:05:00,703 ms
2023-04-18 15:05:05,700 ms
2023-04-18 15:05:10,660 ms
2023-04-18 15:05:15,593 ms
2023-04-18 15:05:20,640 ms
2023-04-18 15:05:25,548 ms
2023-04-18 15:05:30,556 ms
2023-04-18 15:05:35,502 ms
2023-04-18 15:05:40,539 ms
2023-04-18 15:05:45,579 ms
2023-04-18 15:05:50,591 ms
2023-04-18 15:05:55,611 ms
2023-04-18 15:06:00,653 ms
2023-04-18 15:06:05,639 ms
2023-04-18 15:06:10,614 ms
2023-04-18 15:06:15,552 ms
2023-04-18 15:06:20,546 ms
2023-04-18 15:06:25,579 ms
2023-04-18 15:06:30,601 ms
2023-04-18 15:06:35,618 ms
2023-04-18 15:06:40,606 ms
2023-04-18 15:06:45,597 ms
2023-04-18 15:06:50,493 ms
2023-04-18 15:06:55,497 ms
2023-04-18 15:07:00,553 ms
2023-04-18 15:07:05,558 ms
2023-04-18 15:07:10,577 ms
2023-04-18 15:07:15,616 ms
2023-04-18 15:07:20,640 ms
2023-04-18 15:07:25,629 ms
2023-04-18 15:07:30,598 ms
2023-04-18 15:07:35,561 ms
2023-04-18 15:07:40,601 ms
2023-04-18 15:07:45,751 ms
2023-04-18 15:07:50,769 ms
2023-04-18 15:07:55,1.08 s
2023-04-18 15:08:00,1.27 s
2023-04-18 15:08:05,1.39 s
2023-04-18 15:08:10,1.55 s
2023-04-18 15:08:15,1.72 s
2023-04-18 15:08:20,2.05 s
2023-04-18 15:08:25,2.22 s
2023-04-18 15:08:30,2.22 s
2023-04-18 15:08:35,2.22 s
2023-04-18 15:08:40,2.34 s
2023-04-18 15:08:45,2.29 s
2023-04-18 15:08:50,2.13 s
2023-04-18 15:08:55,2.06 s
2023-04-18 15:09:00,2.08 s
2023-04-18 15:09:05,1.90 s
2023-04-18 15:09:10,1.76 s
2023-04-18 15:09:15,1.50 s
2023-04-18 15:09:20,1.28 s
2023-04-18 15:09:25,1.36 s
2023-04-18 15:09:30,1.51 s
2023-04-18 15:09:35,1.63 s
2023-04-18 15:09:40,1.82 s
2023-04-18 15:09:45,2.08 s
2023-04-18 15:09:50,2.10 s
2023-04-18 15:09:55,1.96 s
2023-04-18 15:10:00,2.01 s
2023-04-18 15:10:05,2.05 s
2023-04-18 15:10:10,2.16 s
2023-04-18 15:10:15,2.18 s
2023-04-18 15:10:20,2.16 s
2023-04-18 15:10:25,2.03 s
2023-04-18 15:10:30,1.86 s
2023-04-18 15:10:35,1.68 s
2023-04-18 15:10:40,1.48 s
2023-04-18 15:10:45,1.47 s
2023-04-18 15:10:50,1.58 s
2023-04-18 15:10:55,1.63 s
2023-04-18 15:11:00,1.55 s
2023-04-18 15:11:05,1.46 s
2023-04-18 15:11:10,1.36 s
2023-04-18 15:11:15,1.30 s
2023-04-18 15:11:20,1.30 s
2023-04-18 15:11:25,1.29 s
2023-04-18 15:11:30,1.22 s
2023-04-18 15:11:35,1.16 s
2023-04-18 15:11:40,1.13 s
2023-04-18 15:11:45,1.03 s
2023-04-18 15:11:50,949 ms
2023-04-18 15:11:55,971 ms
2023-04-18 15:12:00,923 ms
2023-04-18 15:12:05,875 ms
2023-04-18 15:12:10,800 ms
2023-04-18 15:12:15,983 ms
2023-04-18 15:12:20,948 ms
2023-04-18 15:12:25,957 ms
2023-04-18 15:12:30,980 ms
2023-04-18 15:12:35,1.01 s
2023-04-18 15:12:40,1.03 s
2023-04-18 15:12:45,1.06 s
2023-04-18 15:12:50,1.04 s
2023-04-18 15:12:55,1.07 s
2023-04-18 15:13:00,1.05 s
2023-04-18 15:13:05,1.03 s
2023-04-18 15:13:10,885 ms
2023-04-18 15:13:15,893 ms
2023-04-18 15:13:20,854 ms
2023-04-18 15:13:25,806 ms
2023-04-18 15:13:30,775 ms
2023-04-18 15:13:35,745 ms
2023-04-18 15:13:40,747 ms
2023-04-18 15:13:45,718 ms
2023-04-18 15:13:50,635 ms
2023-04-18 15:13:55,627 ms
2023-04-18 15:14:00,609 ms
2023-04-18 15:14:05,580 ms
2023-04-18 15:14:10,576 ms
2023-04-18 15:14:15,541 ms
2023-04-18 15:14:20,503 ms
2023-04-18 15:14:25,506 ms
2023-04-18 15:14:30,525 ms
2023-04-18 15:14:35,584 ms
2023-04-18 15:14:40,597 ms
2023-04-18 15:14:45,683 ms
2023-04-18 15:14:50,721 ms
2023-04-18 15:14:55,723 ms
2023-04-18 15:15:00,705 ms
2023-04-18 15:15:05,649 ms
2023-04-18 15:15:10,657 ms
2023-04-18 15:15:15,722 ms
2023-04-18 15:15:20,641 ms
2023-04-18 15:15:25,592 ms
2023-04-18 15:15:30,554 ms
2023-04-18 15:15:35,586 ms
2023-04-18 15:15:40,515 ms
2023-04-18 15:15:45,449 ms
2023-04-18 15:15:50,400 ms
2023-04-18 15:15:55,416 ms
2023-04-18 15:16:00,431 ms
2023-04-18 15:16:05,421 ms
2023-04-18 15:16:10,347 ms
2023-04-18 15:16:15,419 ms
2023-04-18 15:16:20,441 ms
2023-04-18 15:16:25,418 ms
2023-04-18 15:16:30,389 ms
2023-04-18 15:16:35,461 ms
2023-04-18 15:16:40,540 ms
2023-04-18 15:16:45,543 ms
2023-04-18 15:16:50,523 ms
2023-04-18 15:16:55,492 ms
2023-04-18 15:17:00,505 ms
2023-04-18 15:17:05,503 ms
2023-04-18 15:17:10,491 ms
2023-04-18 15:17:15,523 ms
2023-04-18 15:17:20,496 ms
2023-04-18 15:17:25,538 ms
2023-04-18 15:17:30,605 ms
2023-04-18 15:17:35,617 ms
2023-04-18 15:17:40,636 ms
2023-04-18 15:17:45,673 ms
2023-04-18 15:17:50,715 ms
2023-04-18 15:17:55,725 ms
2023-04-18 15:18:00,725 ms
2023-04-18 15:18:05,668 ms
2023-04-18 15:18:10,627 ms
2023-04-18 15:18:15,730 ms
2023-04-18 15:18:20,745 ms
2023-04-18 15:18:25,631 ms
2023-04-18 15:18:30,620 ms
2023-04-18 15:18:35,601 ms
2023-04-18 15:18:40,612 ms
2023-04-18 15:18:45,614 ms
2023-04-18 15:18:50,627 ms
2023-04-18 15:18:55,635 ms
2023-04-18 15:19:00,634 ms
2023-04-18 15:19:05,633 ms
2023-04-18 15:19:10,575 ms
2023-04-18 15:19:15,501 ms
2023-04-18 15:19:20,471 ms
2023-04-18 15:19:25,388 ms
2023-04-18 15:19:30,457 ms
2023-04-18 15:19:35,466 ms
2023-04-18 15:19:40,505 ms
2023-04-18 15:19:45,550 ms
2023-04-18 15:19:50,559 ms
2023-04-18 15:19:55,579 ms
2023-04-18 15:20:00,579 ms
2023-04-18 15:20:05,529 ms
2023-04-18 15:20:10,606 ms
2023-04-18 15:20:15,643 ms
2023-04-18 15:20:20,628 ms
2023-04-18 15:20:25,551 ms
2023-04-18 15:20:30,520 ms
2023-04-18 15:20:35,482 ms
2023-04-18 15:20:40,427 ms
2023-04-18 15:20:45,417 ms
2023-04-18 15:20:50,418 ms
2023-04-18 15:20:55,407 ms
2023-04-18 15:21:00,465 ms
2023-04-18 15:21:05,494 ms
2023-04-18 15:21:10,495 ms
2023-04-18 15:21:15,497 ms
2023-04-18 15:21:20,506 ms
2023-04-18 15:21:25,490 ms
2023-04-18 15:21:30,481 ms
2023-04-18 15:21:35,551 ms
2023-04-18 15:21:40,591 ms
2023-04-18 15:21:45,628 ms
2023-04-18 15:21:50,626 ms
2023-04-18 15:21:55,574 ms
2023-04-18 15:22:00,539 ms
2023-04-18 15:22:05,668 ms
2023-04-18 15:22:10,776 ms
2023-04-18 15:22:15,763 ms
2023-04-18 15:22:20,847 ms
2023-04-18 15:22:25,832 ms
2023-04-18 15:22:30,899 ms
2023-04-18 15:22:35,868 ms
2023-04-18 15:22:40,904 ms
2023-04-18 15:22:45,1.02 s
2023-04-18 15:22:50,1.01 s
2023-04-18 15:22:55,985 ms
2023-04-18 15:23:00,839 ms
2023-04-18 15:23:05,820 ms
2023-04-18 15:23:10,915 ms
2023-04-18 15:23:15,829 ms
2023-04-18 15:23:20,809 ms
2023-04-18 15:23:25,663 ms
2023-04-18 15:23:30,661 ms
2023-04-18 15:23:35,593 ms
2023-04-18 15:23:40,560 ms
2023-04-18 15:23:45,561 ms
2023-04-18 15:23:50,622 ms
2023-04-18 15:23:55,652 ms
2023-04-18 15:24:00,579 ms
2023-04-18 15:24:05,561 ms
2023-04-18 15:24:10,628 ms
2023-04-18 15:24:15,653 ms
2023-04-18 15:24:20,682 ms
2023-04-18 15:24:25,760 ms
2023-04-18 15:24:30,819 ms
2023-04-18 15:24:35,837 ms
2023-04-18 15:24:40,823 ms
2023-04-18 15:24:45,790 ms
2023-04-18 15:24:50,849 ms
2023-04-18 15:24:55,907 ms
2023-04-18 15:25:00,871 ms
2023-04-18 15:25:05,859 ms
2023-04-18 15:25:10,850 ms
2023-04-18 15:25:15,854 ms
2023-04-18 15:25:20,817 ms
2023-04-18 15:25:25,757 ms
2023-04-18 15:25:30,742 ms
2023-04-18 15:25:35,845 ms
2023-04-18 15:25:40,870 ms
2023-04-18 15:25:45,830 ms
2023-04-18 15:25:50,778 ms
2023-04-18 15:25:55,804 ms
2023-04-18 15:26:00,803 ms
2023-04-18 15:26:05,816 ms
2023-04-18 15:26:10,935 ms
2023-04-18 15:26:15,913 ms
2023-04-18 15:26:20,903 ms
2023-04-18 15:26:25,846 ms
2023-04-18 15:26:30,732 ms
2023-04-18 15:26:35,674 ms
2023-04-18 15:26:40,670 ms
2023-04-18 15:26:45,727 ms
2023-04-18 15:26:50,688 ms
2023-04-18 15:26:55,678 ms
2023-04-18 15:27:00,679 ms
2023-04-18 15:27:05,569 ms
2023-04-18 15:27:10,602 ms
2023-04-18 15:27:15,615 ms
2023-04-18 15:27:20,647 ms
2023-04-18 15:27:25,692 ms
2023-04-18 15:27:30,715 ms
2023-04-18 15:27:35,696 ms
2023-04-18 15:27:40,638 ms
2023-04-18 15:27:45,650 ms
2023-04-18 15:27:50,671 ms
2023-04-18 15:27:55,652 ms
2023-04-18 15:28:00,607 ms
2023-04-18 15:28:05,688 ms
2023-04-18 15:28:10,961 ms
2023-04-18 15:28:15,1.35 s
2023-04-18 15:28:20,1.79 s
2023-04-18 15:28:25,2.07 s
2023-04-18 15:28:30,2.42 s
2023-04-18 15:28:35,2.69 s
2023-04-18 15:28:40,2.88 s
2023-04-18 15:28:45,3.06 s
2023-04-18 15:28:50,3.26 s
2023-04-18 15:28:55,3.44 s
2023-04-18 15:29:00,3.55 s
2023-04-18 15:29:05,3.64 s
2023-04-18 15:29:10,3.66 s
2023-04-18 15:29:15,3.64 s
2023-04-18 15:29:20,3.61 s
2023-04-18 15:29:25,3.56 s
2023-04-18 15:29:30,3.48 s
2023-04-18 15:29:35,3.34 s
2023-04-18 15:29:40,3.26 s
2023-04-18 15:29:45,3.22 s
2023-04-18 15:29:50,3.30 s
2023-04-18 15:29:55,3.40 s
2023-04-18 15:30:00,3.42 s
2023-04-18 15:30:05,3.34 s
2023-04-18 15:30:10,3.33 s
2023-04-18 15:30:15,3.53 s
2023-04-18 15:30:20,3.47 s
2023-04-18 15:30:25,3.50 s
2023-04-18 15:30:30,3.69 s
2023-04-18 15:30:35,3.69 s
2023-04-18 15:30:40,3.76 s
2023-04-18 15:30:45,3.61 s
2023-04-18 15:30:50,3.53 s
2023-04-18 15:30:55,3.58 s
2023-04-18 15:31:00,3.66 s
2023-04-18 15:31:05,3.70 s
2023-04-18 15:31:10,3.54 s
2023-04-18 15:31:15,3.64 s
2023-04-18 15:31:20,3.72 s
2023-04-18 15:31:25,3.75 s
2023-04-18 15:31:30,3.83 s
2023-04-18 15:31:35,3.87 s
2023-04-18 15:31:40,3.89 s
2023-04-18 15:31:45,3.81 s
2023-04-18 15:31:50,3.81 s
2023-04-18 15:31:55,3.73 s
2023-04-18 15:32:00,3.59 s
2023-04-18 15:32:05,3.48 s
2023-04-18 15:32:10,3.42 s
2023-04-18 15:32:15,3.41 s
2023-04-18 15:32:20,3.37 s
2023-04-18 15:32:25,3.41 s
2023-04-18 15:32:30,3.28 s
2023-04-18 15:32:35,3.32 s
2023-04-18 15:32:40,3.42 s
2023-04-18 15:32:45,3.50 s
2023-04-18 15:32:50,3.53 s
2023-04-18 15:32:55,3.75 s
2023-04-18 15:33:00,3.75 s
2023-04-18 15:33:05,3.80 s
2023-04-18 15:33:10,3.68 s
2023-04-18 15:33:15,3.61 s
2023-04-18 15:33:20,3.59 s
2023-04-18 15:33:25,3.61 s
2023-04-18 15:33:30,3.73 s
2023-04-18 15:33:35,3.70 s
2023-04-18 15:33:40,3.47 s
2023-04-18 15:33:45,3.46 s
2023-04-18 15:33:50,3.25 s
2023-04-18 15:33:55,3.28 s
2023-04-18 15:34:00,3.13 s
2023-04-18 15:34:05,3.11 s
2023-04-18 15:34:10,2.95 s
2023-04-18 15:34:15,2.57 s
2023-04-18 15:34:20,1.93 s
2023-04-18 15:34:25,320 ms
2023-04-18 15:34:30,226 ms
2023-04-18 15:34:35,218 ms
2023-04-18 15:34:40,224 ms
2023-04-18 15:34:45,210 ms
2023-04-18 15:34:50,232 ms
2023-04-18 15:34:55,187 ms
2023-04-18 15:35:00,191 ms
2023-04-18 15:35:05,187 ms
2023-04-18 15:35:10,282 ms
2023-04-18 15:35:15,399 ms
2023-04-18 15:35:20,391 ms
2023-04-18 15:35:25,410 ms
2023-04-18 15:35:30,463 ms
2023-04-18 15:35:35,454 ms
2023-04-18 15:35:40,445 ms
2023-04-18 15:35:45,422 ms
2023-04-18 15:35:50,430 ms
2023-04-18 15:35:55,516 ms
2023-04-18 15:36:00,557 ms
2023-04-18 15:36:05,478 ms
2023-04-18 15:36:10,379 ms
2023-04-18 15:36:15,502 ms
2023-04-18 15:36:20,485 ms
2023-04-18 15:36:25,441 ms
2023-04-18 15:36:30,451 ms
2023-04-18 15:36:35,464 ms
2023-04-18 15:36:40,512 ms
2023-04-18 15:36:45,655 ms
2023-04-18 15:36:50,561 ms
2023-04-18 15:36:55,567 ms
2023-04-18 15:37:00,625 ms
2023-04-18 15:37:05,609 ms
2023-04-18 15:37:10,536 ms
2023-04-18 15:37:15,543 ms
2023-04-18 15:37:20,544 ms
2023-04-18 15:37:25,646 ms
2023-04-18 15:37:30,1.51 s
2023-04-18 15:37:35,2.26 s
2023-04-18 15:37:40,2.52 s
2023-04-18 15:37:45,2.66 s
2023-04-18 15:37:50,3.01 s
2023-04-18 15:37:55,3.10 s
2023-04-18 15:38:00,3.22 s
2023-04-18 15:38:05,3.24 s
2023-04-18 15:38:10,3.34 s
2023-04-18 15:38:15,3.35 s
2023-04-18 15:38:20,3.46 s
2023-04-18 15:38:25,3.54 s
2023-04-18 15:38:30,3.51 s
2023-04-18 15:38:35,3.47 s
2023-04-18 15:38:40,3.56 s
2023-04-18 15:38:45,3.53 s
2023-04-18 15:38:50,3.60 s
2023-04-18 15:38:55,3.63 s
2023-04-18 15:39:00,3.58 s
2023-04-18 15:39:05,3.46 s
2023-04-18 15:39:10,3.38 s
2023-04-18 15:39:15,3.23 s
2023-04-18 15:39:20,3.01 s
2023-04-18 15:39:25,2.87 s
2023-04-18 15:39:30,2.75 s
2023-04-18 15:39:35,2.44 s
2023-04-18 15:39:40,2.08 s
2023-04-18 15:39:45,1.54 s
2023-04-18 15:39:50,1.08 s
2023-04-18 15:39:55,1.01 s
2023-04-18 15:40:00,1.02 s
2023-04-18 15:40:05,1.11 s
2023-04-18 15:40:10,1.20 s
2023-04-18 15:40:15,1.29 s
2023-04-18 15:40:20,1.33 s
2023-04-18 15:40:25,1.40 s
2023-04-18 15:40:30,1.35 s
2023-04-18 15:40:35,1.35 s
2023-04-18 15:40:40,1.35 s
2023-04-18 15:40:45,1.43 s
2023-04-18 15:40:50,1.42 s
2023-04-18 15:40:55,1.40 s
2023-04-18 15:41:00,1.23 s
2023-04-18 15:41:05,1.18 s
2023-04-18 15:41:10,1.12 s
2023-04-18 15:41:15,1.04 s
2023-04-18 15:41:20,965 ms
2023-04-18 15:41:25,1.05 s
2023-04-18 15:41:30,1.37 s
2023-04-18 15:41:35,1.76 s
2023-04-18 15:41:40,2.18 s
2023-04-18 15:41:45,2.44 s
2023-04-18 15:41:50,2.60 s
2023-04-18 15:41:55,2.89 s
2023-04-18 15:42:00,2.97 s
2023-04-18 15:42:05,3.03 s
2023-04-18 15:42:10,3.23 s
2023-04-18 15:42:15,3.25 s
2023-04-18 15:42:20,3.31 s
2023-04-18 15:42:25,3.34 s
2023-04-18 15:42:30,3.36 s
2023-04-18 15:42:35,3.27 s
2023-04-18 15:42:40,3.26 s
2023-04-18 15:42:45,3.24 s
2023-04-18 15:42:50,3.11 s
2023-04-18 15:42:55,3.09 s
2023-04-18 15:43:00,3.11 s
2023-04-18 15:43:05,2.90 s
2023-04-18 15:43:10,2.81 s
2023-04-18 15:43:15,2.63 s
2023-04-18 15:43:20,2.26 s
2023-04-18 15:43:25,1.56 s
2023-04-18 15:43:30,977 ms
2023-04-18 15:43:35,794 ms
2023-04-18 15:43:40,745 ms
2023-04-18 15:43:45,741 ms
2023-04-18 15:43:50,743 ms
2023-04-18 15:43:55,688 ms
2023-04-18 15:44:00,725 ms
2023-04-18 15:44:05,648 ms
2023-04-18 15:44:10,642 ms
2023-04-18 15:44:15,627 ms
2023-04-18 15:44:20,683 ms
2023-04-18 15:44:25,704 ms
2023-04-18 15:44:30,697 ms
2023-04-18 15:44:35,701 ms
2023-04-18 15:44:40,707 ms
2023-04-18 15:44:45,693 ms
2023-04-18 15:44:50,713 ms
2023-04-18 15:44:55,629 ms
2023-04-18 15:45:00,665 ms
2023-04-18 15:45:05,662 ms
2023-04-18 15:45:10,673 ms
2023-04-18 15:45:15,672 ms
2023-04-18 15:45:20,665 ms
2023-04-18 15:45:25,662 ms
2023-04-18 15:45:30,734 ms
2023-04-18 15:45:35,818 ms
2023-04-18 15:45:40,807 ms
2023-04-18 15:45:45,877 ms
2023-04-18 15:45:50,875 ms
2023-04-18 15:45:55,849 ms
2023-04-18 15:46:00,813 ms
2023-04-18 15:46:05,875 ms
2023-04-18 15:46:10,882 ms
2023-04-18 15:46:15,831 ms
2023-04-18 15:46:20,852 ms
2023-04-18 15:46:25,939 ms
2023-04-18 15:46:30,924 ms
2023-04-18 15:46:35,958 ms
2023-04-18 15:46:40,965 ms
2023-04-18 15:46:45,1.00 s
2023-04-18 15:46:50,1.04 s
2023-04-18 15:46:55,1.16 s
2023-04-18 15:47:00,1.18 s
2023-04-18 15:47:05,1.19 s
2023-04-18 15:47:10,1.24 s
2023-04-18 15:47:15,1.22 s
2023-04-18 15:47:20,1.10 s
2023-04-18 15:47:25,1.07 s
2023-04-18 15:47:30,1.05 s
2023-04-18 15:47:35,1.04 s
2023-04-18 15:47:40,1.05 s
2023-04-18 15:47:45,996 ms
2023-04-18 15:47:50,966 ms
2023-04-18 15:47:55,892 ms
2023-04-18 15:48:00,841 ms
2023-04-18 15:48:05,829 ms
2023-04-18 15:48:10,827 ms
2023-04-18 15:48:15,839 ms
2023-04-18 15:48:20,842 ms
2023-04-18 15:48:25,845 ms
2023-04-18 15:48:30,825 ms
2023-04-18 15:48:35,771 ms
2023-04-18 15:48:40,809 ms
2023-04-18 15:48:45,705 ms
2023-04-18 15:48:50,691 ms
2023-04-18 15:48:55,729 ms
2023-04-18 15:49:00,776 ms
2023-04-18 15:49:05,730 ms
2023-04-18 15:49:10,727 ms
2023-04-18 15:49:15,737 ms
2023-04-18 15:49:20,685 ms
2023-04-18 15:49:25,644 ms
2023-04-18 15:49:30,612 ms
2023-04-18 15:49:35,612 ms
2023-04-18 15:49:40,724 ms
2023-04-18 15:49:45,752 ms
2023-04-18 15:49:50,748 ms
2023-04-18 15:49:55,687 ms
2023-04-18 15:50:00,681 ms
2023-04-18 15:50:05,745 ms
2023-04-18 15:50:10,730 ms
2023-04-18 15:50:15,728 ms
2023-04-18 15:50:20,694 ms
2023-04-18 15:50:25,678 ms
2023-04-18 15:50:30,655 ms
2023-04-18 15:50:35,546 ms
2023-04-18 15:50:40,515 ms
2023-04-18 15:50:45,514 ms
2023-04-18 15:50:50,511 ms
2023-04-18 15:50:55,550 ms
2023-04-18 15:51:00,520 ms
2023-04-18 15:51:05,526 ms
2023-04-18 15:51:10,579 ms
2023-04-18 15:51:15,582 ms
2023-04-18 15:51:20,704 ms
2023-04-18 15:51:25,755 ms
2023-04-18 15:51:30,790 ms
2023-04-18 15:51:35,832 ms
2023-04-18 15:51:40,846 ms
2023-04-18 15:51:45,883 ms
2023-04-18 15:51:50,871 ms
2023-04-18 15:51:55,884 ms
2023-04-18 15:52:00,907 ms
2023-04-18 15:52:05,905 ms
2023-04-18 15:52:10,900 ms
2023-04-18 15:52:15,821 ms
2023-04-18 15:52:20,811 ms
2023-04-18 15:52:25,793 ms
2023-04-18 15:52:30,748 ms
2023-04-18 15:52:35,683 ms
2023-04-18 15:52:40,679 ms
2023-04-18 15:52:45,655 ms
2023-04-18 15:52:50,580 ms
2023-04-18 15:52:55,578 ms
2023-04-18 15:53:00,568 ms
2023-04-18 15:53:05,642 ms
2023-04-18 15:53:10,629 ms
2023-04-18 15:53:15,607 ms
2023-04-18 15:53:20,629 ms
2023-04-18 15:53:25,642 ms
2023-04-18 15:53:30,713 ms
2023-04-18 15:53:35,743 ms
2023-04-18 15:53:40,747 ms
2023-04-18 15:53:45,794 ms
2023-04-18 15:53:50,784 ms
2023-04-18 15:53:55,746 ms
2023-04-18 15:54:00,728 ms
2023-04-18 15:54:05,760 ms
2023-04-18 15:54:10,806 ms
2023-04-18 15:54:15,847 ms
2023-04-18 15:54:20,896 ms
2023-04-18 15:54:25,823 ms
2023-04-18 15:54:30,749 ms
2023-04-18 15:54:35,778 ms
2023-04-18 15:54:40,804 ms
2023-04-18 15:54:45,785 ms
2023-04-18 15:54:50,777 ms
2023-04-18 15:54:55,762 ms
2023-04-18 15:55:00,749 ms
2023-04-18 15:55:05,708 ms
2023-04-18 15:55:10,681 ms
2023-04-18 15:55:15,710 ms
2023-04-18 15:55:20,720 ms
2023-04-18 15:55:25,720 ms
2023-04-18 15:55:30,772 ms
2023-04-18 15:55:35,772 ms
2023-04-18 15:55:40,891 ms
2023-04-18 15:55:45,923 ms
2023-04-18 15:55:50,949 ms
2023-04-18 15:55:55,965 ms
2023-04-18 15:56:00,990 ms
2023-04-18 15:56:05,963 ms
2023-04-18 15:56:10,904 ms
2023-04-18 15:56:15,921 ms
2023-04-18 15:56:20,925 ms
2023-04-18 15:56:25,871 ms
2023-04-18 15:56:30,852 ms
2023-04-18 15:56:35,725 ms
2023-04-18 15:56:40,708 ms
2023-04-18 15:56:45,639 ms
2023-04-18 15:56:50,651 ms
2023-04-18 15:56:55,670 ms
2023-04-18 15:57:00,668 ms
2023-04-18 15:57:05,644 ms
2023-04-18 15:57:10,655 ms
2023-04-18 15:57:15,671 ms
2023-04-18 15:57:20,725 ms
2023-04-18 15:57:25,708 ms
2023-04-18 15:57:30,725 ms
2023-04-18 15:57:35,735 ms
2023-04-18 15:57:40,743 ms
2023-04-18 15:57:45,721 ms
2023-04-18 15:57:50,741 ms
2023-04-18 15:57:55,712 ms
2023-04-18 15:58:00,766 ms
2023-04-18 15:58:05,789 ms
2023-04-18 15:58:10,821 ms
2023-04-18 15:58:15,757 ms
2023-04-18 15:58:20,768 ms
2023-04-18 15:58:25,766 ms
2023-04-18 15:58:30,780 ms
2023-04-18 15:58:35,796 ms
2023-04-18 15:58:40,823 ms
2023-04-18 15:58:45,774 ms
2023-04-18 15:58:50,760 ms
2023-04-18 15:58:55,766 ms
2023-04-18 15:59:00,720 ms
2023-04-18 15:59:05,671 ms
2023-04-18 15:59:10,677 ms
2023-04-18 15:59:15,641 ms
2023-04-18 15:59:20,690 ms
2023-04-18 15:59:25,694 ms
2023-04-18 15:59:30,742 ms
2023-04-18 15:59:35,757 ms
2023-04-18 15:59:40,738 ms
2023-04-18 15:59:45,761 ms
2023-04-18 15:59:50,760 ms
2023-04-18 15:59:55,751 ms
2023-04-18 16:00:00,734 ms
2023-04-18 16:00:05,726 ms
2023-04-18 16:00:10,804 ms
2023-04-18 16:00:15,804 ms
2023-04-18 16:00:20,807 ms
2023-04-18 16:00:25,771 ms
2023-04-18 16:00:30,731 ms
2023-04-18 16:00:35,736 ms
2023-04-18 16:00:40,808 ms
2023-04-18 16:00:45,809 ms
2023-04-18 16:00:50,847 ms
2023-04-18 16:00:55,851 ms
2023-04-18 16:01:00,853 ms
2023-04-18 16:01:05,819 ms
2023-04-18 16:01:10,775 ms
2023-04-18 16:01:15,762 ms
2023-04-18 16:01:20,823 ms
2023-04-18 16:01:25,839 ms
2023-04-18 16:01:30,839 ms
2023-04-18 16:01:35,752 ms
2023-04-18 16:01:40,748 ms
2023-04-18 16:01:45,737 ms
2023-04-18 16:01:50,753 ms
2023-04-18 16:01:55,775 ms
2023-04-18 16:02:00,774 ms
2023-04-18 16:02:05,772 ms
2023-04-18 16:02:10,810 ms
2023-04-18 16:02:15,847 ms
2023-04-18 16:02:20,879 ms
2023-04-18 16:02:25,937 ms
2023-04-18 16:02:30,989 ms
2023-04-18 16:02:35,1.02 s
2023-04-18 16:02:40,1.08 s
2023-04-18 16:02:45,1.09 s
2023-04-18 16:02:50,1.11 s
2023-04-18 16:02:55,1.10 s
2023-04-18 16:03:00,1.12 s
2023-04-18 16:03:05,1.08 s
2023-04-18 16:03:10,1.05 s
2023-04-18 16:03:15,1.01 s
2023-04-18 16:03:20,954 ms
2023-04-18 16:03:25,918 ms
2023-04-18 16:03:30,907 ms
2023-04-18 16:03:35,842 ms
2023-04-18 16:03:40,840 ms
2023-04-18 16:03:45,804 ms
2023-04-18 16:03:50,803 ms
2023-04-18 16:03:55,787 ms
2023-04-18 16:04:00,780 ms
2023-04-18 16:04:05,764 ms
2023-04-18 16:04:10,754 ms
2023-04-18 16:04:15,770 ms
2023-04-18 16:04:20,780 ms
2023-04-18 16:04:25,782 ms
2023-04-18 16:04:30,773 ms
2023-04-18 16:04:35,740 ms
2023-04-18 16:04:40,729 ms
2023-04-18 16:04:45,706 ms
2023-04-18 16:04:50,705 ms
2023-04-18 16:04:55,691 ms
2023-04-18 16:05:00,679 ms
2023-04-18 16:05:05,713 ms
2023-04-18 16:05:10,753 ms
2023-04-18 16:05:15,769 ms
2023-04-18 16:05:20,715 ms
2023-04-18 16:05:25,742 ms
2023-04-18 16:05:30,839 ms
2023-04-18 16:05:35,844 ms
2023-04-18 16:05:40,839 ms
2023-04-18 16:05:45,846 ms
2023-04-18 16:05:50,885 ms
2023-04-18 16:05:55,920 ms
2023-04-18 16:06:00,897 ms
2023-04-18 16:06:05,832 ms
2023-04-18 16:06:10,823 ms
2023-04-18 16:06:15,818 ms
2023-04-18 16:06:20,868 ms
2023-04-18 16:06:25,796 ms
2023-04-18 16:06:30,791 ms
2023-04-18 16:06:35,819 ms
2023-04-18 16:06:40,788 ms
2023-04-18 16:06:45,750 ms
2023-04-18 16:06:50,702 ms
2023-04-18 16:06:55,673 ms
2023-04-18 16:07:00,703 ms
2023-04-18 16:07:05,685 ms
2023-04-18 16:07:10,731 ms
2023-04-18 16:07:15,681 ms
2023-04-18 16:07:20,710 ms
2023-04-18 16:07:25,747 ms
2023-04-18 16:07:30,769 ms
2023-04-18 16:07:35,795 ms
2023-04-18 16:07:40,784 ms
2023-04-18 16:07:45,746 ms
2023-04-18 16:07:50,818 ms
2023-04-18 16:07:55,780 ms
2023-04-18 16:08:00,820 ms
2023-04-18 16:08:05,921 ms
2023-04-18 16:08:10,947 ms
2023-04-18 16:08:15,1.24 s
2023-04-18 16:08:20,1.73 s
2023-04-18 16:08:25,1.99 s
2023-04-18 16:08:30,2.36 s
2023-04-18 16:08:35,2.58 s
2023-04-18 16:08:40,2.89 s
2023-04-18 16:08:45,3.11 s
2023-04-18 16:08:50,3.26 s
2023-04-18 16:08:55,3.58 s
2023-04-18 16:09:00,3.75 s
2023-04-18 16:09:05,3.86 s
2023-04-18 16:09:10,3.86 s
2023-04-18 16:09:15,3.92 s
2023-04-18 16:09:20,3.88 s
2023-04-18 16:09:25,3.84 s
2023-04-18 16:09:30,3.90 s
2023-04-18 16:09:35,3.80 s
2023-04-18 16:09:40,3.65 s
2023-04-18 16:09:45,3.57 s
2023-04-18 16:09:50,3.32 s
2023-04-18 16:09:55,3.25 s
2023-04-18 16:10:00,3.07 s
2023-04-18 16:10:05,2.93 s
2023-04-18 16:10:10,2.33 s
2023-04-18 16:10:15,1.88 s
2023-04-18 16:10:20,1.34 s
2023-04-18 16:10:25,528 ms
2023-04-18 16:10:30,528 ms
2023-04-18 16:10:35,520 ms
2023-04-18 16:10:40,624 ms
2023-04-18 16:10:45,630 ms
2023-04-18 16:10:50,631 ms
2023-04-18 16:10:55,640 ms
2023-04-18 16:11:00,650 ms
2023-04-18 16:11:05,649 ms
2023-04-18 16:11:10,633 ms
2023-04-18 16:11:15,592 ms
2023-04-18 16:11:20,537 ms
2023-04-18 16:11:25,680 ms
2023-04-18 16:11:30,670 ms
2023-04-18 16:11:35,574 ms
2023-04-18 16:11:40,577 ms
2023-04-18 16:11:45,681 ms
2023-04-18 16:11:50,640 ms
2023-04-18 16:11:55,688 ms
2023-04-18 16:12:00,691 ms
2023-04-18 16:12:05,722 ms
2023-04-18 16:12:10,729 ms
2023-04-18 16:12:15,765 ms
2023-04-18 16:12:20,655 ms
2023-04-18 16:12:25,654 ms
2023-04-18 16:12:30,647 ms
2023-04-18 16:12:35,684 ms
2023-04-18 16:12:40,580 ms
2023-04-18 16:12:45,579 ms
2023-04-18 16:12:50,603 ms
2023-04-18 16:12:55,569 ms
2023-04-18 16:13:00,609 ms
2023-04-18 16:13:05,634 ms
2023-04-18 16:13:10,620 ms
2023-04-18 16:13:15,593 ms
2023-04-18 16:13:20,624 ms
2023-04-18 16:13:25,646 ms
2023-04-18 16:13:30,551 ms
2023-04-18 16:13:35,577 ms
2023-04-18 16:13:40,579 ms
2023-04-18 16:13:45,477 ms
2023-04-18 16:13:50,465 ms
2023-04-18 16:13:55,391 ms
2023-04-18 16:14:00,412 ms
2023-04-18 16:14:05,421 ms
2023-04-18 16:14:10,506 ms
2023-04-18 16:14:15,471 ms
2023-04-18 16:14:20,501 ms
2023-04-18 16:14:25,598 ms
2023-04-18 16:14:30,690 ms
2023-04-18 16:14:35,712 ms
2023-04-18 16:14:40,859 ms
2023-04-18 16:14:45,848 ms
2023-04-18 16:14:50,883 ms
2023-04-18 16:14:55,816 ms
2023-04-18 16:15:00,809 ms
2023-04-18 16:15:05,780 ms
2023-04-18 16:15:10,831 ms
2023-04-18 16:15:15,810 ms
2023-04-18 16:15:20,782 ms
2023-04-18 16:15:25,736 ms
2023-04-18 16:15:30,736 ms
2023-04-18 16:15:35,672 ms
2023-04-18 16:15:40,694 ms
2023-04-18 16:15:45,708 ms
2023-04-18 16:15:50,789 ms
2023-04-18 16:15:55,840 ms
2023-04-18 16:16:00,839 ms
2023-04-18 16:16:05,863 ms
2023-04-18 16:16:10,905 ms
2023-04-18 16:16:15,871 ms
2023-04-18 16:16:20,859 ms
2023-04-18 16:16:25,922 ms
2023-04-18 16:16:30,949 ms
2023-04-18 16:16:35,903 ms
2023-04-18 16:16:40,922 ms
2023-04-18 16:16:45,936 ms
2023-04-18 16:16:50,889 ms
2023-04-18 16:16:55,838 ms
2023-04-18 16:17:00,781 ms
2023-04-18 16:17:05,695 ms
2023-04-18 16:17:10,684 ms
2023-04-18 16:17:15,682 ms
2023-04-18 16:17:20,711 ms
2023-04-18 16:17:25,697 ms
2023-04-18 16:17:30,746 ms
2023-04-18 16:17:35,693 ms
2023-04-18 16:17:40,614 ms
2023-04-18 16:17:45,560 ms
2023-04-18 16:17:50,560 ms
2023-04-18 16:17:55,616 ms
2023-04-18 16:18:00,656 ms
2023-04-18 16:18:05,695 ms
2023-04-18 16:18:10,754 ms
2023-04-18 16:18:15,658 ms
2023-04-18 16:18:20,634 ms
2023-04-18 16:18:25,592 ms
2023-04-18 16:18:30,579 ms
2023-04-18 16:18:35,646 ms
2023-04-18 16:18:40,694 ms
2023-04-18 16:18:45,752 ms
2023-04-18 16:18:50,679 ms
2023-04-18 16:18:55,662 ms
2023-04-18 16:19:00,657 ms
2023-04-18 16:19:05,572 ms
2023-04-18 16:19:10,565 ms
2023-04-18 16:19:15,563 ms
2023-04-18 16:19:20,622 ms
2023-04-18 16:19:25,677 ms
2023-04-18 16:19:30,610 ms
2023-04-18 16:19:35,603 ms
2023-04-18 16:19:40,621 ms
2023-04-18 16:19:45,636 ms
2023-04-18 16:19:50,614 ms
2023-04-18 16:19:55,575 ms
2023-04-18 16:20:00,589 ms
2023-04-18 16:20:05,605 ms
2023-04-18 16:20:10,639 ms
2023-04-18 16:20:15,585 ms
2023-04-18 16:20:20,532 ms
2023-04-18 16:20:25,500 ms
2023-04-18 16:20:30,572 ms
2023-04-18 16:20:35,619 ms
2023-04-18 16:20:40,663 ms
2023-04-18 16:20:45,708 ms
2023-04-18 16:20:50,796 ms
2023-04-18 16:20:55,761 ms
2023-04-18 16:21:00,728 ms
2023-04-18 16:21:05,701 ms
2023-04-18 16:21:10,696 ms
2023-04-18 16:21:15,743 ms
2023-04-18 16:21:20,799 ms
2023-04-18 16:21:25,758 ms
2023-04-18 16:21:30,664 ms
2023-04-18 16:21:35,626 ms
2023-04-18 16:21:40,586 ms
2023-04-18 16:21:45,515 ms
2023-04-18 16:21:50,519 ms
2023-04-18 16:21:55,515 ms
2023-04-18 16:22:00,531 ms
2023-04-18 16:22:05,562 ms
2023-04-18 16:22:10,528 ms
2023-04-18 16:22:15,510 ms
2023-04-18 16:22:20,504 ms
2023-04-18 16:22:25,551 ms
2023-04-18 16:22:30,509 ms
2023-04-18 16:22:35,582 ms
2023-04-18 16:22:40,605 ms
2023-04-18 16:22:45,665 ms
2023-04-18 16:22:50,659 ms
2023-04-18 16:22:55,654 ms
2023-04-18 16:23:00,660 ms
2023-04-18 16:23:05,666 ms
2023-04-18 16:23:10,679 ms
2023-04-18 16:23:15,671 ms
2023-04-18 16:23:20,668 ms
2023-04-18 16:23:25,707 ms
2023-04-18 16:23:30,615 ms
2023-04-18 16:23:35,599 ms
2023-04-18 16:23:40,527 ms
2023-04-18 16:23:45,571 ms
2023-04-18 16:23:50,795 ms
2023-04-18 16:23:55,1.39 s
2023-04-18 16:24:00,2.01 s
2023-04-18 16:24:05,2.38 s
2023-04-18 16:24:10,2.57 s
2023-04-18 16:24:15,2.80 s
2023-04-18 16:24:20,3.02 s
2023-04-18 16:24:25,3.19 s
2023-04-18 16:24:30,3.27 s
2023-04-18 16:24:35,3.38 s
2023-04-18 16:24:40,3.42 s
2023-04-18 16:24:45,3.50 s
2023-04-18 16:24:50,3.58 s
2023-04-18 16:24:55,3.57 s
2023-04-18 16:25:00,3.59 s
2023-04-18 16:25:05,3.58 s
2023-04-18 16:25:10,3.62 s
2023-04-18 16:25:15,3.64 s
2023-04-18 16:25:20,3.58 s
2023-04-18 16:25:25,3.59 s
2023-04-18 16:25:30,3.65 s
2023-04-18 16:25:35,3.65 s
2023-04-18 16:25:40,3.79 s
2023-04-18 16:25:45,3.70 s
2023-04-18 16:25:50,3.59 s
2023-04-18 16:25:55,3.42 s
2023-04-18 16:26:00,3.35 s
2023-04-18 16:26:05,3.13 s
2023-04-18 16:26:10,2.89 s
2023-04-18 16:26:15,2.76 s
2023-04-18 16:26:20,2.49 s
2023-04-18 16:26:25,2.02 s
2023-04-18 16:26:30,1.66 s
2023-04-18 16:26:35,767 ms
2023-04-18 16:26:40,740 ms
2023-04-18 16:26:45,720 ms
2023-04-18 16:26:50,707 ms
2023-04-18 16:26:55,725 ms
2023-04-18 16:27:00,754 ms
2023-04-18 16:27:05,693 ms
2023-04-18 16:27:10,721 ms
2023-04-18 16:27:15,694 ms
2023-04-18 16:27:20,758 ms
2023-04-18 16:27:25,816 ms
2023-04-18 16:27:30,877 ms
2023-04-18 16:27:35,852 ms
2023-04-18 16:27:40,844 ms
2023-04-18 16:27:45,879 ms
2023-04-18 16:27:50,871 ms
2023-04-18 16:27:55,841 ms
2023-04-18 16:28:00,832 ms
2023-04-18 16:28:05,824 ms
2023-04-18 16:28:10,870 ms
2023-04-18 16:28:15,819 ms
2023-04-18 16:28:20,813 ms
2023-04-18 16:28:25,810 ms
2023-04-18 16:28:30,774 ms
2023-04-18 16:28:35,754 ms
2023-04-18 16:28:40,747 ms
2023-04-18 16:28:45,701 ms
2023-04-18 16:28:50,760 ms
2023-04-18 16:28:55,845 ms
2023-04-18 16:29:00,805 ms
2023-04-18 16:29:05,744 ms
2023-04-18 16:29:10,765 ms
2023-04-18 16:29:15,744 ms
2023-04-18 16:29:20,699 ms
2023-04-18 16:29:25,754 ms
2023-04-18 16:29:30,714 ms
2023-04-18 16:29:35,706 ms
2023-04-18 16:29:40,738 ms
2023-04-18 16:29:45,708 ms
2023-04-18 16:29:50,732 ms
2023-04-18 16:29:55,720 ms
2023-04-18 16:30:00,724 ms
2023-04-18 16:30:05,719 ms
2023-04-18 16:30:10,758 ms
2023-04-18 16:30:15,896 ms
2023-04-18 16:30:20,880 ms
2023-04-18 16:30:25,908 ms
2023-04-18 16:30:30,948 ms
2023-04-18 16:30:35,949 ms
2023-04-18 16:30:40,1.17 s
2023-04-18 16:30:45,1.58 s
2023-04-18 16:30:50,1.88 s
2023-04-18 16:30:55,2.16 s
2023-04-18 16:31:00,2.40 s
2023-04-18 16:31:05,2.56 s
2023-04-18 16:31:10,2.76 s
2023-04-18 16:31:15,2.74 s
2023-04-18 16:31:20,2.75 s
2023-04-18 16:31:25,2.69 s
2023-04-18 16:31:30,2.66 s
2023-04-18 16:31:35,2.59 s
2023-04-18 16:31:40,2.42 s
2023-04-18 16:31:45,2.22 s
2023-04-18 16:31:50,1.99 s
2023-04-18 16:31:55,1.76 s
2023-04-18 16:32:00,1.54 s
2023-04-18 16:32:05,1.23 s
2023-04-18 16:32:10,1.35 s
2023-04-18 16:32:15,1.27 s
2023-04-18 16:32:20,1.26 s
2023-04-18 16:32:25,1.21 s
2023-04-18 16:32:30,1.20 s
2023-04-18 16:32:35,1.18 s
2023-04-18 16:32:40,1.21 s
2023-04-18 16:32:45,1.15 s
2023-04-18 16:32:50,1.07 s
2023-04-18 16:32:55,990 ms
2023-04-18 16:33:00,1.05 s
2023-04-18 16:33:05,1.01 s
2023-04-18 16:33:10,1.05 s
2023-04-18 16:33:15,1.06 s
2023-04-18 16:33:20,1.06 s
2023-04-18 16:33:25,1.00 s
2023-04-18 16:33:30,950 ms
2023-04-18 16:33:35,932 ms
2023-04-18 16:33:40,970 ms
2023-04-18 16:33:45,1.01 s
2023-04-18 16:33:50,1.03 s
2023-04-18 16:33:55,871 ms
2023-04-18 16:34:00,764 ms
2023-04-18 16:34:05,794 ms
2023-04-18 16:34:10,776 ms
2023-04-18 16:34:15,783 ms
2023-04-18 16:34:20,805 ms
2023-04-18 16:34:25,805 ms
2023-04-18 16:34:30,843 ms
2023-04-18 16:34:35,821 ms
2023-04-18 16:34:40,764 ms
2023-04-18 16:34:45,685 ms
2023-04-18 16:34:50,658 ms
2023-04-18 16:34:55,653 ms
2023-04-18 16:35:00,587 ms
2023-04-18 16:35:05,588 ms
2023-04-18 16:35:10,569 ms
2023-04-18 16:35:15,594 ms
2023-04-18 16:35:20,530 ms
2023-04-18 16:35:25,554 ms
2023-04-18 16:35:30,559 ms
2023-04-18 16:35:35,596 ms
2023-04-18 16:35:40,643 ms
2023-04-18 16:35:45,741 ms
2023-04-18 16:35:50,779 ms
2023-04-18 16:35:55,797 ms
2023-04-18 16:36:00,797 ms
2023-04-18 16:36:05,844 ms
2023-04-18 16:36:10,805 ms
2023-04-18 16:36:15,855 ms
2023-04-18 16:36:20,889 ms
2023-04-18 16:36:25,888 ms
2023-04-18 16:36:30,866 ms
2023-04-18 16:36:35,833 ms
2023-04-18 16:36:40,800 ms
2023-04-18 16:36:45,822 ms
2023-04-18 16:36:50,814 ms
2023-04-18 16:36:55,789 ms
2023-04-18 16:37:00,760 ms
2023-04-18 16:37:05,808 ms
2023-04-18 16:37:10,873 ms
2023-04-18 16:37:15,810 ms
2023-04-18 16:37:20,862 ms
2023-04-18 16:37:25,877 ms
2023-04-18 16:37:30,915 ms
2023-04-18 16:37:35,885 ms
2023-04-18 16:37:40,825 ms
2023-04-18 16:37:45,810 ms
2023-04-18 16:37:50,820 ms
2023-04-18 16:37:55,822 ms
2023-04-18 16:38:00,782 ms
2023-04-18 16:38:05,645 ms
2023-04-18 16:38:10,645 ms
2023-04-18 16:38:15,588 ms
2023-04-18 16:38:20,647 ms
2023-04-18 16:38:25,677 ms
2023-04-18 16:38:30,626 ms
2023-04-18 16:38:35,618 ms
2023-04-18 16:38:40,625 ms
2023-04-18 16:38:45,601 ms
2023-04-18 16:38:50,591 ms
2023-04-18 16:38:55,577 ms
2023-04-18 16:39:00,595 ms
2023-04-18 16:39:05,575 ms
2023-04-18 16:39:10,617 ms
2023-04-18 16:39:15,582 ms
2023-04-18 16:39:20,544 ms
2023-04-18 16:39:25,558 ms
2023-04-18 16:39:30,557 ms
2023-04-18 16:39:35,601 ms
2023-04-18 16:39:40,590 ms
2023-04-18 16:39:45,614 ms
2023-04-18 16:39:50,603 ms
2023-04-18 16:39:55,587 ms
2023-04-18 16:40:00,564 ms
2023-04-18 16:40:05,531 ms
2023-04-18 16:40:10,607 ms
2023-04-18 16:40:15,665 ms
2023-04-18 16:40:20,717 ms
2023-04-18 16:40:25,741 ms
2023-04-18 16:40:30,702 ms
2023-04-18 16:40:35,812 ms
2023-04-18 16:40:40,839 ms
2023-04-18 16:40:45,851 ms
2023-04-18 16:40:50,874 ms
2023-04-18 16:40:55,898 ms
2023-04-18 16:41:00,922 ms
2023-04-18 16:41:05,820 ms
2023-04-18 16:41:10,806 ms
2023-04-18 16:41:15,792 ms
2023-04-18 16:41:20,768 ms
2023-04-18 16:41:25,768 ms
2023-04-18 16:41:30,673 ms
2023-04-18 16:41:35,663 ms
2023-04-18 16:41:40,685 ms
2023-04-18 16:41:45,685 ms
2023-04-18 16:41:50,650 ms
2023-04-18 16:41:55,583 ms
2023-04-18 16:42:00,620 ms
2023-04-18 16:42:05,584 ms
2023-04-18 16:42:10,525 ms
2023-04-18 16:42:15,506 ms
2023-04-18 16:42:20,504 ms
2023-04-18 16:42:25,496 ms
2023-04-18 16:42:30,432 ms
2023-04-18 16:42:35,371 ms
2023-04-18 16:42:40,369 ms
2023-04-18 16:42:45,395 ms
2023-04-18 16:42:50,452 ms
2023-04-18 16:42:55,392 ms
2023-04-18 16:43:00,347 ms
2023-04-18 16:43:05,345 ms
2023-04-18 16:43:10,410 ms
2023-04-18 16:43:15,421 ms
2023-04-18 16:43:20,532 ms
2023-04-18 16:43:25,573 ms
2023-04-18 16:43:30,580 ms
2023-04-18 16:43:35,561 ms
2023-04-18 16:43:40,598 ms
2023-04-18 16:43:45,594 ms
2023-04-18 16:43:50,599 ms
2023-04-18 16:43:55,587 ms
2023-04-18 16:44:00,581 ms
2023-04-18 16:44:05,555 ms
2023-04-18 16:44:10,549 ms
2023-04-18 16:44:15,454 ms
2023-04-18 16:44:20,428 ms
2023-04-18 16:44:25,429 ms
2023-04-18 16:44:30,416 ms
2023-04-18 16:44:35,349 ms
2023-04-18 16:44:40,409 ms
2023-04-18 16:44:45,449 ms
2023-04-18 16:44:50,573 ms
2023-04-18 16:44:55,596 ms
2023-04-18 16:45:00,558 ms
2023-04-18 16:45:05,504 ms
2023-04-18 16:45:10,517 ms
2023-04-18 16:45:15,503 ms
2023-04-18 16:45:20,503 ms
2023-04-18 16:45:25,576 ms
2023-04-18 16:45:30,641 ms
2023-04-18 16:45:35,570 ms
2023-04-18 16:45:40,533 ms
2023-04-18 16:45:45,475 ms
2023-04-18 16:45:50,457 ms
2023-04-18 16:45:55,476 ms
2023-04-18 16:46:00,488 ms
2023-04-18 16:46:05,476 ms
2023-04-18 16:46:10,558 ms
2023-04-18 16:46:15,582 ms
2023-04-18 16:46:20,514 ms
2023-04-18 16:46:25,419 ms
2023-04-18 16:46:30,382 ms
2023-04-18 16:46:35,373 ms
2023-04-18 16:46:40,305 ms
2023-04-18 16:46:45,319 ms
2023-04-18 16:46:50,292 ms
2023-04-18 16:46:55,288 ms
2023-04-18 16:47:00,278 ms
2023-04-18 16:47:05,177 ms
2023-04-18 16:47:10,148 ms
2023-04-18 16:47:15,254 ms
2023-04-18 16:47:20,288 ms
2023-04-18 16:47:25,376 ms
2023-04-18 16:47:30,382 ms
2023-04-18 16:47:35,373 ms
2023-04-18 16:47:40,400 ms
2023-04-18 16:47:45,475 ms
2023-04-18 16:47:50,493 ms
2023-04-18 16:47:55,506 ms
2023-04-18 16:48:00,519 ms
2023-04-18 16:48:05,516 ms
2023-04-18 16:48:10,457 ms
2023-04-18 16:48:15,424 ms
2023-04-18 16:48:20,359 ms
2023-04-18 16:48:25,413 ms
2023-04-18 16:48:30,422 ms
2023-04-18 16:48:35,448 ms
2023-04-18 16:48:40,439 ms
2023-04-18 16:48:45,415 ms
2023-04-18 16:48:50,412 ms
2023-04-18 16:48:55,440 ms
2023-04-18 16:49:00,445 ms
2023-04-18 16:49:05,489 ms
2023-04-18 16:49:10,504 ms
2023-04-18 16:49:15,575 ms
2023-04-18 16:49:20,555 ms
2023-04-18 16:49:25,560 ms
2023-04-18 16:49:30,550 ms
2023-04-18 16:49:35,530 ms
2023-04-18 16:49:40,565 ms
2023-04-18 16:49:45,552 ms
2023-04-18 16:49:50,581 ms
2023-04-18 16:49:55,631 ms
2023-04-18 16:50:00,589 ms
2023-04-18 16:50:05,582 ms
2023-04-18 16:50:10,498 ms
2023-04-18 16:50:15,623 ms
2023-04-18 16:50:20,694 ms
2023-04-18 16:50:25,681 ms
2023-04-18 16:50:30,668 ms
2023-04-18 16:50:35,698 ms
2023-04-18 16:50:40,708 ms
2023-04-18 16:50:45,657 ms
2023-04-18 16:50:50,660 ms
2023-04-18 16:50:55,652 ms
2023-04-18 16:51:00,687 ms
2023-04-18 16:51:05,699 ms
2023-04-18 16:51:10,572 ms
2023-04-18 16:51:15,540 ms
2023-04-18 16:51:20,526 ms
2023-04-18 16:51:25,587 ms
2023-04-18 16:51:30,539 ms
2023-04-18 16:51:35,540 ms
2023-04-18 16:51:40,532 ms
2023-04-18 16:51:45,462 ms
2023-04-18 16:51:50,502 ms
2023-04-18 16:51:55,451 ms
2023-04-18 16:52:00,471 ms
2023-04-18 16:52:05,492 ms
2023-04-18 16:52:10,490 ms
2023-04-18 16:52:15,509 ms
2023-04-18 16:52:20,477 ms
2023-04-18 16:52:25,608 ms
2023-04-18 16:52:30,637 ms
2023-04-18 16:52:35,707 ms
2023-04-18 16:52:40,750 ms
2023-04-18 16:52:45,770 ms
2023-04-18 16:52:50,807 ms
2023-04-18 16:52:55,792 ms
2023-04-18 16:53:00,765 ms
2023-04-18 16:53:05,785 ms
2023-04-18 16:53:10,798 ms
2023-04-18 16:53:15,797 ms
2023-04-18 16:53:20,712 ms
2023-04-18 16:53:25,680 ms
2023-04-18 16:53:30,699 ms
2023-04-18 16:53:35,674 ms
2023-04-18 16:53:40,643 ms
2023-04-18 16:53:45,613 ms
2023-04-18 16:53:50,634 ms
2023-04-18 16:53:55,629 ms
2023-04-18 16:54:00,605 ms
2023-04-18 16:54:05,599 ms
2023-04-18 16:54:10,572 ms
2023-04-18 16:54:15,595 ms
2023-04-18 16:54:20,613 ms
2023-04-18 16:54:25,669 ms
2023-04-18 16:54:30,715 ms
2023-04-18 16:54:35,711 ms
2023-04-18 16:54:40,714 ms
2023-04-18 16:54:45,690 ms
2023-04-18 16:54:50,711 ms
2023-04-18 16:54:55,675 ms
2023-04-18 16:55:00,728 ms
2023-04-18 16:55:05,759 ms
2023-04-18 16:55:10,830 ms
2023-04-18 16:55:15,910 ms
2023-04-18 16:55:20,797 ms
2023-04-18 16:55:25,746 ms
2023-04-18 16:55:30,772 ms
2023-04-18 16:55:35,1.06 s
2023-04-18 16:55:40,1.52 s
2023-04-18 16:55:45,2.17 s
2023-04-18 16:55:50,2.37 s
2023-04-18 16:55:55,2.74 s
2023-04-18 16:56:00,2.90 s
2023-04-18 16:56:05,3.05 s
2023-04-18 16:56:10,3.15 s
2023-04-18 16:56:15,3.25 s
2023-04-18 16:56:20,3.41 s
2023-04-18 16:56:25,3.53 s
2023-04-18 16:56:30,3.61 s
2023-04-18 16:56:35,3.57 s
2023-04-18 16:56:40,3.40 s
2023-04-18 16:56:45,3.31 s
2023-04-18 16:56:50,3.06 s
2023-04-18 16:56:55,2.92 s
2023-04-18 16:57:00,2.69 s
2023-04-18 16:57:05,2.47 s
2023-04-18 16:57:10,2.18 s
2023-04-18 16:57:15,1.79 s
2023-04-18 16:57:20,1.50 s
2023-04-18 16:57:25,949 ms
2023-04-18 16:57:30,688 ms
2023-04-18 16:57:35,790 ms
2023-04-18 16:57:40,813 ms
2023-04-18 16:57:45,769 ms
2023-04-18 16:57:50,719 ms
2023-04-18 16:57:55,751 ms
2023-04-18 16:58:00,767 ms
2023-04-18 16:58:05,806 ms
2023-04-18 16:58:10,801 ms
2023-04-18 16:58:15,846 ms
2023-04-18 16:58:20,852 ms
2023-04-18 16:58:25,869 ms
2023-04-18 16:58:30,751 ms
2023-04-18 16:58:35,734 ms
2023-04-18 16:58:40,809 ms
2023-04-18 16:58:45,791 ms
2023-04-18 16:58:50,779 ms
2023-04-18 16:58:55,762 ms
2023-04-18 16:59:00,743 ms
2023-04-18 16:59:05,757 ms
2023-04-18 16:59:10,752 ms

