{
  "Small Search Product - CPU - L | MEM - L" : {
    "transaction" : "Small Search Product - CPU - L | MEM - L",
    "sampleCount" : 5066,
    "errorCount" : 642,
    "errorPct" : 12.67272,
    "meanResTime" : 1201.7035136202142,
    "medianResTime" : 511.0,
    "minResTime" : 204.0,
    "maxResTime" : 4188.0,
    "pct1ResTime" : 3211.0,
    "pct2ResTime" : 3237.0,
    "pct3ResTime" : 3297.33,
    "throughput" : 0.4624187971689308,
    "receivedKBytesPerSec" : 6.140824328824126,
    "sentKBytesPerSec" : 0.08073705919946415
  },
  "Total" : {
    "transaction" : "Total",
    "sampleCount" : 15040,
    "errorCount" : 2496,
    "errorPct" : 16.595745,
    "meanResTime" : 2449.128922872358,
    "medianResTime" : 2062.5,
    "minResTime" : 204.0,
    "maxResTime" : 17864.0,
    "pct1ResTime" : 4101.0,
    "pct2ResTime" : 6288.849999999997,
    "pct3ResTime" : 11352.260000000002,
    "throughput" : 1.3726792115308704,
    "receivedKBytesPerSec" : 1740.5924353048486,
    "sentKBytesPerSec" : 0.3053710694622228
  },
  "Update Product - CPU - H | MEM - L" : {
    "transaction" : "Update Product - CPU - H | MEM - L",
    "sampleCount" : 4927,
    "errorCount" : 670,
    "errorPct" : 13.598538,
    "meanResTime" : 3697.167850619027,
    "medianResTime" : 3124.0,
    "minResTime" : 508.0,
    "maxResTime" : 17864.0,
    "pct1ResTime" : 7800.399999999999,
    "pct2ResTime" : 10232.399999999998,
    "pct3ResTime" : 13468.720000000001,
    "throughput" : 0.4498177494048611,
    "receivedKBytesPerSec" : 58.85206313279871,
    "sentKBytesPerSec" : 0.14298597686090753
  },
  "Large Search Product - CPU - L | MEM - H" : {
    "transaction" : "Large Search Product - CPU - L | MEM - H",
    "sampleCount" : 5047,
    "errorCount" : 1184,
    "errorPct" : 23.45948,
    "meanResTime" : 2482.8854765207043,
    "medianResTime" : 2079.0,
    "minResTime" : 775.0,
    "maxResTime" : 12645.0,
    "pct1ResTime" : 3696.2,
    "pct2ResTime" : 4402.199999999999,
    "pct3ResTime" : 6343.119999999997,
    "throughput" : 0.4606818913497231,
    "receivedKBytesPerSec" : 1675.7981021783844,
    "sentKBytesPerSec" : 0.08170964388523061
  }
}